Workbook

Sheet C111
A1: Grupo | B1: C111
C3: Lunes | D3: Martes | E3: Miércoles | F3: Jueves | G3: Viernes | I3: Asignaturas | J3: Frec | K3: Faltan | L3: Asignadas | N3: Aulas
B4: 1er Turno | C4: L-C | D4: Pro-C | E4: AM1-CP | F4: F-CP | I4: Pro-C | J4: 1 | K4: =J4-L4 -> 0 | L4: =COUNTIF($C$4:$G$17,I4) -> 1 | N4: 1
C5: 6 | D5: 6 | E5: 6 | F5: 6 | I5: Pro-CP | J5: 2 | K5: =J5-L5 -> 0 | L5: =COUNTIF($C$4:$G$17,I5) -> 2 | N5: 2
B6: 2do Turno | C6: AM1-C | D6: F-C | E6: EF | F6: Pro-CP | I6: A1-C | J6: 2 | K6: =J6-L6 -> 0 | L6: =COUNTIF($C$4:$G$17,I6) -> 2 | N6: 3
C7: 1 | D7: 1 | E7: SEDER | F7: 6 | I7: A1-CP | J7: 1 | K7: =J7-L7 -> 0 | L7: =COUNTIF($C$4:$G$17,I7) -> 1 | N7: 4
B8: 3er Turno | C8: A1-C | D8: A1-C | E8: L-CP | F8: A1-CP | G8: Pro-CP | I8: AM1-C | J8: 1 | K8: =J8-L8 -> 0 | L8: =COUNTIF($C$4:$G$17,I8) -> 1 | N8: 5
C9: 6 | D9: 6 | E9: 6 | F9: 6 | G9: 5 | I9: AM1-CP | J9: 1 | K9: =J9-L9 -> 0 | L9: =COUNTIF($C$4:$G$17,I9) -> 1 | N9: 6
I10: L-C | J10: 1 | K10: =J10-L10 -> 0 | L10: =COUNTIF($C$4:$G$17,I10) -> 1 | N10: 7
I11: L-CP | J11: 1 | K11: =J11-L11 -> 0 | L11: =COUNTIF($C$4:$G$17,I11) -> 1 | N11: 8
B12: 4to Turno | I12: F-C | J12: 1 | K12: =J12-L12 -> 0 | L12: =COUNTIF($C$4:$G$17,I12) -> 1 | N12: 9
I13: F-CP | J13: 1 | K13: =J13-L13 -> 0 | L13: =COUNTIF($C$4:$G$17,I13) -> 1 | N13: Lab
B14: 5to Turno | I14: EF | J14: 1 | K14: =J14-L14 -> 0 | L14: =COUNTIF($C$4:$G$17,I14) -> 1
B16: 6to Turno
I17: Resaltar | J17: Pro-CP

Sheet C112
A1: Grupo | B1: C112
C3: Lunes | D3: Martes | E3: Miércoles | F3: Jueves | G3: Viernes | I3: Asignaturas | J3: Frec | K3: Faltan | L3: Asignadas | N3: Aulas
B4: 1er Turno | C4: L-C | D4: Pro-C | E4: AM1-CP | F4: F-CP | I4: Pro-C | J4: 1 | K4: =J4-L4 -> 0 | L4: =COUNTIF($C$4:$G$17,I4) -> 1 | N4: 1
C5: 6 | D5: 2 | E5: 5 | F5: 5 | I5: Pro-CP | J5: 2 | K5: =J5-L5 -> 0 | L5: =COUNTIF($C$4:$G$17,I5) -> 2 | N5: 2
B6: 2do Turno | C6: AM1-C | D6: F-C | E6: EF | F6: Pro-CP | G6: Pro-CP | I6: A1-C | J6: 2 | K6: =J6-L6 -> 0 | L6: =COUNTIF($C$4:$G$17,I6) -> 2 | N6: 3
C7: 5 | D7: 6 | E7: SEDER | F7: 5 | G7: Lab | I7: A1-CP | J7: 1 | K7: =J7-L7 -> 0 | L7: =COUNTIF($C$4:$G$17,I7) -> 1 | N7: 4
B8: 3er Turno | C8: A1-C | D8: A1-C | E8: L-CP | F8: A1-CP | I8: AM1-C | J8: 1 | K8: =J8-L8 -> 0 | L8: =COUNTIF($C$4:$G$17,I8) -> 1 | N8: 5
C9: 8 | D9: 6 | E9: 2 | F9: 5 | I9: AM1-CP | J9: 1 | K9: =J9-L9 -> 0 | L9: =COUNTIF($C$4:$G$17,I9) -> 1 | N9: 6
I10: L-C | J10: 1 | K10: =J10-L10 -> 0 | L10: =COUNTIF($C$4:$G$17,I10) -> 1 | N10: 7
I11: L-CP | J11: 1 | K11: =J11-L11 -> 0 | L11: =COUNTIF($C$4:$G$17,I11) -> 1 | N11: 8
B12: 4to Turno | I12: F-C | J12: 1 | K12: =J12-L12 -> 0 | L12: =COUNTIF($C$4:$G$17,I12) -> 1 | N12: 9
I13: F-CP | J13: 1 | K13: =J13-L13 -> 0 | L13: =COUNTIF($C$4:$G$17,I13) -> 1 | N13: Lab
B14: 5to Turno | I14: EF | J14: 1 | K14: =J14-L14 -> 0 | L14: =COUNTIF($C$4:$G$17,I14) -> 1
B16: 6to Turno
I17: Resaltar

Sheet C113
A1: Grupo | B1: C113
C3: Lunes | D3: Martes | E3: Miércoles | F3: Jueves | G3: Viernes | I3: Asignaturas | J3: Frec | K3: Faltan | L3: Asignadas | N3: Aulas
B4: 1er Turno | C4: L-C | D4: Pro-C | E4: AM1-CP | F4: F-CP | I4: Pro-C | J4: 1 | K4: =J4-L4 -> 0 | L4: =COUNTIF($C$4:$G$17,I4) -> 1 | N4: 1
C5: Lab | D5: 7 | E5: 8 | F5: 1 | I5: Pro-CP | J5: 2 | K5: =J5-L5 -> 0 | L5: =COUNTIF($C$4:$G$17,I5) -> 2 | N5: 2
B6: 2do Turno | C6: AM1-C | D6: F-C | E6: EF | F6: Pro-CP | I6: A1-C | J6: 2 | K6: =J6-L6 -> 0 | L6: =COUNTIF($C$4:$G$17,I6) -> 2 | N6: 3
C7: 6 | D7: 6 | E7: SEDER | F7: 1 | I7: A1-CP | J7: 1 | K7: =J7-L7 -> 0 | L7: =COUNTIF($C$4:$G$17,I7) -> 1 | N7: 4
B8: 3er Turno | C8: A1-C | D8: A1-C | E8: L-CP | F8: A1-CP | G8: Pro-CP | I8: AM1-C | J8: 1 | K8: =J8-L8 -> 0 | L8: =COUNTIF($C$4:$G$17,I8) -> 1 | N8: 5
C9: 6 | D9: 6 | E9: 5 | F9: 1 | G9: Lab | I9: AM1-CP | J9: 1 | K9: =J9-L9 -> 0 | L9: =COUNTIF($C$4:$G$17,I9) -> 1 | N9: 6
I10: L-C | J10: 1 | K10: =J10-L10 -> 0 | L10: =COUNTIF($C$4:$G$17,I10) -> 1 | N10: 7
I11: L-CP | J11: 1 | K11: =J11-L11 -> 0 | L11: =COUNTIF($C$4:$G$17,I11) -> 1 | N11: 8
B12: 4to Turno | I12: F-C | J12: 1 | K12: =J12-L12 -> 0 | L12: =COUNTIF($C$4:$G$17,I12) -> 1 | N12: 9
I13: F-CP | J13: 1 | K13: =J13-L13 -> 0 | L13: =COUNTIF($C$4:$G$17,I13) -> 1 | N13: Lab
B14: 5to Turno | I14: EF | J14: 1 | K14: =J14-L14 -> 0 | L14: =COUNTIF($C$4:$G$17,I14) -> 1
B16: 6to Turno
I17: Resaltar

Sheet Aulas
C2: 1 | D2: 2 | E2: 3 | F2: 4 | G2: 5 | H2: 6 | I2: 7 | J2: 8 | K2: 9 | L2: Lab
B3: Lunes | C3: Aula 1 | D3: Aula 2 | E3: Aula 3 | F3: Aula 4 | G3: Aula 5 | H3: Aula 6 | I3: Aula 7 | J3: Aula 8 | K3: Aula 9 | L3: Lab
B4: 1ro | C4: =SUBSTITUTE(TRIM(_xlfn.CONCAT(IF(C111!$C$5=C$2,C111!$B$1 & " ", ""), IF(C112!$C$5=C$2,C112!$B$1 & " ", ""), IF(C113!$C$5=C$2,C113!$B$1 & " ", ""))), " ", ",") | D4: =SUBSTITUTE(TRIM(_xlfn.CONCAT(IF(C111!$C$5=D$2,C111!$B$1 & " ", ""), IF(C112!$C$5=D$2,C112!$B$1 & " ", ""), IF(C113!$C$5=D$2,C113!$B$1 & " ", ""))), " ", ",") | E4: =SUBSTITUTE(TRIM(_xlfn.CONCAT(IF(C111!$C$5=E$2,C111!$B$1 & " ", ""), IF(C112!$C$5=E$2,C112!$B$1 & " ", ""), IF(C113!$C$5=E$2,C113!$B$1 & " ", ""))), " ", ",") | F4: =SUBSTITUTE(TRIM(_xlfn.CONCAT(IF(C111!$C$5=F$2,C111!$B$1 & " ", ""), IF(C112!$C$5=F$2,C112!$B$1 & " ", ""), IF(C113!$C$5=F$2,C113!$B$1 & " ", ""))), " ", ",") | G4: =SUBSTITUTE(TRIM(_xlfn.CONCAT(IF(C111!$C$5=G$2,C111!$B$1 & " ", ""), IF(C112!$C$5=G$2,C112!$B$1 & " ", ""), IF(C113!$C$5=G$2,C113!$B$1 & " ", ""))), " ", ",") | H4: =SUBSTITUTE(TRIM(_xlfn.CONCAT(IF(C111!$C$5=H$2,C111!$B$1 & " ", ""), IF(C112!$C$5=H$2,C112!$B$1 & " ", ""), IF(C113!$C$5=H$2,C113!$B$1 & " ", ""))), " ", ",") -> C111,C112 | I4: =SUBSTITUTE(TRIM(_xlfn.CONCAT(IF(C111!$C$5=I$2,C111!$B$1 & " ", ""), IF(C112!$C$5=I$2,C112!$B$1 & " ", ""), IF(C113!$C$5=I$2,C113!$B$1 & " ", ""))), " ", ",") | J4: =SUBSTITUTE(TRIM(_xlfn.CONCAT(IF(C111!$C$5=J$2,C111!$B$1 & " ", ""), IF(C112!$C$5=J$2,C112!$B$1 & " ", ""), IF(C113!$C$5=J$2,C113!$B$1 & " ", ""))), " ", ",") | ... L4: =SUBSTITUTE(TRIM(_xlfn.CONCAT(IF(C111!$C$5=L$2,C111!$B$1 & " ", ""), IF(C112!$C$5=L$2,C112!$B$1 & " ", ""), IF(C113!$C$5=L$2,C113!$B$1 & " ", ""))), " ", ",") -> C113
B5: 2do | C5: =SUBSTITUTE(TRIM(_xlfn.CONCAT(IF(C111!$C$9=C$2,C111!$B$1 & " ", ""), IF(C112!$C$9=C$2,C112!$B$1 & " ", ""), IF(C113!$C$9=C$2,C113!$B$1 & " ", ""))), " ", ",") | D5: =SUBSTITUTE(TRIM(_xlfn.CONCAT(IF(C111!$C$7=D$2,C111!$B$1 & " ", ""), IF(C112!$C$7=D$2,C112!$B$1 & " ", ""), IF(C113!$C$7=D$2,C113!$B$1 & " ", ""))), " ", ",") | E5: =SUBSTITUTE(TRIM(_xlfn.CONCAT(IF(C111!$C$7=E$2,C111!$B$1 & " ", ""), IF(C112!$C$7=E$2,C112!$B$1 & " ", ""), IF(C113!$C$7=E$2,C113!$B$1 & " ", ""))), " ", ",") | F5: =SUBSTITUTE(TRIM(_xlfn.CONCAT(IF(C111!$C$7=F$2,C111!$B$1 & " ", ""), IF(C112!$C$7=F$2,C112!$B$1 & " ", ""), IF(C113!$C$7=F$2,C113!$B$1 & " ", ""))), " ", ",") | G5: =SUBSTITUTE(TRIM(_xlfn.CONCAT(IF(C111!$C$7=G$2,C111!$B$1 & " ", ""), IF(C112!$C$7=G$2,C112!$B$1 & " ", ""), IF(C113!$C$7=G$2,C113!$B$1 & " ", ""))), " ", ",") -> C112 | H5: =SUBSTITUTE(TRIM(_xlfn.CONCAT(IF(C111!$C$7=H$2,C111!$B$1 & " ", ""), IF(C112!$C$7=H$2,C112!$B$1 & " ", ""), IF(C113!$C$7=H$2,C113!$B$1 & " ", ""))), " ", ",") -> C113 | I5: =SUBSTITUTE(TRIM(_xlfn.CONCAT(IF(C111!$C$7=I$2,C111!$B$1 & " ", ""), IF(C112!$C$7=I$2,C112!$B$1 & " ", ""), IF(C113!$C$7=I$2,C113!$B$1 & " ", ""))), " ", ",") | J5: =SUBSTITUTE(TRIM(_xlfn.CONCAT(IF(C111!$C$7=J$2,C111!$B$1 & " ", ""), IF(C112!$C$7=J$2,C112!$B$1 & " ", ""), IF(C113!$C$7=J$2,C113!$B$1 & " ", ""))), " ", ",") | K5: =SUBSTITUTE(TRIM(_xlfn.CONCAT(IF(C111!$C$7=K$2,C111!$B$1 & " ", ""), IF(C112!$C$7=K$2,C112!$B$1 & " ", ""), IF(C113!$C$7=K$2,C113!$B$1 & " ", ""))), " ", ",") | L5: =SUBSTITUTE(TRIM(_xlfn.CONCAT(IF(C111!$C$7=L$2,C111!$B$1 & " ", ""), IF(C112!$C$7=L$2,C112!$B$1 & " ", ""), IF(C113!$C$7=L$2,C113!$B$1 & " ", ""))), " ", ",")
B6: 3ro | C6: =SUBSTITUTE(TRIM(_xlfn.CONCAT(IF(C111!$C$9=C$2,C111!$B$1 & " ", ""), IF(C112!$C$9=C$2,C112!$B$1 & " ", ""), IF(C113!$C$9=C$2,C113!$B$1 & " ", ""))), " ", ",") | D6: =SUBSTITUTE(TRIM(_xlfn.CONCAT(IF(C111!$C$9=D$2,C111!$B$1 & " ", ""), IF(C112!$C$9=D$2,C112!$B$1 & " ", ""), IF(C113!$C$9=D$2,C113!$B$1 & " ", ""))), " ", ",") | E6: =SUBSTITUTE(TRIM(_xlfn.CONCAT(IF(C111!$C$9=E$2,C111!$B$1 & " ", ""), IF(C112!$C$9=E$2,C112!$B$1 & " ", ""), IF(C113!$C$9=E$2,C113!$B$1 & " ", ""))), " ", ",") | F6: =SUBSTITUTE(TRIM(_xlfn.CONCAT(IF(C111!$C$9=F$2,C111!$B$1 & " ", ""), IF(C112!$C$9=F$2,C112!$B$1 & " ", ""), IF(C113!$C$9=F$2,C113!$B$1 & " ", ""))), " ", ",") | G6: =SUBSTITUTE(TRIM(_xlfn.CONCAT(IF(C111!$C$9=G$2,C111!$B$1 & " ", ""), IF(C112!$C$9=G$2,C112!$B$1 & " ", ""), IF(C113!$C$9=G$2,C113!$B$1 & " ", ""))), " ", ",") | H6: =SUBSTITUTE(TRIM(_xlfn.CONCAT(IF(C111!$C$9=H$2,C111!$B$1 & " ", ""), IF(C112!$C$9=H$2,C112!$B$1 & " ", ""), IF(C113!$C$9=H$2,C113!$B$1 & " ", ""))), " ", ",") -> C111,C113 | I6: =SUBSTITUTE(TRIM(_xlfn.CONCAT(IF(C111!$C$9=I$2,C111!$B$1 & " ", ""), IF(C112!$C$9=I$2,C112!$B$1 & " ", ""), IF(C113!$C$9=I$2,C113!$B$1 & " ", ""))), " ", ",") | J6: =SUBSTITUTE(TRIM(_xlfn.CONCAT(IF(C111!$C$9=J$2,C111!$B$1 & " ", ""), IF(C112!$C$9=J$2,C112!$B$1 & " ", ""), IF(C113!$C$9=J$2,C113!$B$1 & " ", ""))), " ", ",") -> C112 | ... L6: =SUBSTITUTE(TRIM(_xlfn.CONCAT(IF(C111!$C$9=L$2,C111!$B$1 & " ", ""), IF(C112!$C$9=L$2,C112!$B$1 & " ", ""), IF(C113!$C$9=L$2,C113!$B$1 & " ", ""))), " ", ",")
B7: 4to
B8: 5to
B9: 6to
B11: Martes | C11: Aula 1 | D11: Aula 2 | E11: Aula 3 | F11: Aula 4 | G11: Aula 5 | H11: Aula 6 | I11: Aula 7 | J11: Aula 8 | K11: Aula 9 | L11: Lab
B12: 1ro | C12: =SUBSTITUTE(TRIM(_xlfn.CONCAT(IF(C111!$D5=C$2,C111!$B$1 & " ", ""), IF(C112!$D5=C$2,C112!$B$1 & " ", ""), IF(C113!$D5=C$2,C113!$B$1 & " ", ""))), " ", ",") | D12: =SUBSTITUTE(TRIM(_xlfn.CONCAT(IF(C111!$D5=D$2,C111!$B1 & " ", ""), IF(C112!$D5=D$2,C112!$B1 & " ", ""), IF(C113!$D5=D$2,C113!$B1 & " ", ""))), " ", ",") -> C112 | E12: =SUBSTITUTE(TRIM(_xlfn.CONCAT(IF(C111!$D5=E$2,C111!$B1 & " ", ""), IF(C112!$D5=E$2,C112!$B1 & " ", ""), IF(C113!$D5=E$2,C113!$B1 & " ", ""))), " ", ",") | F12: =SUBSTITUTE(TRIM(_xlfn.CONCAT(IF(C111!$D5=F$2,C111!$B1 & " ", ""), IF(C112!$D5=F$2,C112!$B1 & " ", ""), IF(C113!$D5=F$2,C113!$B1 & " ", ""))), " ", ",") | G12: =SUBSTITUTE(TRIM(_xlfn.CONCAT(IF(C111!$D5=G$2,C111!$B1 & " ", ""), IF(C112!$D5=G$2,C112!$B1 & " ", ""), IF(C113!$D5=G$2,C113!$B1 & " ", ""))), " ", ",") | H12: =SUBSTITUTE(TRIM(_xlfn.CONCAT(IF(C111!$D5=H$2,C111!$B1 & " ", ""), IF(C112!$D5=H$2,C112!$B1 & " ", ""), IF(C113!$D5=H$2,C113!$B1 & " ", ""))), " ", ",") -> C111 | I12: =SUBSTITUTE(TRIM(_xlfn.CONCAT(IF(C111!$D5=I$2,C111!$B1 & " ", ""), IF(C112!$D5=I$2,C112!$B1 & " ", ""), IF(C113!$D5=I$2,C113!$B1 & " ", ""))), " ", ",") -> C113 | J12: =SUBSTITUTE(TRIM(_xlfn.CONCAT(IF(C111!$D5=J$2,C111!$B1 & " ", ""), IF(C112!$D5=J$2,C112!$B1 & " ", ""), IF(C113!$D5=J$2,C113!$B1 & " ", ""))), " ", ",") | K12: =SUBSTITUTE(TRIM(_xlfn.CONCAT(IF(C111!$D5=K$2,C111!$B1 & " ", ""), IF(C112!$D5=K$2,C112!$B1 & " ", ""), IF(C113!$D5=K$2,C113!$B1 & " ", ""))), " ", ",") | L12: =SUBSTITUTE(TRIM(_xlfn.CONCAT(IF(C111!$D5=L$2,C111!$B1 & " ", ""), IF(C112!$D5=L$2,C112!$B1 & " ", ""), IF(C113!$D5=L$2,C113!$B1 & " ", ""))), " ", ",")
B13: 2do | C13: =SUBSTITUTE(TRIM(_xlfn.CONCAT(IF(C111!$D7=C$2,C111!$B$1 & " ", ""), IF(C112!$D7=C$2,C112!$B$1 & " ", ""), IF(C113!$D7=C$2,C113!$B$1 & " ", ""))), " ", ",") -> C111 | D13: =SUBSTITUTE(TRIM(_xlfn.CONCAT(IF(C111!$D7=D$2,C111!$B$1 & " ", ""), IF(C112!$D7=D$2,C112!$B$1 & " ", ""), IF(C113!$D7=D$2,C113!$B$1 & " ", ""))), " ", ",") | E13: =SUBSTITUTE(TRIM(_xlfn.CONCAT(IF(C111!$D7=E$2,C111!$B$1 & " ", ""), IF(C112!$D7=E$2,C112!$B$1 & " ", ""), IF(C113!$D7=E$2,C113!$B$1 & " ", ""))), " ", ",") | F13: =SUBSTITUTE(TRIM(_xlfn.CONCAT(IF(C111!$D7=F$2,C111!$B$1 & " ", ""), IF(C112!$D7=F$2,C112!$B$1 & " ", ""), IF(C113!$D7=F$2,C113!$B$1 & " ", ""))), " ", ",") | G13: =SUBSTITUTE(TRIM(_xlfn.CONCAT(IF(C111!$D7=G$2,C111!$B$1 & " ", ""), IF(C112!$D7=G$2,C112!$B$1 & " ", ""), IF(C113!$D7=G$2,C113!$B$1 & " ", ""))), " ", ",") | H13: =SUBSTITUTE(TRIM(_xlfn.CONCAT(IF(C111!$D7=H$2,C111!$B$1 & " ", ""), IF(C112!$D7=H$2,C112!$B$1 & " ", ""), IF(C113!$D7=H$2,C113!$B$1 & " ", ""))), " ", ",") -> C112,C113 | I13: =SUBSTITUTE(TRIM(_xlfn.CONCAT(IF(C111!$D7=I$2,C111!$B$1 & " ", ""), IF(C112!$D7=I$2,C112!$B$1 & " ", ""), IF(C113!$D7=I$2,C113!$B$1 & " ", ""))), " ", ",") | J13: =SUBSTITUTE(TRIM(_xlfn.CONCAT(IF(C111!$D7=J$2,C111!$B$1 & " ", ""), IF(C112!$D7=J$2,C112!$B$1 & " ", ""), IF(C113!$D7=J$2,C113!$B$1 & " ", ""))), " ", ",") | ... L13: =SUBSTITUTE(TRIM(_xlfn.CONCAT(IF(C111!$D7=L$2,C111!$B$1 & " ", ""), IF(C112!$D7=L$2,C112!$B$1 & " ", ""), IF(C113!$D7=L$2,C113!$B$1 & " ", ""))), " ", ",")
B14: 3ro | C14: =SUBSTITUTE(TRIM(_xlfn.CONCAT(IF(C111!$D9=C$2,C111!$B$1 & " ", ""), IF(C112!$D9=C$2,C112!$B$1 & " ", ""), IF(C113!$D9=C$2,C113!$B$1 & " ", ""))), " ", ",") | D14: =SUBSTITUTE(TRIM(_xlfn.CONCAT(IF(C111!$D9=D$2,C111!$B$1 & " ", ""), IF(C112!$D9=D$2,C112!$B$1 & " ", ""), IF(C113!$D9=D$2,C113!$B$1 & " ", ""))), " ", ",") | E14: =SUBSTITUTE(TRIM(_xlfn.CONCAT(IF(C111!$D9=E$2,C111!$B$1 & " ", ""), IF(C112!$D9=E$2,C112!$B$1 & " ", ""), IF(C113!$D9=E$2,C113!$B$1 & " ", ""))), " ", ",") | F14: =SUBSTITUTE(TRIM(_xlfn.CONCAT(IF(C111!$D9=F$2,C111!$B$1 & " ", ""), IF(C112!$D9=F$2,C112!$B$1 & " ", ""), IF(C113!$D9=F$2,C113!$B$1 & " ", ""))), " ", ",") | G14: =SUBSTITUTE(TRIM(_xlfn.CONCAT(IF(C111!$D9=G$2,C111!$B$1 & " ", ""), IF(C112!$D9=G$2,C112!$B$1 & " ", ""), IF(C113!$D9=G$2,C113!$B$1 & " ", ""))), " ", ",") | H14: =SUBSTITUTE(TRIM(_xlfn.CONCAT(IF(C111!$D9=H$2,C111!$B$1 & " ", ""), IF(C112!$D9=H$2,C112!$B$1 & " ", ""), IF(C113!$D9=H$2,C113!$B$1 & " ", ""))), " ", ",") -> C111,C112,C113 | I14: =SUBSTITUTE(TRIM(_xlfn.CONCAT(IF(C111!$D9=I$2,C111!$B$1 & " ", ""), IF(C112!$D9=I$2,C112!$B$1 & " ", ""), IF(C113!$D9=I$2,C113!$B$1 & " ", ""))), " ", ",") | J14: =SUBSTITUTE(TRIM(_xlfn.CONCAT(IF(C111!$D9=J$2,C111!$B$1 & " ", ""), IF(C112!$D9=J$2,C112!$B$1 & " ", ""), IF(C113!$D9=J$2,C113!$B$1 & " ", ""))), " ", ",") | ... L14: =SUBSTITUTE(TRIM(_xlfn.CONCAT(IF(C111!$D9=L$2,C111!$B$1 & " ", ""), IF(C112!$D9=L$2,C112!$B$1 & " ", ""), IF(C113!$D9=L$2,C113!$B$1 & " ", ""))), " ", ",")
B15: 4to
B16: 5to
B17: 6to
B19: Miércoles | C19: Aula 1 | D19: Aula 2 | E19: Aula 3 | F19: Aula 4 | G19: Aula 5 | H19: Aula 6 | I19: Aula 7 | J19: Aula 8 | K19: Aula 9 | L19: Lab
B20: 1ro | C20: =SUBSTITUTE(TRIM(_xlfn.CONCAT(IF(C111!$E5=C$2,C111!$B$1 & " ", ""), IF(C112!$E5=C$2,C112!$B$1 & " ", ""), IF(C113!$E5=C$2,C113!$B$1 & " ", ""))), " ", ",") | D20: =SUBSTITUTE(TRIM(_xlfn.CONCAT(IF(C111!$E5=D$2,C111!$B$1 & " ", ""), IF(C112!$E5=D$2,C112!$B$1 & " ", ""), IF(C113!$E5=D$2,C113!$B$1 & " ", ""))), " ", ",") | E20: =SUBSTITUTE(TRIM(_xlfn.CONCAT(IF(C111!$E5=E$2,C111!$B$1 & " ", ""), IF(C112!$E5=E$2,C112!$B$1 & " ", ""), IF(C113!$E5=E$2,C113!$B$1 & " ", ""))), " ", ",") | F20: =SUBSTITUTE(TRIM(_xlfn.CONCAT(IF(C111!$E5=F$2,C111!$B$1 & " ", ""), IF(C112!$E5=F$2,C112!$B$1 & " ", ""), IF(C113!$E5=F$2,C113!$B$1 & " ", ""))), " ", ",") | G20: =SUBSTITUTE(TRIM(_xlfn.CONCAT(IF(C111!$E5=G$2,C111!$B$1 & " ", ""), IF(C112!$E5=G$2,C112!$B$1 & " ", ""), IF(C113!$E5=G$2,C113!$B$1 & " ", ""))), " ", ",") -> C112 | H20: =SUBSTITUTE(TRIM(_xlfn.CONCAT(IF(C111!$E5=H$2,C111!$B$1 & " ", ""), IF(C112!$E5=H$2,C112!$B$1 & " ", ""), IF(C113!$E5=H$2,C113!$B$1 & " ", ""))), " ", ",") -> C111 | I20: =SUBSTITUTE(TRIM(_xlfn.CONCAT(IF(C111!$E5=I$2,C111!$B$1 & " ", ""), IF(C112!$E5=I$2,C112!$B$1 & " ", ""), IF(C113!$E5=I$2,C113!$B$1 & " ", ""))), " ", ",") | J20: =SUBSTITUTE(TRIM(_xlfn.CONCAT(IF(C111!$E5=J$2,C111!$B$1 & " ", ""), IF(C112!$E5=J$2,C112!$B$1 & " ", ""), IF(C113!$E5=J$2,C113!$B$1 & " ", ""))), " ", ",") -> C113 | ... L20: =SUBSTITUTE(TRIM(_xlfn.CONCAT(IF(C111!$E5=L$2,C111!$B$1 & " ", ""), IF(C112!$E5=L$2,C112!$B$1 & " ", ""), IF(C113!$E5=L$2,C113!$B$1 & " ", ""))), " ", ",")
B21: 2do | C21: =SUBSTITUTE(TRIM(_xlfn.CONCAT(IF(C111!$E7=C$2,C111!$B$1 & " ", ""), IF(C112!$E7=C$2,C112!$B$1 & " ", ""), IF(C113!$E7=C$2,C113!$B$1 & " ", ""))), " ", ",") | D21: =SUBSTITUTE(TRIM(_xlfn.CONCAT(IF(C111!$E7=D$2,C111!$B$1 & " ", ""), IF(C112!$E7=D$2,C112!$B$1 & " ", ""), IF(C113!$E7=D$2,C113!$B$1 & " ", ""))), " ", ",") | E21: =SUBSTITUTE(TRIM(_xlfn.CONCAT(IF(C111!$E7=E$2,C111!$B$1 & " ", ""), IF(C112!$E7=E$2,C112!$B$1 & " ", ""), IF(C113!$E7=E$2,C113!$B$1 & " ", ""))), " ", ",") | F21: =SUBSTITUTE(TRIM(_xlfn.CONCAT(IF(C111!$E7=F$2,C111!$B$1 & " ", ""), IF(C112!$E7=F$2,C112!$B$1 & " ", ""), IF(C113!$E7=F$2,C113!$B$1 & " ", ""))), " ", ",") | G21: =SUBSTITUTE(TRIM(_xlfn.CONCAT(IF(C111!$E7=G$2,C111!$B$1 & " ", ""), IF(C112!$E7=G$2,C112!$B$1 & " ", ""), IF(C113!$E7=G$2,C113!$B$1 & " ", ""))), " ", ",") | H21: =SUBSTITUTE(TRIM(_xlfn.CONCAT(IF(C111!$E7=H$2,C111!$B$1 & " ", ""), IF(C112!$E7=H$2,C112!$B$1 & " ", ""), IF(C113!$E7=H$2,C113!$B$1 & " ", ""))), " ", ",") | I21: =SUBSTITUTE(TRIM(_xlfn.CONCAT(IF(C111!$E7=I$2,C111!$B$1 & " ", ""), IF(C112!$E7=I$2,C112!$B$1 & " ", ""), IF(C113!$E7=I$2,C113!$B$1 & " ", ""))), " ", ",") | J21: =SUBSTITUTE(TRIM(_xlfn.CONCAT(IF(C111!$E7=J$2,C111!$B$1 & " ", ""), IF(C112!$E7=J$2,C112!$B$1 & " ", ""), IF(C113!$E7=J$2,C113!$B$1 & " ", ""))), " ", ",") | ... L21: =SUBSTITUTE(TRIM(_xlfn.CONCAT(IF(C111!$E7=L$2,C111!$B$1 & " ", ""), IF(C112!$E7=L$2,C112!$B$1 & " ", ""), IF(C113!$E7=L$2,C113!$B$1 & " ", ""))), " ", ",")
B22: 3ro | C22: =SUBSTITUTE(TRIM(_xlfn.CONCAT(IF(C111!$E9=C$2,C111!$B$1 & " ", ""), IF(C112!$E9=C$2,C112!$B$1 & " ", ""), IF(C113!$E9=C$2,C113!$B$1 & " ", ""))), " ", ",") | D22: =SUBSTITUTE(TRIM(_xlfn.CONCAT(IF(C111!$E9=D$2,C111!$B$1 & " ", ""), IF(C112!$E9=D$2,C112!$B$1 & " ", ""), IF(C113!$E9=D$2,C113!$B$1 & " ", ""))), " ", ",") -> C112 | E22: =SUBSTITUTE(TRIM(_xlfn.CONCAT(IF(C111!$E9=E$2,C111!$B$1 & " ", ""), IF(C112!$E9=E$2,C112!$B$1 & " ", ""), IF(C113!$E9=E$2,C113!$B$1 & " ", ""))), " ", ",") | F22: =SUBSTITUTE(TRIM(_xlfn.CONCAT(IF(C111!$E9=F$2,C111!$B$1 & " ", ""), IF(C112!$E9=F$2,C112!$B$1 & " ", ""), IF(C113!$E9=F$2,C113!$B$1 & " ", ""))), " ", ",") | G22: =SUBSTITUTE(TRIM(_xlfn.CONCAT(IF(C111!$E9=G$2,C111!$B$1 & " ", ""), IF(C112!$E9=G$2,C112!$B$1 & " ", ""), IF(C113!$E9=G$2,C113!$B$1 & " ", ""))), " ", ",") -> C113 | H22: =SUBSTITUTE(TRIM(_xlfn.CONCAT(IF(C111!$E9=H$2,C111!$B$1 & " ", ""), IF(C112!$E9=H$2,C112!$B$1 & " ", ""), IF(C113!$E9=H$2,C113!$B$1 & " ", ""))), " ", ",") -> C111 | I22: =SUBSTITUTE(TRIM(_xlfn.CONCAT(IF(C111!$E9=I$2,C111!$B$1 & " ", ""), IF(C112!$E9=I$2,C112!$B$1 & " ", ""), IF(C113!$E9=I$2,C113!$B$1 & " ", ""))), " ", ",") | J22: =SUBSTITUTE(TRIM(_xlfn.CONCAT(IF(C111!$E9=J$2,C111!$B$1 & " ", ""), IF(C112!$E9=J$2,C112!$B$1 & " ", ""), IF(C113!$E9=J$2,C113!$B$1 & " ", ""))), " ", ",") | ... L22: =SUBSTITUTE(TRIM(_xlfn.CONCAT(IF(C111!$E9=L$2,C111!$B$1 & " ", ""), IF(C112!$E9=L$2,C112!$B$1 & " ", ""), IF(C113!$E9=L$2,C113!$B$1 & " ", ""))), " ", ",")
B23: 4to
B24: 5to
B25: 6to
B27: Jueves | C27: Aula 1 | D27: Aula 2 | E27: Aula 3 | F27: Aula 4 | G27: Aula 5 | H27: Aula 6 | I27: Aula 7 | J27: Aula 8 | K27: Aula 9 | L27: Lab
B28: 1ro | C28: =SUBSTITUTE(TRIM(_xlfn.CONCAT(IF(C111!$F5=C$2,C111!$B$1 & " ", ""), IF(C112!$F5=C$2,C112!$B$1 & " ", ""), IF(C113!$F5=C$2,C113!$B$1 & " ", ""))), " ", ",") -> C113 | D28: =SUBSTITUTE(TRIM(_xlfn.CONCAT(IF(C111!$F5=D$2,C111!$B$1 & " ", ""), IF(C112!$F5=D$2,C112!$B$1 & " ", ""), IF(C113!$F5=D$2,C113!$B$1 & " ", ""))), " ", ",") | E28: =SUBSTITUTE(TRIM(_xlfn.CONCAT(IF(C111!$F5=E$2,C111!$B$1 & " ", ""), IF(C112!$F5=E$2,C112!$B$1 & " ", ""), IF(C113!$F5=E$2,C113!$B$1 & " ", ""))), " ", ",") | F28: =SUBSTITUTE(TRIM(_xlfn.CONCAT(IF(C111!$F5=F$2,C111!$B$1 & " ", ""), IF(C112!$F5=F$2,C112!$B$1 & " ", ""), IF(C113!$F5=F$2,C113!$B$1 & " ", ""))), " ", ",") | G28: =SUBSTITUTE(TRIM(_xlfn.CONCAT(IF(C111!$F5=G$2,C111!$B$1 & " ", ""), IF(C112!$F5=G$2,C112!$B$1 & " ", ""), IF(C113!$F5=G$2,C113!$B$1 & " ", ""))), " ", ",") -> C112 | H28: =SUBSTITUTE(TRIM(_xlfn.CONCAT(IF(C111!$F5=H$2,C111!$B$1 & " ", ""), IF(C112!$F5=H$2,C112!$B$1 & " ", ""), IF(C113!$F5=H$2,C113!$B$1 & " ", ""))), " ", ",") -> C111 | I28: =SUBSTITUTE(TRIM(_xlfn.CONCAT(IF(C111!$F5=I$2,C111!$B$1 & " ", ""), IF(C112!$F5=I$2,C112!$B$1 & " ", ""), IF(C113!$F5=I$2,C113!$B$1 & " ", ""))), " ", ",") | J28: =SUBSTITUTE(TRIM(_xlfn.CONCAT(IF(C111!$F5=J$2,C111!$B$1 & " ", ""), IF(C112!$F5=J$2,C112!$B$1 & " ", ""), IF(C113!$F5=J$2,C113!$B$1 & " ", ""))), " ", ",") | ... L28: =SUBSTITUTE(TRIM(_xlfn.CONCAT(IF(C111!$F5=L$2,C111!$B$1 & " ", ""), IF(C112!$F5=L$2,C112!$B$1 & " ", ""), IF(C113!$F5=L$2,C113!$B$1 & " ", ""))), " ", ",")
B29: 2do | C29: =SUBSTITUTE(TRIM(_xlfn.CONCAT(IF(C111!$F7=C$2,C111!$B$1 & " ", ""), IF(C112!$F7=C$2,C112!$B$1 & " ", ""), IF(C113!$F7=C$2,C113!$B$1 & " ", ""))), " ", ",") -> C113 | D29: =SUBSTITUTE(TRIM(_xlfn.CONCAT(IF(C111!$F7=D$2,C111!$B$1 & " ", ""), IF(C112!$F7=D$2,C112!$B$1 & " ", ""), IF(C113!$F7=D$2,C113!$B$1 & " ", ""))), " ", ",") | E29: =SUBSTITUTE(TRIM(_xlfn.CONCAT(IF(C111!$F7=E$2,C111!$B$1 & " ", ""), IF(C112!$F7=E$2,C112!$B$1 & " ", ""), IF(C113!$F7=E$2,C113!$B$1 & " ", ""))), " ", ",") | F29: =SUBSTITUTE(TRIM(_xlfn.CONCAT(IF(C111!$F7=F$2,C111!$B$1 & " ", ""), IF(C112!$F7=F$2,C112!$B$1 & " ", ""), IF(C113!$F7=F$2,C113!$B$1 & " ", ""))), " ", ",") | G29: =SUBSTITUTE(TRIM(_xlfn.CONCAT(IF(C111!$F7=G$2,C111!$B$1 & " ", ""), IF(C112!$F7=G$2,C112!$B$1 & " ", ""), IF(C113!$F7=G$2,C113!$B$1 & " ", ""))), " ", ",") -> C112 | H29: =SUBSTITUTE(TRIM(_xlfn.CONCAT(IF(C111!$F7=H$2,C111!$B$1 & " ", ""), IF(C112!$F7=H$2,C112!$B$1 & " ", ""), IF(C113!$F7=H$2,C113!$B$1 & " ", ""))), " ", ",") -> C111 | I29: =SUBSTITUTE(TRIM(_xlfn.CONCAT(IF(C111!$F7=I$2,C111!$B$1 & " ", ""), IF(C112!$F7=I$2,C112!$B$1 & " ", ""), IF(C113!$F7=I$2,C113!$B$1 & " ", ""))), " ", ",") | J29: =SUBSTITUTE(TRIM(_xlfn.CONCAT(IF(C111!$F7=J$2,C111!$B$1 & " ", ""), IF(C112!$F7=J$2,C112!$B$1 & " ", ""), IF(C113!$F7=J$2,C113!$B$1 & " ", ""))), " ", ",") | ... L29: =SUBSTITUTE(TRIM(_xlfn.CONCAT(IF(C111!$F7=L$2,C111!$B$1 & " ", ""), IF(C112!$F7=L$2,C112!$B$1 & " ", ""), IF(C113!$F7=L$2,C113!$B$1 & " ", ""))), " ", ",")
B30: 3ro | C30: =SUBSTITUTE(TRIM(_xlfn.CONCAT(IF(C111!$F9=C$2,C111!$B$1 & " ", ""), IF(C112!$F9=C$2,C112!$B$1 & " ", ""), IF(C113!$F9=C$2,C113!$B$1 & " ", ""))), " ", ",") -> C113 | D30: =SUBSTITUTE(TRIM(_xlfn.CONCAT(IF(C111!$F9=D$2,C111!$B$1 & " ", ""), IF(C112!$F9=D$2,C112!$B$1 & " ", ""), IF(C113!$F9=D$2,C113!$B$1 & " ", ""))), " ", ",") | E30: =SUBSTITUTE(TRIM(_xlfn.CONCAT(IF(C111!$F9=E$2,C111!$B$1 & " ", ""), IF(C112!$F9=E$2,C112!$B$1 & " ", ""), IF(C113!$F9=E$2,C113!$B$1 & " ", ""))), " ", ",") | F30: =SUBSTITUTE(TRIM(_xlfn.CONCAT(IF(C111!$F9=F$2,C111!$B$1 & " ", ""), IF(C112!$F9=F$2,C112!$B$1 & " ", ""), IF(C113!$F9=F$2,C113!$B$1 & " ", ""))), " ", ",") | G30: =SUBSTITUTE(TRIM(_xlfn.CONCAT(IF(C111!$F9=G$2,C111!$B$1 & " ", ""), IF(C112!$F9=G$2,C112!$B$1 & " ", ""), IF(C113!$F9=G$2,C113!$B$1 & " ", ""))), " ", ",") -> C112 | H30: =SUBSTITUTE(TRIM(_xlfn.CONCAT(IF(C111!$F9=H$2,C111!$B$1 & " ", ""), IF(C112!$F9=H$2,C112!$B$1 & " ", ""), IF(C113!$F9=H$2,C113!$B$1 & " ", ""))), " ", ",") -> C111 | I30: =SUBSTITUTE(TRIM(_xlfn.CONCAT(IF(C111!$F9=I$2,C111!$B$1 & " ", ""), IF(C112!$F9=I$2,C112!$B$1 & " ", ""), IF(C113!$F9=I$2,C113!$B$1 & " ", ""))), " ", ",") | J30: =SUBSTITUTE(TRIM(_xlfn.CONCAT(IF(C111!$F9=J$2,C111!$B$1 & " ", ""), IF(C112!$F9=J$2,C112!$B$1 & " ", ""), IF(C113!$F9=J$2,C113!$B$1 & " ", ""))), " ", ",") | ... L30: =SUBSTITUTE(TRIM(_xlfn.CONCAT(IF(C111!$F9=L$2,C111!$B$1 & " ", ""), IF(C112!$F9=L$2,C112!$B$1 & " ", ""), IF(C113!$F9=L$2,C113!$B$1 & " ", ""))), " ", ",")
B31: 4to
B32: 5to
B33: 6to
B35: Viernes | C35: Aula 1 | D35: Aula 2 | E35: Aula 3 | F35: Aula 4 | G35: Aula 5 | H35: Aula 6 | I35: Aula 7 | J35: Aula 8 | K35: Aula 9 | L35: Lab
B36: 1ro | C36: =SUBSTITUTE(TRIM(_xlfn.CONCAT(IF(C111!$G5=C$2,C111!$B$1 & " ", ""), IF(C112!$G5=C$2,C112!$B$1 & " ", ""), IF(C113!$G5=C$2,C113!$B$1 & " ", ""))), " ", ",") | D36: =SUBSTITUTE(TRIM(_xlfn.CONCAT(IF(C111!$G5=D$2,C111!$B$1 & " ", ""), IF(C112!$G5=D$2,C112!$B$1 & " ", ""), IF(C113!$G5=D$2,C113!$B$1 & " ", ""))), " ", ",") | E36: =SUBSTITUTE(TRIM(_xlfn.CONCAT(IF(C111!$G5=E$2,C111!$B$1 & " ", ""), IF(C112!$G5=E$2,C112!$B$1 & " ", ""), IF(C113!$G5=E$2,C113!$B$1 & " ", ""))), " ", ",") | F36: =SUBSTITUTE(TRIM(_xlfn.CONCAT(IF(C111!$G5=F$2,C111!$B$1 & " ", ""), IF(C112!$G5=F$2,C112!$B$1 & " ", ""), IF(C113!$G5=F$2,C113!$B$1 & " ", ""))), " ", ",") | H36: =SUBSTITUTE(TRIM(_xlfn.CONCAT(IF(C111!$G5=H$2,C111!$B$1 & " ", ""), IF(C112!$G5=H$2,C112!$B$1 & " ", ""), IF(C113!$G5=H$2,C113!$B$1 & " ", ""))), " ", ",") | I36: =SUBSTITUTE(TRIM(_xlfn.CONCAT(IF(C111!$G5=I$2,C111!$B$1 & " ", ""), IF(C112!$G5=I$2,C112!$B$1 & " ", ""), IF(C113!$G5=I$2,C113!$B$1 & " ", ""))), " ", ",") | J36: =SUBSTITUTE(TRIM(_xlfn.CONCAT(IF(C111!$G5=J$2,C111!$B$1 & " ", ""), IF(C112!$G5=J$2,C112!$B$1 & " ", ""), IF(C113!$G5=J$2,C113!$B$1 & " ", ""))), " ", ",") | K36: =SUBSTITUTE(TRIM(_xlfn.CONCAT(IF(C111!$G5=K$2,C111!$B$1 & " ", ""), IF(C112!$G5=K$2,C112!$B$1 & " ", ""), IF(C113!$G5=K$2,C113!$B$1 & " ", ""))), " ", ",") | L36: =SUBSTITUTE(TRIM(_xlfn.CONCAT(IF(C111!$G5=L$2,C111!$B$1 & " ", ""), IF(C112!$G5=L$2,C112!$B$1 & " ", ""), IF(C113!$G5=L$2,C113!$B$1 & " ", ""))), " ", ",")
B37: 2do | C37: =SUBSTITUTE(TRIM(_xlfn.CONCAT(IF(C111!$G7=C$2,C111!$B$1 & " ", ""), IF(C112!$G7=C$2,C112!$B$1 & " ", ""), IF(C113!$G7=C$2,C113!$B$1 & " ", ""))), " ", ",") | D37: =SUBSTITUTE(TRIM(_xlfn.CONCAT(IF(C111!$G7=D$2,C111!$B$1 & " ", ""), IF(C112!$G7=D$2,C112!$B$1 & " ", ""), IF(C113!$G7=D$2,C113!$B$1 & " ", ""))), " ", ",") | E37: =SUBSTITUTE(TRIM(_xlfn.CONCAT(IF(C111!$G7=E$2,C111!$B$1 & " ", ""), IF(C112!$G7=E$2,C112!$B$1 & " ", ""), IF(C113!$G7=E$2,C113!$B$1 & " ", ""))), " ", ",") | F37: =SUBSTITUTE(TRIM(_xlfn.CONCAT(IF(C111!$G7=F$2,C111!$B$1 & " ", ""), IF(C112!$G7=F$2,C112!$B$1 & " ", ""), IF(C113!$G7=F$2,C113!$B$1 & " ", ""))), " ", ",") | G37: =SUBSTITUTE(TRIM(_xlfn.CONCAT(IF(C111!$G7=G$2,C111!$B$1 & " ", ""), IF(C112!$G7=G$2,C112!$B$1 & " ", ""), IF(C113!$G7=G$2,C113!$B$1 & " ", ""))), " ", ",") | H37: =SUBSTITUTE(TRIM(_xlfn.CONCAT(IF(C111!$G7=H$2,C111!$B$1 & " ", ""), IF(C112!$G7=H$2,C112!$B$1 & " ", ""), IF(C113!$G7=H$2,C113!$B$1 & " ", ""))), " ", ",") | I37: =SUBSTITUTE(TRIM(_xlfn.CONCAT(IF(C111!$G7=I$2,C111!$B$1 & " ", ""), IF(C112!$G7=I$2,C112!$B$1 & " ", ""), IF(C113!$G7=I$2,C113!$B$1 & " ", ""))), " ", ",") | J37: =SUBSTITUTE(TRIM(_xlfn.CONCAT(IF(C111!$G7=J$2,C111!$B$1 & " ", ""), IF(C112!$G7=J$2,C112!$B$1 & " ", ""), IF(C113!$G7=J$2,C113!$B$1 & " ", ""))), " ", ",") | ... L37: =SUBSTITUTE(TRIM(_xlfn.CONCAT(IF(C111!$G7=L$2,C111!$B$1 & " ", ""), IF(C112!$G7=L$2,C112!$B$1 & " ", ""), IF(C113!$G7=L$2,C113!$B$1 & " ", ""))), " ", ",") -> C112
B38: 3ro | C38: =SUBSTITUTE(TRIM(_xlfn.CONCAT(IF(C111!$G9=C$2,C111!$B$1 & " ", ""), IF(C112!$G9=C$2,C112!$B$1 & " ", ""), IF(C113!$G9=C$2,C113!$B$1 & " ", ""))), " ", ",") | D38: =SUBSTITUTE(TRIM(_xlfn.CONCAT(IF(C111!$G9=D$2,C111!$B$1 & " ", ""), IF(C112!$G9=D$2,C112!$B$1 & " ", ""), IF(C113!$G9=D$2,C113!$B$1 & " ", ""))), " ", ",") | E38: =SUBSTITUTE(TRIM(_xlfn.CONCAT(IF(C111!$G9=E$2,C111!$B$1 & " ", ""), IF(C112!$G9=E$2,C112!$B$1 & " ", ""), IF(C113!$G9=E$2,C113!$B$1 & " ", ""))), " ", ",") | F38: =SUBSTITUTE(TRIM(_xlfn.CONCAT(IF(C111!$G9=F$2,C111!$B$1 & " ", ""), IF(C112!$G9=F$2,C112!$B$1 & " ", ""), IF(C113!$G9=F$2,C113!$B$1 & " ", ""))), " ", ",") | G38: =SUBSTITUTE(TRIM(_xlfn.CONCAT(IF(C111!$G9=G$2,C111!$B$1 & " ", ""), IF(C112!$G9=G$2,C112!$B$1 & " ", ""), IF(C113!$G9=G$2,C113!$B$1 & " ", ""))), " ", ",") -> C111 | H38: =SUBSTITUTE(TRIM(_xlfn.CONCAT(IF(C111!$G9=H$2,C111!$B$1 & " ", ""), IF(C112!$G9=H$2,C112!$B$1 & " ", ""), IF(C113!$G9=H$2,C113!$B$1 & " ", ""))), " ", ",") | I38: =SUBSTITUTE(TRIM(_xlfn.CONCAT(IF(C111!$G9=I$2,C111!$B$1 & " ", ""), IF(C112!$G9=I$2,C112!$B$1 & " ", ""), IF(C113!$G9=I$2,C113!$B$1 & " ", ""))), " ", ",") | J38: =SUBSTITUTE(TRIM(_xlfn.CONCAT(IF(C111!$G9=J$2,C111!$B$1 & " ", ""), IF(C112!$G9=J$2,C112!$B$1 & " ", ""), IF(C113!$G9=J$2,C113!$B$1 & " ", ""))), " ", ",") | ... L38: =SUBSTITUTE(TRIM(_xlfn.CONCAT(IF(C111!$G9=L$2,C111!$B$1 & " ", ""), IF(C112!$G9=L$2,C112!$B$1 & " ", ""), IF(C113!$G9=L$2,C113!$B$1 & " ", ""))), " ", ",") -> C113
B39: 4to
B40: 5to
B41: 6to
