Workbook
Name Asignacion: OFFSET('Asignacion'!$A$4,0,0,COUNTA('Asignacion'!$A$4:$A$34),11)
Name Profesores: OFFSET('Carga por profesor'!$A$4,0,0,COUNTA('Carga por profesor'!$A$4:$A$27),7)
Name Asignaturas: OFFSET('Cobertura por asignatura'!$A$4,0,0,COUNTA('Cobertura por asignatura'!$A$4:$A$27),12)

Sheet Asignacion
A1: Asignacion
A3: No. | B3: Id | C3: Tipo | D3: Grupo | E3: Profesor | F3: Asignatura | G3: Horas | H3: Nombre | I3: Codigo | J3: Primera del par | K3: Cuenta | L3: Estado | M3: (nivel de las marcas)
A4: 1 | B4: EST-CC | C4: Conf | E4: PIAD | F4: =IF(AND($A4=""),"",IF(ISNA(MATCH(1,INDEX(EXACT('Cobertura por asignatura'!$A$4:$A$27,$B4)*1*((('Cobertura por asignatura'!$A$4:$A$27<>""))>0),0),0)),"",IF(ISBLANK(INDEX('Cobertura por asignatura'!$B$4:$B$27,MATCH(1,INDEX(EXACT('Cobertura por asignatura'!$A$4:$A$27,$B4)*1*((('Cobertura por asignatura'!$A$4:$A$27<>""))>0),0),0))),"",INDEX('Cobertura por asignatura'!$B$4:$B$27,MATCH(1,INDEX(EXACT('Cobertura por asignatura'!$A$4:$A$27,$B4)*1*((('Cobertura por asignatura'!$A$4:$A$27<>""))>0),0),0))))) | G4: =IF(AND($A4=""),"",IF(EXACT($C4,"Conf"),IF(ISNA(MATCH(1,INDEX(EXACT('Cobertura por asignatura'!$A$4:$A$27,$B4)*1*((('Cobertura por asignatura'!$A$4:$A$27<>""))>0),0),0)),0,IF(ISBLANK(INDEX('Cobertura por asignatura'!$D$4:$D$27,MATCH(1,INDEX(EXACT('Cobertura por asignatura'!$A$4:$A$27,$B4)*1*((('Cobertura por asignatura'!$A$4:$A$27<>""))>0),0),0))),"",INDEX('Cobertura por asignatura'!$D$4:$D$27,MATCH(1,INDEX(EXACT('Cobertura por asignatura'!$A$4:$A$27,$B4)*1*((('Cobertura por asignatura'!$A$4:$A$27<>""))>0),0),0)))),IF(ISNA(MATCH(1,INDEX(EXACT('Cobertura por asignatura'!$A$4:$A$27,$B4)*1*((('Cobertura por asignatura'!$A$4:$A$27<>""))>0),0),0)),0,IF(ISBLANK(INDEX('Cobertura por asignatura'!$E$4:$E$27,MATCH(1,INDEX(EXACT('Cobertura por asignatura'!$A$4:$A$27,$B4)*1*((('Cobertura por asignatura'!$A$4:$A$27<>""))>0),0),0))),"",INDEX('Cobertura por asignatura'!$E$4:$E$27,MATCH(1,INDEX(EXACT('Cobertura por asignatura'!$A$4:$A$27,$B4)*1*((('Cobertura por asignatura'!$A$4:$A$27<>""))>0),0),0)))))) | H4: =IF(AND($A4=""),"",IF(ISNA(MATCH(1,INDEX(EXACT('Carga por profesor'!$A$4:$A$27,$E4)*1*((('Carga por profesor'!$A$4:$A$27<>""))>0),0),0)),"",IF(ISBLANK(INDEX('Carga por profesor'!$B$4:$B$27,MATCH(1,INDEX(EXACT('Carga por profesor'!$A$4:$A$27,$E4)*1*((('Carga por profesor'!$A$4:$A$27<>""))>0),0),0))),"",INDEX('Carga por profesor'!$B$4:$B$27,MATCH(1,INDEX(EXACT('Carga por profesor'!$A$4:$A$27,$E4)*1*((('Carga por profesor'!$A$4:$A$27<>""))>0),0),0))))) | I4: =IF(AND($A4=""),"",(IF(ISNUMBER($B4),IF($B4=0,"0",ROUND($B4,9-INT(LOG10(ABS($B4))))&""),$B4&"")&" "&IF(ISNUMBER($C4),IF($C4=0,"0",ROUND($C4,9-INT(LOG10(ABS($C4))))&""),$C4&"")&" "&IF(ISNUMBER($D4),IF($D4=0,"0",ROUND($D4,9-INT(LOG10(ABS($D4))))&""),$D4&""))) | J4: =IF(AND($A4=""),"",IF(OR(($E4=""),($B4="")),"",IF(ISNA(MATCH(1,INDEX(1*((('Asignacion'!$A$4:$A$34<>""))>0)*(EXACT('Asignacion'!$E$4:$E$34,$E4))*(EXACT('Asignacion'!$B$4:$B$34,$B4)),0),0)),"",IF(ISBLANK(INDEX('Asignacion'!$I$4:$I$34,MATCH(1,INDEX(1*((('Asignacion'!$A$4:$A$34<>""))>0)*(EXACT('Asignacion'!$E$4:$E$34,$E4))*(EXACT('Asignacion'!$B$4:$B$34,$B4)),0),0))),"",INDEX('Asignacion'!$I$4:$I$34,MATCH(1,INDEX(1*((('Asignacion'!$A$4:$A$34<>""))>0)*(EXACT('Asignacion'!$E$4:$E$34,$E4))*(EXACT('Asignacion'!$B$4:$B$34,$B4)),0),0)))))) | K4: =IF(AND($A4=""),"",IF(AND(NOT(EXACT($J4,"")),EXACT($J4,$I4)),1,0)) | L4: =IF(AND($A4=""),"",MID(IF(AND(NOT(($B4="")),($E4="")),"; "&"Esta fila de carga todavia no tiene profesor",""),3,32767)) | M4: =IF(OR(AND(NOT(($B4="")),($E4=""))),2,0)
A5: 2 | B5: EST-CC | C5: CP | D5: 1 | E5: PIAD | F5: =IF(AND($A5=""),"",IF(ISNA(MATCH(1,INDEX(EXACT('Cobertura por asignatura'!$A$4:$A$27,$B5)*1*((('Cobertura por asignatura'!$A$4:$A$27<>""))>0),0),0)),"",IF(ISBLANK(INDEX('Cobertura por asignatura'!$B$4:$B$27,MATCH(1,INDEX(EXACT('Cobertura por asignatura'!$A$4:$A$27,$B5)*1*((('Cobertura por asignatura'!$A$4:$A$27<>""))>0),0),0))),"",INDEX('Cobertura por asignatura'!$B$4:$B$27,MATCH(1,INDEX(EXACT('Cobertura por asignatura'!$A$4:$A$27,$B5)*1*((('Cobertura por asignatura'!$A$4:$A$27<>""))>0),0),0))))) | G5: =IF(AND($A5=""),"",IF(EXACT($C5,"Conf"),IF(ISNA(MATCH(1,INDEX(EXACT('Cobertura por asignatura'!$A$4:$A$27,$B5)*1*((('Cobertura por asignatura'!$A$4:$A$27<>""))>0),0),0)),0,IF(ISBLANK(INDEX('Cobertura por asignatura'!$D$4:$D$27,MATCH(1,INDEX(EXACT('Cobertura por asignatura'!$A$4:$A$27,$B5)*1*((('Cobertura por asignatura'!$A$4:$A$27<>""))>0),0),0))),"",INDEX('Cobertura por asignatura'!$D$4:$D$27,MATCH(1,INDEX(EXACT('Cobertura por asignatura'!$A$4:$A$27,$B5)*1*((('Cobertura por asignatura'!$A$4:$A$27<>""))>0),0),0)))),IF(ISNA(MATCH(1,INDEX(EXACT('Cobertura por asignatura'!$A$4:$A$27,$B5)*1*((('Cobertura por asignatura'!$A$4:$A$27<>""))>0),0),0)),0,IF(ISBLANK(INDEX('Cobertura por asignatura'!$E$4:$E$27,MATCH(1,INDEX(EXACT('Cobertura por asignatura'!$A$4:$A$27,$B5)*1*((('Cobertura por asignatura'!$A$4:$A$27<>""))>0),0),0))),"",INDEX('Cobertura por asignatura'!$E$4:$E$27,MATCH(1,INDEX(EXACT('Cobertura por asignatura'!$A$4:$A$27,$B5)*1*((('Cobertura por asignatura'!$A$4:$A$27<>""))>0),0),0)))))) | H5: =IF(AND($A5=""),"",IF(ISNA(MATCH(1,INDEX(EXACT('Carga por profesor'!$A$4:$A$27,$E5)*1*((('Carga por profesor'!$A$4:$A$27<>""))>0),0),0)),"",IF(ISBLANK(INDEX('Carga por profesor'!$B$4:$B$27,MATCH(1,INDEX(EXACT('Carga por profesor'!$A$4:$A$27,$E5)*1*((('Carga por profesor'!$A$4:$A$27<>""))>0),0),0))),"",INDEX('Carga por profesor'!$B$4:$B$27,MATCH(1,INDEX(EXACT('Carga por profesor'!$A$4:$A$27,$E5)*1*((('Carga por profesor'!$A$4:$A$27<>""))>0),0),0))))) | I5: =IF(AND($A5=""),"",(IF(ISNUMBER($B5),IF($B5=0,"0",ROUND($B5,9-INT(LOG10(ABS($B5))))&""),$B5&"")&" "&IF(ISNUMBER($C5),IF($C5=0,"0",ROUND($C5,9-INT(LOG10(ABS($C5))))&""),$C5&"")&" "&IF(ISNUMBER($D5),IF($D5=0,"0",ROUND($D5,9-INT(LOG10(ABS($D5))))&""),$D5&""))) | J5: =IF(AND($A5=""),"",IF(OR(($E5=""),($B5="")),"",IF(ISNA(MATCH(1,INDEX(1*((('Asignacion'!$A$4:$A$34<>""))>0)*(EXACT('Asignacion'!$E$4:$E$34,$E5))*(EXACT('Asignacion'!$B$4:$B$34,$B5)),0),0)),"",IF(ISBLANK(INDEX('Asignacion'!$I$4:$I$34,MATCH(1,INDEX(1*((('Asignacion'!$A$4:$A$34<>""))>0)*(EXACT('Asignacion'!$E$4:$E$34,$E5))*(EXACT('Asignacion'!$B$4:$B$34,$B5)),0),0))),"",INDEX('Asignacion'!$I$4:$I$34,MATCH(1,INDEX(1*((('Asignacion'!$A$4:$A$34<>""))>0)*(EXACT('Asignacion'!$E$4:$E$34,$E5))*(EXACT('Asignacion'!$B$4:$B$34,$B5)),0),0)))))) | K5: =IF(AND($A5=""),"",IF(AND(NOT(EXACT($J5,"")),EXACT($J5,$I5)),1,0)) | L5: =IF(AND($A5=""),"",MID(IF(AND(NOT(($B5="")),($E5="")),"; "&"Esta fila de carga todavia no tiene profesor",""),3,32767)) | M5: =IF(OR(AND(NOT(($B5="")),($E5=""))),2,0)
A6: 3 | B6: EST-CC | C6: CP | D6: 2 | E6: PIAD | F6: =IF(AND($A6=""),"",IF(ISNA(MATCH(1,INDEX(EXACT('Cobertura por asignatura'!$A$4:$A$27,$B6)*1*((('Cobertura por asignatura'!$A$4:$A$27<>""))>0),0),0)),"",IF(ISBLANK(INDEX('Cobertura por asignatura'!$B$4:$B$27,MATCH(1,INDEX(EXACT('Cobertura por asignatura'!$A$4:$A$27,$B6)*1*((('Cobertura por asignatura'!$A$4:$A$27<>""))>0),0),0))),"",INDEX('Cobertura por asignatura'!$B$4:$B$27,MATCH(1,INDEX(EXACT('Cobertura por asignatura'!$A$4:$A$27,$B6)*1*((('Cobertura por asignatura'!$A$4:$A$27<>""))>0),0),0))))) | G6: =IF(AND($A6=""),"",IF(EXACT($C6,"Conf"),IF(ISNA(MATCH(1,INDEX(EXACT('Cobertura por asignatura'!$A$4:$A$27,$B6)*1*((('Cobertura por asignatura'!$A$4:$A$27<>""))>0),0),0)),0,IF(ISBLANK(INDEX('Cobertura por asignatura'!$D$4:$D$27,MATCH(1,INDEX(EXACT('Cobertura por asignatura'!$A$4:$A$27,$B6)*1*((('Cobertura por asignatura'!$A$4:$A$27<>""))>0),0),0))),"",INDEX('Cobertura por asignatura'!$D$4:$D$27,MATCH(1,INDEX(EXACT('Cobertura por asignatura'!$A$4:$A$27,$B6)*1*((('Cobertura por asignatura'!$A$4:$A$27<>""))>0),0),0)))),IF(ISNA(MATCH(1,INDEX(EXACT('Cobertura por asignatura'!$A$4:$A$27,$B6)*1*((('Cobertura por asignatura'!$A$4:$A$27<>""))>0),0),0)),0,IF(ISBLANK(INDEX('Cobertura por asignatura'!$E$4:$E$27,MATCH(1,INDEX(EXACT('Cobertura por asignatura'!$A$4:$A$27,$B6)*1*((('Cobertura por asignatura'!$A$4:$A$27<>""))>0),0),0))),"",INDEX('Cobertura por asignatura'!$E$4:$E$27,MATCH(1,INDEX(EXACT('Cobertura por asignatura'!$A$4:$A$27,$B6)*1*((('Cobertura por asignatura'!$A$4:$A$27<>""))>0),0),0)))))) | H6: =IF(AND($A6=""),"",IF(ISNA(MATCH(1,INDEX(EXACT('Carga por profesor'!$A$4:$A$27,$E6)*1*((('Carga por profesor'!$A$4:$A$27<>""))>0),0),0)),"",IF(ISBLANK(INDEX('Carga por profesor'!$B$4:$B$27,MATCH(1,INDEX(EXACT('Carga por profesor'!$A$4:$A$27,$E6)*1*((('Carga por profesor'!$A$4:$A$27<>""))>0),0),0))),"",INDEX('Carga por profesor'!$B$4:$B$27,MATCH(1,INDEX(EXACT('Carga por profesor'!$A$4:$A$27,$E6)*1*((('Carga por profesor'!$A$4:$A$27<>""))>0),0),0))))) | I6: =IF(AND($A6=""),"",(IF(ISNUMBER($B6),IF($B6=0,"0",ROUND($B6,9-INT(LOG10(ABS($B6))))&""),$B6&"")&" "&IF(ISNUMBER($C6),IF($C6=0,"0",ROUND($C6,9-INT(LOG10(ABS($C6))))&""),$C6&"")&" "&IF(ISNUMBER($D6),IF($D6=0,"0",ROUND($D6,9-INT(LOG10(ABS($D6))))&""),$D6&""))) | J6: =IF(AND($A6=""),"",IF(OR(($E6=""),($B6="")),"",IF(ISNA(MATCH(1,INDEX(1*((('Asignacion'!$A$4:$A$34<>""))>0)*(EXACT('Asignacion'!$E$4:$E$34,$E6))*(EXACT('Asignacion'!$B$4:$B$34,$B6)),0),0)),"",IF(ISBLANK(INDEX('Asignacion'!$I$4:$I$34,MATCH(1,INDEX(1*((('Asignacion'!$A$4:$A$34<>""))>0)*(EXACT('Asignacion'!$E$4:$E$34,$E6))*(EXACT('Asignacion'!$B$4:$B$34,$B6)),0),0))),"",INDEX('Asignacion'!$I$4:$I$34,MATCH(1,INDEX(1*((('Asignacion'!$A$4:$A$34<>""))>0)*(EXACT('Asignacion'!$E$4:$E$34,$E6))*(EXACT('Asignacion'!$B$4:$B$34,$B6)),0),0)))))) | K6: =IF(AND($A6=""),"",IF(AND(NOT(EXACT($J6,"")),EXACT($J6,$I6)),1,0)) | L6: =IF(AND($A6=""),"",MID(IF(AND(NOT(($B6="")),($E6="")),"; "&"Esta fila de carga todavia no tiene profesor",""),3,32767)) | M6: =IF(OR(AND(NOT(($B6="")),($E6=""))),2,0)
A7: 4 | B7: EST-MAT | C7: Conf | E7: PIAD | F7: =IF(AND($A7=""),"",IF(ISNA(MATCH(1,INDEX(EXACT('Cobertura por asignatura'!$A$4:$A$27,$B7)*1*((('Cobertura por asignatura'!$A$4:$A$27<>""))>0),0),0)),"",IF(ISBLANK(INDEX('Cobertura por asignatura'!$B$4:$B$27,MATCH(1,INDEX(EXACT('Cobertura por asignatura'!$A$4:$A$27,$B7)*1*((('Cobertura por asignatura'!$A$4:$A$27<>""))>0),0),0))),"",INDEX('Cobertura por asignatura'!$B$4:$B$27,MATCH(1,INDEX(EXACT('Cobertura por asignatura'!$A$4:$A$27,$B7)*1*((('Cobertura por asignatura'!$A$4:$A$27<>""))>0),0),0))))) | G7: =IF(AND($A7=""),"",IF(EXACT($C7,"Conf"),IF(ISNA(MATCH(1,INDEX(EXACT('Cobertura por asignatura'!$A$4:$A$27,$B7)*1*((('Cobertura por asignatura'!$A$4:$A$27<>""))>0),0),0)),0,IF(ISBLANK(INDEX('Cobertura por asignatura'!$D$4:$D$27,MATCH(1,INDEX(EXACT('Cobertura por asignatura'!$A$4:$A$27,$B7)*1*((('Cobertura por asignatura'!$A$4:$A$27<>""))>0),0),0))),"",INDEX('Cobertura por asignatura'!$D$4:$D$27,MATCH(1,INDEX(EXACT('Cobertura por asignatura'!$A$4:$A$27,$B7)*1*((('Cobertura por asignatura'!$A$4:$A$27<>""))>0),0),0)))),IF(ISNA(MATCH(1,INDEX(EXACT('Cobertura por asignatura'!$A$4:$A$27,$B7)*1*((('Cobertura por asignatura'!$A$4:$A$27<>""))>0),0),0)),0,IF(ISBLANK(INDEX('Cobertura por asignatura'!$E$4:$E$27,MATCH(1,INDEX(EXACT('Cobertura por asignatura'!$A$4:$A$27,$B7)*1*((('Cobertura por asignatura'!$A$4:$A$27<>""))>0),0),0))),"",INDEX('Cobertura por asignatura'!$E$4:$E$27,MATCH(1,INDEX(EXACT('Cobertura por asignatura'!$A$4:$A$27,$B7)*1*((('Cobertura por asignatura'!$A$4:$A$27<>""))>0),0),0)))))) | H7: =IF(AND($A7=""),"",IF(ISNA(MATCH(1,INDEX(EXACT('Carga por profesor'!$A$4:$A$27,$E7)*1*((('Carga por profesor'!$A$4:$A$27<>""))>0),0),0)),"",IF(ISBLANK(INDEX('Carga por profesor'!$B$4:$B$27,MATCH(1,INDEX(EXACT('Carga por profesor'!$A$4:$A$27,$E7)*1*((('Carga por profesor'!$A$4:$A$27<>""))>0),0),0))),"",INDEX('Carga por profesor'!$B$4:$B$27,MATCH(1,INDEX(EXACT('Carga por profesor'!$A$4:$A$27,$E7)*1*((('Carga por profesor'!$A$4:$A$27<>""))>0),0),0))))) | I7: =IF(AND($A7=""),"",(IF(ISNUMBER($B7),IF($B7=0,"0",ROUND($B7,9-INT(LOG10(ABS($B7))))&""),$B7&"")&" "&IF(ISNUMBER($C7),IF($C7=0,"0",ROUND($C7,9-INT(LOG10(ABS($C7))))&""),$C7&"")&" "&IF(ISNUMBER($D7),IF($D7=0,"0",ROUND($D7,9-INT(LOG10(ABS($D7))))&""),$D7&""))) | J7: =IF(AND($A7=""),"",IF(OR(($E7=""),($B7="")),"",IF(ISNA(MATCH(1,INDEX(1*((('Asignacion'!$A$4:$A$34<>""))>0)*(EXACT('Asignacion'!$E$4:$E$34,$E7))*(EXACT('Asignacion'!$B$4:$B$34,$B7)),0),0)),"",IF(ISBLANK(INDEX('Asignacion'!$I$4:$I$34,MATCH(1,INDEX(1*((('Asignacion'!$A$4:$A$34<>""))>0)*(EXACT('Asignacion'!$E$4:$E$34,$E7))*(EXACT('Asignacion'!$B$4:$B$34,$B7)),0),0))),"",INDEX('Asignacion'!$I$4:$I$34,MATCH(1,INDEX(1*((('Asignacion'!$A$4:$A$34<>""))>0)*(EXACT('Asignacion'!$E$4:$E$34,$E7))*(EXACT('Asignacion'!$B$4:$B$34,$B7)),0),0)))))) | K7: =IF(AND($A7=""),"",IF(AND(NOT(EXACT($J7,"")),EXACT($J7,$I7)),1,0)) | L7: =IF(AND($A7=""),"",MID(IF(AND(NOT(($B7="")),($E7="")),"; "&"Esta fila de carga todavia no tiene profesor",""),3,32767)) | M7: =IF(OR(AND(NOT(($B7="")),($E7=""))),2,0)
A8: 5 | B8: EST-MAT | C8: CP | D8: 1 | E8: LUGO | F8: =IF(AND($A8=""),"",IF(ISNA(MATCH(1,INDEX(EXACT('Cobertura por asignatura'!$A$4:$A$27,$B8)*1*((('Cobertura por asignatura'!$A$4:$A$27<>""))>0),0),0)),"",IF(ISBLANK(INDEX('Cobertura por asignatura'!$B$4:$B$27,MATCH(1,INDEX(EXACT('Cobertura por asignatura'!$A$4:$A$27,$B8)*1*((('Cobertura por asignatura'!$A$4:$A$27<>""))>0),0),0))),"",INDEX('Cobertura por asignatura'!$B$4:$B$27,MATCH(1,INDEX(EXACT('Cobertura por asignatura'!$A$4:$A$27,$B8)*1*((('Cobertura por asignatura'!$A$4:$A$27<>""))>0),0),0))))) | G8: =IF(AND($A8=""),"",IF(EXACT($C8,"Conf"),IF(ISNA(MATCH(1,INDEX(EXACT('Cobertura por asignatura'!$A$4:$A$27,$B8)*1*((('Cobertura por asignatura'!$A$4:$A$27<>""))>0),0),0)),0,IF(ISBLANK(INDEX('Cobertura por asignatura'!$D$4:$D$27,MATCH(1,INDEX(EXACT('Cobertura por asignatura'!$A$4:$A$27,$B8)*1*((('Cobertura por asignatura'!$A$4:$A$27<>""))>0),0),0))),"",INDEX('Cobertura por asignatura'!$D$4:$D$27,MATCH(1,INDEX(EXACT('Cobertura por asignatura'!$A$4:$A$27,$B8)*1*((('Cobertura por asignatura'!$A$4:$A$27<>""))>0),0),0)))),IF(ISNA(MATCH(1,INDEX(EXACT('Cobertura por asignatura'!$A$4:$A$27,$B8)*1*((('Cobertura por asignatura'!$A$4:$A$27<>""))>0),0),0)),0,IF(ISBLANK(INDEX('Cobertura por asignatura'!$E$4:$E$27,MATCH(1,INDEX(EXACT('Cobertura por asignatura'!$A$4:$A$27,$B8)*1*((('Cobertura por asignatura'!$A$4:$A$27<>""))>0),0),0))),"",INDEX('Cobertura por asignatura'!$E$4:$E$27,MATCH(1,INDEX(EXACT('Cobertura por asignatura'!$A$4:$A$27,$B8)*1*((('Cobertura por asignatura'!$A$4:$A$27<>""))>0),0),0)))))) | H8: =IF(AND($A8=""),"",IF(ISNA(MATCH(1,INDEX(EXACT('Carga por profesor'!$A$4:$A$27,$E8)*1*((('Carga por profesor'!$A$4:$A$27<>""))>0),0),0)),"",IF(ISBLANK(INDEX('Carga por profesor'!$B$4:$B$27,MATCH(1,INDEX(EXACT('Carga por profesor'!$A$4:$A$27,$E8)*1*((('Carga por profesor'!$A$4:$A$27<>""))>0),0),0))),"",INDEX('Carga por profesor'!$B$4:$B$27,MATCH(1,INDEX(EXACT('Carga por profesor'!$A$4:$A$27,$E8)*1*((('Carga por profesor'!$A$4:$A$27<>""))>0),0),0))))) | I8: =IF(AND($A8=""),"",(IF(ISNUMBER($B8),IF($B8=0,"0",ROUND($B8,9-INT(LOG10(ABS($B8))))&""),$B8&"")&" "&IF(ISNUMBER($C8),IF($C8=0,"0",ROUND($C8,9-INT(LOG10(ABS($C8))))&""),$C8&"")&" "&IF(ISNUMBER($D8),IF($D8=0,"0",ROUND($D8,9-INT(LOG10(ABS($D8))))&""),$D8&""))) | J8: =IF(AND($A8=""),"",IF(OR(($E8=""),($B8="")),"",IF(ISNA(MATCH(1,INDEX(1*((('Asignacion'!$A$4:$A$34<>""))>0)*(EXACT('Asignacion'!$E$4:$E$34,$E8))*(EXACT('Asignacion'!$B$4:$B$34,$B8)),0),0)),"",IF(ISBLANK(INDEX('Asignacion'!$I$4:$I$34,MATCH(1,INDEX(1*((('Asignacion'!$A$4:$A$34<>""))>0)*(EXACT('Asignacion'!$E$4:$E$34,$E8))*(EXACT('Asignacion'!$B$4:$B$34,$B8)),0),0))),"",INDEX('Asignacion'!$I$4:$I$34,MATCH(1,INDEX(1*((('Asignacion'!$A$4:$A$34<>""))>0)*(EXACT('Asignacion'!$E$4:$E$34,$E8))*(EXACT('Asignacion'!$B$4:$B$34,$B8)),0),0)))))) | K8: =IF(AND($A8=""),"",IF(AND(NOT(EXACT($J8,"")),EXACT($J8,$I8)),1,0)) | L8: =IF(AND($A8=""),"",MID(IF(AND(NOT(($B8="")),($E8="")),"; "&"Esta fila de carga todavia no tiene profesor",""),3,32767)) | M8: =IF(OR(AND(NOT(($B8="")),($E8=""))),2,0)
A9: 6 | B9: PROB | C9: Conf | E9: MARA | F9: =IF(AND($A9=""),"",IF(ISNA(MATCH(1,INDEX(EXACT('Cobertura por asignatura'!$A$4:$A$27,$B9)*1*((('Cobertura por asignatura'!$A$4:$A$27<>""))>0),0),0)),"",IF(ISBLANK(INDEX('Cobertura por asignatura'!$B$4:$B$27,MATCH(1,INDEX(EXACT('Cobertura por asignatura'!$A$4:$A$27,$B9)*1*((('Cobertura por asignatura'!$A$4:$A$27<>""))>0),0),0))),"",INDEX('Cobertura por asignatura'!$B$4:$B$27,MATCH(1,INDEX(EXACT('Cobertura por asignatura'!$A$4:$A$27,$B9)*1*((('Cobertura por asignatura'!$A$4:$A$27<>""))>0),0),0))))) | G9: =IF(AND($A9=""),"",IF(EXACT($C9,"Conf"),IF(ISNA(MATCH(1,INDEX(EXACT('Cobertura por asignatura'!$A$4:$A$27,$B9)*1*((('Cobertura por asignatura'!$A$4:$A$27<>""))>0),0),0)),0,IF(ISBLANK(INDEX('Cobertura por asignatura'!$D$4:$D$27,MATCH(1,INDEX(EXACT('Cobertura por asignatura'!$A$4:$A$27,$B9)*1*((('Cobertura por asignatura'!$A$4:$A$27<>""))>0),0),0))),"",INDEX('Cobertura por asignatura'!$D$4:$D$27,MATCH(1,INDEX(EXACT('Cobertura por asignatura'!$A$4:$A$27,$B9)*1*((('Cobertura por asignatura'!$A$4:$A$27<>""))>0),0),0)))),IF(ISNA(MATCH(1,INDEX(EXACT('Cobertura por asignatura'!$A$4:$A$27,$B9)*1*((('Cobertura por asignatura'!$A$4:$A$27<>""))>0),0),0)),0,IF(ISBLANK(INDEX('Cobertura por asignatura'!$E$4:$E$27,MATCH(1,INDEX(EXACT('Cobertura por asignatura'!$A$4:$A$27,$B9)*1*((('Cobertura por asignatura'!$A$4:$A$27<>""))>0),0),0))),"",INDEX('Cobertura por asignatura'!$E$4:$E$27,MATCH(1,INDEX(EXACT('Cobertura por asignatura'!$A$4:$A$27,$B9)*1*((('Cobertura por asignatura'!$A$4:$A$27<>""))>0),0),0)))))) | H9: =IF(AND($A9=""),"",IF(ISNA(MATCH(1,INDEX(EXACT('Carga por profesor'!$A$4:$A$27,$E9)*1*((('Carga por profesor'!$A$4:$A$27<>""))>0),0),0)),"",IF(ISBLANK(INDEX('Carga por profesor'!$B$4:$B$27,MATCH(1,INDEX(EXACT('Carga por profesor'!$A$4:$A$27,$E9)*1*((('Carga por profesor'!$A$4:$A$27<>""))>0),0),0))),"",INDEX('Carga por profesor'!$B$4:$B$27,MATCH(1,INDEX(EXACT('Carga por profesor'!$A$4:$A$27,$E9)*1*((('Carga por profesor'!$A$4:$A$27<>""))>0),0),0))))) | I9: =IF(AND($A9=""),"",(IF(ISNUMBER($B9),IF($B9=0,"0",ROUND($B9,9-INT(LOG10(ABS($B9))))&""),$B9&"")&" "&IF(ISNUMBER($C9),IF($C9=0,"0",ROUND($C9,9-INT(LOG10(ABS($C9))))&""),$C9&"")&" "&IF(ISNUMBER($D9),IF($D9=0,"0",ROUND($D9,9-INT(LOG10(ABS($D9))))&""),$D9&""))) | J9: =IF(AND($A9=""),"",IF(OR(($E9=""),($B9="")),"",IF(ISNA(MATCH(1,INDEX(1*((('Asignacion'!$A$4:$A$34<>""))>0)*(EXACT('Asignacion'!$E$4:$E$34,$E9))*(EXACT('Asignacion'!$B$4:$B$34,$B9)),0),0)),"",IF(ISBLANK(INDEX('Asignacion'!$I$4:$I$34,MATCH(1,INDEX(1*((('Asignacion'!$A$4:$A$34<>""))>0)*(EXACT('Asignacion'!$E$4:$E$34,$E9))*(EXACT('Asignacion'!$B$4:$B$34,$B9)),0),0))),"",INDEX('Asignacion'!$I$4:$I$34,MATCH(1,INDEX(1*((('Asignacion'!$A$4:$A$34<>""))>0)*(EXACT('Asignacion'!$E$4:$E$34,$E9))*(EXACT('Asignacion'!$B$4:$B$34,$B9)),0),0)))))) | K9: =IF(AND($A9=""),"",IF(AND(NOT(EXACT($J9,"")),EXACT($J9,$I9)),1,0)) | L9: =IF(AND($A9=""),"",MID(IF(AND(NOT(($B9="")),($E9="")),"; "&"Esta fila de carga todavia no tiene profesor",""),3,32767)) | M9: =IF(OR(AND(NOT(($B9="")),($E9=""))),2,0)
A10: 7 | B10: PROB | C10: CP | D10: 1 | E10: MARA | F10: =IF(AND($A10=""),"",IF(ISNA(MATCH(1,INDEX(EXACT('Cobertura por asignatura'!$A$4:$A$27,$B10)*1*((('Cobertura por asignatura'!$A$4:$A$27<>""))>0),0),0)),"",IF(ISBLANK(INDEX('Cobertura por asignatura'!$B$4:$B$27,MATCH(1,INDEX(EXACT('Cobertura por asignatura'!$A$4:$A$27,$B10)*1*((('Cobertura por asignatura'!$A$4:$A$27<>""))>0),0),0))),"",INDEX('Cobertura por asignatura'!$B$4:$B$27,MATCH(1,INDEX(EXACT('Cobertura por asignatura'!$A$4:$A$27,$B10)*1*((('Cobertura por asignatura'!$A$4:$A$27<>""))>0),0),0))))) | G10: =IF(AND($A10=""),"",IF(EXACT($C10,"Conf"),IF(ISNA(MATCH(1,INDEX(EXACT('Cobertura por asignatura'!$A$4:$A$27,$B10)*1*((('Cobertura por asignatura'!$A$4:$A$27<>""))>0),0),0)),0,IF(ISBLANK(INDEX('Cobertura por asignatura'!$D$4:$D$27,MATCH(1,INDEX(EXACT('Cobertura por asignatura'!$A$4:$A$27,$B10)*1*((('Cobertura por asignatura'!$A$4:$A$27<>""))>0),0),0))),"",INDEX('Cobertura por asignatura'!$D$4:$D$27,MATCH(1,INDEX(EXACT('Cobertura por asignatura'!$A$4:$A$27,$B10)*1*((('Cobertura por asignatura'!$A$4:$A$27<>""))>0),0),0)))),IF(ISNA(MATCH(1,INDEX(EXACT('Cobertura por asignatura'!$A$4:$A$27,$B10)*1*((('Cobertura por asignatura'!$A$4:$A$27<>""))>0),0),0)),0,IF(ISBLANK(INDEX('Cobertura por asignatura'!$E$4:$E$27,MATCH(1,INDEX(EXACT('Cobertura por asignatura'!$A$4:$A$27,$B10)*1*((('Cobertura por asignatura'!$A$4:$A$27<>""))>0),0),0))),"",INDEX('Cobertura por asignatura'!$E$4:$E$27,MATCH(1,INDEX(EXACT('Cobertura por asignatura'!$A$4:$A$27,$B10)*1*((('Cobertura por asignatura'!$A$4:$A$27<>""))>0),0),0)))))) | H10: =IF(AND($A10=""),"",IF(ISNA(MATCH(1,INDEX(EXACT('Carga por profesor'!$A$4:$A$27,$E10)*1*((('Carga por profesor'!$A$4:$A$27<>""))>0),0),0)),"",IF(ISBLANK(INDEX('Carga por profesor'!$B$4:$B$27,MATCH(1,INDEX(EXACT('Carga por profesor'!$A$4:$A$27,$E10)*1*((('Carga por profesor'!$A$4:$A$27<>""))>0),0),0))),"",INDEX('Carga por profesor'!$B$4:$B$27,MATCH(1,INDEX(EXACT('Carga por profesor'!$A$4:$A$27,$E10)*1*((('Carga por profesor'!$A$4:$A$27<>""))>0),0),0))))) | I10: =IF(AND($A10=""),"",(IF(ISNUMBER($B10),IF($B10=0,"0",ROUND($B10,9-INT(LOG10(ABS($B10))))&""),$B10&"")&" "&IF(ISNUMBER($C10),IF($C10=0,"0",ROUND($C10,9-INT(LOG10(ABS($C10))))&""),$C10&"")&" "&IF(ISNUMBER($D10),IF($D10=0,"0",ROUND($D10,9-INT(LOG10(ABS($D10))))&""),$D10&""))) | J10: =IF(AND($A10=""),"",IF(OR(($E10=""),($B10="")),"",IF(ISNA(MATCH(1,INDEX(1*((('Asignacion'!$A$4:$A$34<>""))>0)*(EXACT('Asignacion'!$E$4:$E$34,$E10))*(EXACT('Asignacion'!$B$4:$B$34,$B10)),0),0)),"",IF(ISBLANK(INDEX('Asignacion'!$I$4:$I$34,MATCH(1,INDEX(1*((('Asignacion'!$A$4:$A$34<>""))>0)*(EXACT('Asignacion'!$E$4:$E$34,$E10))*(EXACT('Asignacion'!$B$4:$B$34,$B10)),0),0))),"",INDEX('Asignacion'!$I$4:$I$34,MATCH(1,INDEX(1*((('Asignacion'!$A$4:$A$34<>""))>0)*(EXACT('Asignacion'!$E$4:$E$34,$E10))*(EXACT('Asignacion'!$B$4:$B$34,$B10)),0),0)))))) | K10: =IF(AND($A10=""),"",IF(AND(NOT(EXACT($J10,"")),EXACT($J10,$I10)),1,0)) | L10: =IF(AND($A10=""),"",MID(IF(AND(NOT(($B10="")),($E10="")),"; "&"Esta fila de carga todavia no tiene profesor",""),3,32767)) | M10: =IF(OR(AND(NOT(($B10="")),($E10=""))),2,0)
A11: 8 | B11: PROB | C11: CP | D11: 2 | F11: =IF(AND($A11=""),"",IF(ISNA(MATCH(1,INDEX(EXACT('Cobertura por asignatura'!$A$4:$A$27,$B11)*1*((('Cobertura por asignatura'!$A$4:$A$27<>""))>0),0),0)),"",IF(ISBLANK(INDEX('Cobertura por asignatura'!$B$4:$B$27,MATCH(1,INDEX(EXACT('Cobertura por asignatura'!$A$4:$A$27,$B11)*1*((('Cobertura por asignatura'!$A$4:$A$27<>""))>0),0),0))),"",INDEX('Cobertura por asignatura'!$B$4:$B$27,MATCH(1,INDEX(EXACT('Cobertura por asignatura'!$A$4:$A$27,$B11)*1*((('Cobertura por asignatura'!$A$4:$A$27<>""))>0),0),0))))) | G11: =IF(AND($A11=""),"",IF(EXACT($C11,"Conf"),IF(ISNA(MATCH(1,INDEX(EXACT('Cobertura por asignatura'!$A$4:$A$27,$B11)*1*((('Cobertura por asignatura'!$A$4:$A$27<>""))>0),0),0)),0,IF(ISBLANK(INDEX('Cobertura por asignatura'!$D$4:$D$27,MATCH(1,INDEX(EXACT('Cobertura por asignatura'!$A$4:$A$27,$B11)*1*((('Cobertura por asignatura'!$A$4:$A$27<>""))>0),0),0))),"",INDEX('Cobertura por asignatura'!$D$4:$D$27,MATCH(1,INDEX(EXACT('Cobertura por asignatura'!$A$4:$A$27,$B11)*1*((('Cobertura por asignatura'!$A$4:$A$27<>""))>0),0),0)))),IF(ISNA(MATCH(1,INDEX(EXACT('Cobertura por asignatura'!$A$4:$A$27,$B11)*1*((('Cobertura por asignatura'!$A$4:$A$27<>""))>0),0),0)),0,IF(ISBLANK(INDEX('Cobertura por asignatura'!$E$4:$E$27,MATCH(1,INDEX(EXACT('Cobertura por asignatura'!$A$4:$A$27,$B11)*1*((('Cobertura por asignatura'!$A$4:$A$27<>""))>0),0),0))),"",INDEX('Cobertura por asignatura'!$E$4:$E$27,MATCH(1,INDEX(EXACT('Cobertura por asignatura'!$A$4:$A$27,$B11)*1*((('Cobertura por asignatura'!$A$4:$A$27<>""))>0),0),0)))))) | H11: =IF(AND($A11=""),"",IF(ISNA(MATCH(1,INDEX(EXACT('Carga por profesor'!$A$4:$A$27,$E11)*1*((('Carga por profesor'!$A$4:$A$27<>""))>0),0),0)),"",IF(ISBLANK(INDEX('Carga por profesor'!$B$4:$B$27,MATCH(1,INDEX(EXACT('Carga por profesor'!$A$4:$A$27,$E11)*1*((('Carga por profesor'!$A$4:$A$27<>""))>0),0),0))),"",INDEX('Carga por profesor'!$B$4:$B$27,MATCH(1,INDEX(EXACT('Carga por profesor'!$A$4:$A$27,$E11)*1*((('Carga por profesor'!$A$4:$A$27<>""))>0),0),0))))) | I11: =IF(AND($A11=""),"",(IF(ISNUMBER($B11),IF($B11=0,"0",ROUND($B11,9-INT(LOG10(ABS($B11))))&""),$B11&"")&" "&IF(ISNUMBER($C11),IF($C11=0,"0",ROUND($C11,9-INT(LOG10(ABS($C11))))&""),$C11&"")&" "&IF(ISNUMBER($D11),IF($D11=0,"0",ROUND($D11,9-INT(LOG10(ABS($D11))))&""),$D11&""))) | J11: =IF(AND($A11=""),"",IF(OR(($E11=""),($B11="")),"",IF(ISNA(MATCH(1,INDEX(1*((('Asignacion'!$A$4:$A$34<>""))>0)*(EXACT('Asignacion'!$E$4:$E$34,$E11))*(EXACT('Asignacion'!$B$4:$B$34,$B11)),0),0)),"",IF(ISBLANK(INDEX('Asignacion'!$I$4:$I$34,MATCH(1,INDEX(1*((('Asignacion'!$A$4:$A$34<>""))>0)*(EXACT('Asignacion'!$E$4:$E$34,$E11))*(EXACT('Asignacion'!$B$4:$B$34,$B11)),0),0))),"",INDEX('Asignacion'!$I$4:$I$34,MATCH(1,INDEX(1*((('Asignacion'!$A$4:$A$34<>""))>0)*(EXACT('Asignacion'!$E$4:$E$34,$E11))*(EXACT('Asignacion'!$B$4:$B$34,$B11)),0),0)))))) | K11: =IF(AND($A11=""),"",IF(AND(NOT(EXACT($J11,"")),EXACT($J11,$I11)),1,0)) | L11: =IF(AND($A11=""),"",MID(IF(AND(NOT(($B11="")),($E11="")),"; "&"Esta fila de carga todavia no tiene profesor",""),3,32767)) | M11: =IF(OR(AND(NOT(($B11="")),($E11=""))),2,0)
A12: 9 | B12: MNUM | C12: Conf | E12: MARA | F12: =IF(AND($A12=""),"",IF(ISNA(MATCH(1,INDEX(EXACT('Cobertura por asignatura'!$A$4:$A$27,$B12)*1*((('Cobertura por asignatura'!$A$4:$A$27<>""))>0),0),0)),"",IF(ISBLANK(INDEX('Cobertura por asignatura'!$B$4:$B$27,MATCH(1,INDEX(EXACT('Cobertura por asignatura'!$A$4:$A$27,$B12)*1*((('Cobertura por asignatura'!$A$4:$A$27<>""))>0),0),0))),"",INDEX('Cobertura por asignatura'!$B$4:$B$27,MATCH(1,INDEX(EXACT('Cobertura por asignatura'!$A$4:$A$27,$B12)*1*((('Cobertura por asignatura'!$A$4:$A$27<>""))>0),0),0))))) | G12: =IF(AND($A12=""),"",IF(EXACT($C12,"Conf"),IF(ISNA(MATCH(1,INDEX(EXACT('Cobertura por asignatura'!$A$4:$A$27,$B12)*1*((('Cobertura por asignatura'!$A$4:$A$27<>""))>0),0),0)),0,IF(ISBLANK(INDEX('Cobertura por asignatura'!$D$4:$D$27,MATCH(1,INDEX(EXACT('Cobertura por asignatura'!$A$4:$A$27,$B12)*1*((('Cobertura por asignatura'!$A$4:$A$27<>""))>0),0),0))),"",INDEX('Cobertura por asignatura'!$D$4:$D$27,MATCH(1,INDEX(EXACT('Cobertura por asignatura'!$A$4:$A$27,$B12)*1*((('Cobertura por asignatura'!$A$4:$A$27<>""))>0),0),0)))),IF(ISNA(MATCH(1,INDEX(EXACT('Cobertura por asignatura'!$A$4:$A$27,$B12)*1*((('Cobertura por asignatura'!$A$4:$A$27<>""))>0),0),0)),0,IF(ISBLANK(INDEX('Cobertura por asignatura'!$E$4:$E$27,MATCH(1,INDEX(EXACT('Cobertura por asignatura'!$A$4:$A$27,$B12)*1*((('Cobertura por asignatura'!$A$4:$A$27<>""))>0),0),0))),"",INDEX('Cobertura por asignatura'!$E$4:$E$27,MATCH(1,INDEX(EXACT('Cobertura por asignatura'!$A$4:$A$27,$B12)*1*((('Cobertura por asignatura'!$A$4:$A$27<>""))>0),0),0)))))) | H12: =IF(AND($A12=""),"",IF(ISNA(MATCH(1,INDEX(EXACT('Carga por profesor'!$A$4:$A$27,$E12)*1*((('Carga por profesor'!$A$4:$A$27<>""))>0),0),0)),"",IF(ISBLANK(INDEX('Carga por profesor'!$B$4:$B$27,MATCH(1,INDEX(EXACT('Carga por profesor'!$A$4:$A$27,$E12)*1*((('Carga por profesor'!$A$4:$A$27<>""))>0),0),0))),"",INDEX('Carga por profesor'!$B$4:$B$27,MATCH(1,INDEX(EXACT('Carga por profesor'!$A$4:$A$27,$E12)*1*((('Carga por profesor'!$A$4:$A$27<>""))>0),0),0))))) | I12: =IF(AND($A12=""),"",(IF(ISNUMBER($B12),IF($B12=0,"0",ROUND($B12,9-INT(LOG10(ABS($B12))))&""),$B12&"")&" "&IF(ISNUMBER($C12),IF($C12=0,"0",ROUND($C12,9-INT(LOG10(ABS($C12))))&""),$C12&"")&" "&IF(ISNUMBER($D12),IF($D12=0,"0",ROUND($D12,9-INT(LOG10(ABS($D12))))&""),$D12&""))) | J12: =IF(AND($A12=""),"",IF(OR(($E12=""),($B12="")),"",IF(ISNA(MATCH(1,INDEX(1*((('Asignacion'!$A$4:$A$34<>""))>0)*(EXACT('Asignacion'!$E$4:$E$34,$E12))*(EXACT('Asignacion'!$B$4:$B$34,$B12)),0),0)),"",IF(ISBLANK(INDEX('Asignacion'!$I$4:$I$34,MATCH(1,INDEX(1*((('Asignacion'!$A$4:$A$34<>""))>0)*(EXACT('Asignacion'!$E$4:$E$34,$E12))*(EXACT('Asignacion'!$B$4:$B$34,$B12)),0),0))),"",INDEX('Asignacion'!$I$4:$I$34,MATCH(1,INDEX(1*((('Asignacion'!$A$4:$A$34<>""))>0)*(EXACT('Asignacion'!$E$4:$E$34,$E12))*(EXACT('Asignacion'!$B$4:$B$34,$B12)),0),0)))))) | K12: =IF(AND($A12=""),"",IF(AND(NOT(EXACT($J12,"")),EXACT($J12,$I12)),1,0)) | L12: =IF(AND($A12=""),"",MID(IF(AND(NOT(($B12="")),($E12="")),"; "&"Esta fila de carga todavia no tiene profesor",""),3,32767)) | M12: =IF(OR(AND(NOT(($B12="")),($E12=""))),2,0)
A13: 10 | F13: =IF(AND($A13=""),"",IF(ISNA(MATCH(1,INDEX(EXACT('Cobertura por asignatura'!$A$4:$A$27,$B13)*1*((('Cobertura por asignatura'!$A$4:$A$27<>""))>0),0),0)),"",IF(ISBLANK(INDEX('Cobertura por asignatura'!$B$4:$B$27,MATCH(1,INDEX(EXACT('Cobertura por asignatura'!$A$4:$A$27,$B13)*1*((('Cobertura por asignatura'!$A$4:$A$27<>""))>0),0),0))),"",INDEX('Cobertura por asignatura'!$B$4:$B$27,MATCH(1,INDEX(EXACT('Cobertura por asignatura'!$A$4:$A$27,$B13)*1*((('Cobertura por asignatura'!$A$4:$A$27<>""))>0),0),0))))) | G13: =IF(AND($A13=""),"",IF(EXACT($C13,"Conf"),IF(ISNA(MATCH(1,INDEX(EXACT('Cobertura por asignatura'!$A$4:$A$27,$B13)*1*((('Cobertura por asignatura'!$A$4:$A$27<>""))>0),0),0)),0,IF(ISBLANK(INDEX('Cobertura por asignatura'!$D$4:$D$27,MATCH(1,INDEX(EXACT('Cobertura por asignatura'!$A$4:$A$27,$B13)*1*((('Cobertura por asignatura'!$A$4:$A$27<>""))>0),0),0))),"",INDEX('Cobertura por asignatura'!$D$4:$D$27,MATCH(1,INDEX(EXACT('Cobertura por asignatura'!$A$4:$A$27,$B13)*1*((('Cobertura por asignatura'!$A$4:$A$27<>""))>0),0),0)))),IF(ISNA(MATCH(1,INDEX(EXACT('Cobertura por asignatura'!$A$4:$A$27,$B13)*1*((('Cobertura por asignatura'!$A$4:$A$27<>""))>0),0),0)),0,IF(ISBLANK(INDEX('Cobertura por asignatura'!$E$4:$E$27,MATCH(1,INDEX(EXACT('Cobertura por asignatura'!$A$4:$A$27,$B13)*1*((('Cobertura por asignatura'!$A$4:$A$27<>""))>0),0),0))),"",INDEX('Cobertura por asignatura'!$E$4:$E$27,MATCH(1,INDEX(EXACT('Cobertura por asignatura'!$A$4:$A$27,$B13)*1*((('Cobertura por asignatura'!$A$4:$A$27<>""))>0),0),0)))))) | H13: =IF(AND($A13=""),"",IF(ISNA(MATCH(1,INDEX(EXACT('Carga por profesor'!$A$4:$A$27,$E13)*1*((('Carga por profesor'!$A$4:$A$27<>""))>0),0),0)),"",IF(ISBLANK(INDEX('Carga por profesor'!$B$4:$B$27,MATCH(1,INDEX(EXACT('Carga por profesor'!$A$4:$A$27,$E13)*1*((('Carga por profesor'!$A$4:$A$27<>""))>0),0),0))),"",INDEX('Carga por profesor'!$B$4:$B$27,MATCH(1,INDEX(EXACT('Carga por profesor'!$A$4:$A$27,$E13)*1*((('Carga por profesor'!$A$4:$A$27<>""))>0),0),0))))) | I13: =IF(AND($A13=""),"",(IF(ISNUMBER($B13),IF($B13=0,"0",ROUND($B13,9-INT(LOG10(ABS($B13))))&""),$B13&"")&" "&IF(ISNUMBER($C13),IF($C13=0,"0",ROUND($C13,9-INT(LOG10(ABS($C13))))&""),$C13&"")&" "&IF(ISNUMBER($D13),IF($D13=0,"0",ROUND($D13,9-INT(LOG10(ABS($D13))))&""),$D13&""))) | J13: =IF(AND($A13=""),"",IF(OR(($E13=""),($B13="")),"",IF(ISNA(MATCH(1,INDEX(1*((('Asignacion'!$A$4:$A$34<>""))>0)*(EXACT('Asignacion'!$E$4:$E$34,$E13))*(EXACT('Asignacion'!$B$4:$B$34,$B13)),0),0)),"",IF(ISBLANK(INDEX('Asignacion'!$I$4:$I$34,MATCH(1,INDEX(1*((('Asignacion'!$A$4:$A$34<>""))>0)*(EXACT('Asignacion'!$E$4:$E$34,$E13))*(EXACT('Asignacion'!$B$4:$B$34,$B13)),0),0))),"",INDEX('Asignacion'!$I$4:$I$34,MATCH(1,INDEX(1*((('Asignacion'!$A$4:$A$34<>""))>0)*(EXACT('Asignacion'!$E$4:$E$34,$E13))*(EXACT('Asignacion'!$B$4:$B$34,$B13)),0),0)))))) | K13: =IF(AND($A13=""),"",IF(AND(NOT(EXACT($J13,"")),EXACT($J13,$I13)),1,0)) | L13: =IF(AND($A13=""),"",MID(IF(AND(NOT(($B13="")),($E13="")),"; "&"Esta fila de carga todavia no tiene profesor",""),3,32767)) | M13: =IF(OR(AND(NOT(($B13="")),($E13=""))),2,0)
A14: 11 | F14: =IF(AND($A14=""),"",IF(ISNA(MATCH(1,INDEX(EXACT('Cobertura por asignatura'!$A$4:$A$27,$B14)*1*((('Cobertura por asignatura'!$A$4:$A$27<>""))>0),0),0)),"",IF(ISBLANK(INDEX('Cobertura por asignatura'!$B$4:$B$27,MATCH(1,INDEX(EXACT('Cobertura por asignatura'!$A$4:$A$27,$B14)*1*((('Cobertura por asignatura'!$A$4:$A$27<>""))>0),0),0))),"",INDEX('Cobertura por asignatura'!$B$4:$B$27,MATCH(1,INDEX(EXACT('Cobertura por asignatura'!$A$4:$A$27,$B14)*1*((('Cobertura por asignatura'!$A$4:$A$27<>""))>0),0),0))))) | G14: =IF(AND($A14=""),"",IF(EXACT($C14,"Conf"),IF(ISNA(MATCH(1,INDEX(EXACT('Cobertura por asignatura'!$A$4:$A$27,$B14)*1*((('Cobertura por asignatura'!$A$4:$A$27<>""))>0),0),0)),0,IF(ISBLANK(INDEX('Cobertura por asignatura'!$D$4:$D$27,MATCH(1,INDEX(EXACT('Cobertura por asignatura'!$A$4:$A$27,$B14)*1*((('Cobertura por asignatura'!$A$4:$A$27<>""))>0),0),0))),"",INDEX('Cobertura por asignatura'!$D$4:$D$27,MATCH(1,INDEX(EXACT('Cobertura por asignatura'!$A$4:$A$27,$B14)*1*((('Cobertura por asignatura'!$A$4:$A$27<>""))>0),0),0)))),IF(ISNA(MATCH(1,INDEX(EXACT('Cobertura por asignatura'!$A$4:$A$27,$B14)*1*((('Cobertura por asignatura'!$A$4:$A$27<>""))>0),0),0)),0,IF(ISBLANK(INDEX('Cobertura por asignatura'!$E$4:$E$27,MATCH(1,INDEX(EXACT('Cobertura por asignatura'!$A$4:$A$27,$B14)*1*((('Cobertura por asignatura'!$A$4:$A$27<>""))>0),0),0))),"",INDEX('Cobertura por asignatura'!$E$4:$E$27,MATCH(1,INDEX(EXACT('Cobertura por asignatura'!$A$4:$A$27,$B14)*1*((('Cobertura por asignatura'!$A$4:$A$27<>""))>0),0),0)))))) | H14: =IF(AND($A14=""),"",IF(ISNA(MATCH(1,INDEX(EXACT('Carga por profesor'!$A$4:$A$27,$E14)*1*((('Carga por profesor'!$A$4:$A$27<>""))>0),0),0)),"",IF(ISBLANK(INDEX('Carga por profesor'!$B$4:$B$27,MATCH(1,INDEX(EXACT('Carga por profesor'!$A$4:$A$27,$E14)*1*((('Carga por profesor'!$A$4:$A$27<>""))>0),0),0))),"",INDEX('Carga por profesor'!$B$4:$B$27,MATCH(1,INDEX(EXACT('Carga por profesor'!$A$4:$A$27,$E14)*1*((('Carga por profesor'!$A$4:$A$27<>""))>0),0),0))))) | I14: =IF(AND($A14=""),"",(IF(ISNUMBER($B14),IF($B14=0,"0",ROUND($B14,9-INT(LOG10(ABS($B14))))&""),$B14&"")&" "&IF(ISNUMBER($C14),IF($C14=0,"0",ROUND($C14,9-INT(LOG10(ABS($C14))))&""),$C14&"")&" "&IF(ISNUMBER($D14),IF($D14=0,"0",ROUND($D14,9-INT(LOG10(ABS($D14))))&""),$D14&""))) | J14: =IF(AND($A14=""),"",IF(OR(($E14=""),($B14="")),"",IF(ISNA(MATCH(1,INDEX(1*((('Asignacion'!$A$4:$A$34<>""))>0)*(EXACT('Asignacion'!$E$4:$E$34,$E14))*(EXACT('Asignacion'!$B$4:$B$34,$B14)),0),0)),"",IF(ISBLANK(INDEX('Asignacion'!$I$4:$I$34,MATCH(1,INDEX(1*((('Asignacion'!$A$4:$A$34<>""))>0)*(EXACT('Asignacion'!$E$4:$E$34,$E14))*(EXACT('Asignacion'!$B$4:$B$34,$B14)),0),0))),"",INDEX('Asignacion'!$I$4:$I$34,MATCH(1,INDEX(1*((('Asignacion'!$A$4:$A$34<>""))>0)*(EXACT('Asignacion'!$E$4:$E$34,$E14))*(EXACT('Asignacion'!$B$4:$B$34,$B14)),0),0)))))) | K14: =IF(AND($A14=""),"",IF(AND(NOT(EXACT($J14,"")),EXACT($J14,$I14)),1,0)) | L14: =IF(AND($A14=""),"",MID(IF(AND(NOT(($B14="")),($E14="")),"; "&"Esta fila de carga todavia no tiene profesor",""),3,32767)) | M14: =IF(OR(AND(NOT(($B14="")),($E14=""))),2,0)
F15: =IF(AND($A15=""),"",IF(ISNA(MATCH(1,INDEX(EXACT('Cobertura por asignatura'!$A$4:$A$27,$B15)*1*((('Cobertura por asignatura'!$A$4:$A$27<>""))>0),0),0)),"",IF(ISBLANK(INDEX('Cobertura por asignatura'!$B$4:$B$27,MATCH(1,INDEX(EXACT('Cobertura por asignatura'!$A$4:$A$27,$B15)*1*((('Cobertura por asignatura'!$A$4:$A$27<>""))>0),0),0))),"",INDEX('Cobertura por asignatura'!$B$4:$B$27,MATCH(1,INDEX(EXACT('Cobertura por asignatura'!$A$4:$A$27,$B15)*1*((('Cobertura por asignatura'!$A$4:$A$27<>""))>0),0),0))))) | G15: =IF(AND($A15=""),"",IF(EXACT($C15,"Conf"),IF(ISNA(MATCH(1,INDEX(EXACT('Cobertura por asignatura'!$A$4:$A$27,$B15)*1*((('Cobertura por asignatura'!$A$4:$A$27<>""))>0),0),0)),0,IF(ISBLANK(INDEX('Cobertura por asignatura'!$D$4:$D$27,MATCH(1,INDEX(EXACT('Cobertura por asignatura'!$A$4:$A$27,$B15)*1*((('Cobertura por asignatura'!$A$4:$A$27<>""))>0),0),0))),"",INDEX('Cobertura por asignatura'!$D$4:$D$27,MATCH(1,INDEX(EXACT('Cobertura por asignatura'!$A$4:$A$27,$B15)*1*((('Cobertura por asignatura'!$A$4:$A$27<>""))>0),0),0)))),IF(ISNA(MATCH(1,INDEX(EXACT('Cobertura por asignatura'!$A$4:$A$27,$B15)*1*((('Cobertura por asignatura'!$A$4:$A$27<>""))>0),0),0)),0,IF(ISBLANK(INDEX('Cobertura por asignatura'!$E$4:$E$27,MATCH(1,INDEX(EXACT('Cobertura por asignatura'!$A$4:$A$27,$B15)*1*((('Cobertura por asignatura'!$A$4:$A$27<>""))>0),0),0))),"",INDEX('Cobertura por asignatura'!$E$4:$E$27,MATCH(1,INDEX(EXACT('Cobertura por asignatura'!$A$4:$A$27,$B15)*1*((('Cobertura por asignatura'!$A$4:$A$27<>""))>0),0),0)))))) | H15: =IF(AND($A15=""),"",IF(ISNA(MATCH(1,INDEX(EXACT('Carga por profesor'!$A$4:$A$27,$E15)*1*((('Carga por profesor'!$A$4:$A$27<>""))>0),0),0)),"",IF(ISBLANK(INDEX('Carga por profesor'!$B$4:$B$27,MATCH(1,INDEX(EXACT('Carga por profesor'!$A$4:$A$27,$E15)*1*((('Carga por profesor'!$A$4:$A$27<>""))>0),0),0))),"",INDEX('Carga por profesor'!$B$4:$B$27,MATCH(1,INDEX(EXACT('Carga por profesor'!$A$4:$A$27,$E15)*1*((('Carga por profesor'!$A$4:$A$27<>""))>0),0),0))))) | I15: =IF(AND($A15=""),"",(IF(ISNUMBER($B15),IF($B15=0,"0",ROUND($B15,9-INT(LOG10(ABS($B15))))&""),$B15&"")&" "&IF(ISNUMBER($C15),IF($C15=0,"0",ROUND($C15,9-INT(LOG10(ABS($C15))))&""),$C15&"")&" "&IF(ISNUMBER($D15),IF($D15=0,"0",ROUND($D15,9-INT(LOG10(ABS($D15))))&""),$D15&""))) | J15: =IF(AND($A15=""),"",IF(OR(($E15=""),($B15="")),"",IF(ISNA(MATCH(1,INDEX(1*((('Asignacion'!$A$4:$A$34<>""))>0)*(EXACT('Asignacion'!$E$4:$E$34,$E15))*(EXACT('Asignacion'!$B$4:$B$34,$B15)),0),0)),"",IF(ISBLANK(INDEX('Asignacion'!$I$4:$I$34,MATCH(1,INDEX(1*((('Asignacion'!$A$4:$A$34<>""))>0)*(EXACT('Asignacion'!$E$4:$E$34,$E15))*(EXACT('Asignacion'!$B$4:$B$34,$B15)),0),0))),"",INDEX('Asignacion'!$I$4:$I$34,MATCH(1,INDEX(1*((('Asignacion'!$A$4:$A$34<>""))>0)*(EXACT('Asignacion'!$E$4:$E$34,$E15))*(EXACT('Asignacion'!$B$4:$B$34,$B15)),0),0)))))) | K15: =IF(AND($A15=""),"",IF(AND(NOT(EXACT($J15,"")),EXACT($J15,$I15)),1,0)) | L15: =IF(AND($A15=""),"",MID(IF(AND(NOT(($B15="")),($E15="")),"; "&"Esta fila de carga todavia no tiene profesor",""),3,32767)) | M15: =IF(OR(AND(NOT(($B15="")),($E15=""))),2,0)
F16: =IF(AND($A16=""),"",IF(ISNA(MATCH(1,INDEX(EXACT('Cobertura por asignatura'!$A$4:$A$27,$B16)*1*((('Cobertura por asignatura'!$A$4:$A$27<>""))>0),0),0)),"",IF(ISBLANK(INDEX('Cobertura por asignatura'!$B$4:$B$27,MATCH(1,INDEX(EXACT('Cobertura por asignatura'!$A$4:$A$27,$B16)*1*((('Cobertura por asignatura'!$A$4:$A$27<>""))>0),0),0))),"",INDEX('Cobertura por asignatura'!$B$4:$B$27,MATCH(1,INDEX(EXACT('Cobertura por asignatura'!$A$4:$A$27,$B16)*1*((('Cobertura por asignatura'!$A$4:$A$27<>""))>0),0),0))))) | G16: =IF(AND($A16=""),"",IF(EXACT($C16,"Conf"),IF(ISNA(MATCH(1,INDEX(EXACT('Cobertura por asignatura'!$A$4:$A$27,$B16)*1*((('Cobertura por asignatura'!$A$4:$A$27<>""))>0),0),0)),0,IF(ISBLANK(INDEX('Cobertura por asignatura'!$D$4:$D$27,MATCH(1,INDEX(EXACT('Cobertura por asignatura'!$A$4:$A$27,$B16)*1*((('Cobertura por asignatura'!$A$4:$A$27<>""))>0),0),0))),"",INDEX('Cobertura por asignatura'!$D$4:$D$27,MATCH(1,INDEX(EXACT('Cobertura por asignatura'!$A$4:$A$27,$B16)*1*((('Cobertura por asignatura'!$A$4:$A$27<>""))>0),0),0)))),IF(ISNA(MATCH(1,INDEX(EXACT('Cobertura por asignatura'!$A$4:$A$27,$B16)*1*((('Cobertura por asignatura'!$A$4:$A$27<>""))>0),0),0)),0,IF(ISBLANK(INDEX('Cobertura por asignatura'!$E$4:$E$27,MATCH(1,INDEX(EXACT('Cobertura por asignatura'!$A$4:$A$27,$B16)*1*((('Cobertura por asignatura'!$A$4:$A$27<>""))>0),0),0))),"",INDEX('Cobertura por asignatura'!$E$4:$E$27,MATCH(1,INDEX(EXACT('Cobertura por asignatura'!$A$4:$A$27,$B16)*1*((('Cobertura por asignatura'!$A$4:$A$27<>""))>0),0),0)))))) | H16: =IF(AND($A16=""),"",IF(ISNA(MATCH(1,INDEX(EXACT('Carga por profesor'!$A$4:$A$27,$E16)*1*((('Carga por profesor'!$A$4:$A$27<>""))>0),0),0)),"",IF(ISBLANK(INDEX('Carga por profesor'!$B$4:$B$27,MATCH(1,INDEX(EXACT('Carga por profesor'!$A$4:$A$27,$E16)*1*((('Carga por profesor'!$A$4:$A$27<>""))>0),0),0))),"",INDEX('Carga por profesor'!$B$4:$B$27,MATCH(1,INDEX(EXACT('Carga por profesor'!$A$4:$A$27,$E16)*1*((('Carga por profesor'!$A$4:$A$27<>""))>0),0),0))))) | I16: =IF(AND($A16=""),"",(IF(ISNUMBER($B16),IF($B16=0,"0",ROUND($B16,9-INT(LOG10(ABS($B16))))&""),$B16&"")&" "&IF(ISNUMBER($C16),IF($C16=0,"0",ROUND($C16,9-INT(LOG10(ABS($C16))))&""),$C16&"")&" "&IF(ISNUMBER($D16),IF($D16=0,"0",ROUND($D16,9-INT(LOG10(ABS($D16))))&""),$D16&""))) | J16: =IF(AND($A16=""),"",IF(OR(($E16=""),($B16="")),"",IF(ISNA(MATCH(1,INDEX(1*((('Asignacion'!$A$4:$A$34<>""))>0)*(EXACT('Asignacion'!$E$4:$E$34,$E16))*(EXACT('Asignacion'!$B$4:$B$34,$B16)),0),0)),"",IF(ISBLANK(INDEX('Asignacion'!$I$4:$I$34,MATCH(1,INDEX(1*((('Asignacion'!$A$4:$A$34<>""))>0)*(EXACT('Asignacion'!$E$4:$E$34,$E16))*(EXACT('Asignacion'!$B$4:$B$34,$B16)),0),0))),"",INDEX('Asignacion'!$I$4:$I$34,MATCH(1,INDEX(1*((('Asignacion'!$A$4:$A$34<>""))>0)*(EXACT('Asignacion'!$E$4:$E$34,$E16))*(EXACT('Asignacion'!$B$4:$B$34,$B16)),0),0)))))) | K16: =IF(AND($A16=""),"",IF(AND(NOT(EXACT($J16,"")),EXACT($J16,$I16)),1,0)) | L16: =IF(AND($A16=""),"",MID(IF(AND(NOT(($B16="")),($E16="")),"; "&"Esta fila de carga todavia no tiene profesor",""),3,32767)) | M16: =IF(OR(AND(NOT(($B16="")),($E16=""))),2,0)
F17: =IF(AND($A17=""),"",IF(ISNA(MATCH(1,INDEX(EXACT('Cobertura por asignatura'!$A$4:$A$27,$B17)*1*((('Cobertura por asignatura'!$A$4:$A$27<>""))>0),0),0)),"",IF(ISBLANK(INDEX('Cobertura por asignatura'!$B$4:$B$27,MATCH(1,INDEX(EXACT('Cobertura por asignatura'!$A$4:$A$27,$B17)*1*((('Cobertura por asignatura'!$A$4:$A$27<>""))>0),0),0))),"",INDEX('Cobertura por asignatura'!$B$4:$B$27,MATCH(1,INDEX(EXACT('Cobertura por asignatura'!$A$4:$A$27,$B17)*1*((('Cobertura por asignatura'!$A$4:$A$27<>""))>0),0),0))))) | G17: =IF(AND($A17=""),"",IF(EXACT($C17,"Conf"),IF(ISNA(MATCH(1,INDEX(EXACT('Cobertura por asignatura'!$A$4:$A$27,$B17)*1*((('Cobertura por asignatura'!$A$4:$A$27<>""))>0),0),0)),0,IF(ISBLANK(INDEX('Cobertura por asignatura'!$D$4:$D$27,MATCH(1,INDEX(EXACT('Cobertura por asignatura'!$A$4:$A$27,$B17)*1*((('Cobertura por asignatura'!$A$4:$A$27<>""))>0),0),0))),"",INDEX('Cobertura por asignatura'!$D$4:$D$27,MATCH(1,INDEX(EXACT('Cobertura por asignatura'!$A$4:$A$27,$B17)*1*((('Cobertura por asignatura'!$A$4:$A$27<>""))>0),0),0)))),IF(ISNA(MATCH(1,INDEX(EXACT('Cobertura por asignatura'!$A$4:$A$27,$B17)*1*((('Cobertura por asignatura'!$A$4:$A$27<>""))>0),0),0)),0,IF(ISBLANK(INDEX('Cobertura por asignatura'!$E$4:$E$27,MATCH(1,INDEX(EXACT('Cobertura por asignatura'!$A$4:$A$27,$B17)*1*((('Cobertura por asignatura'!$A$4:$A$27<>""))>0),0),0))),"",INDEX('Cobertura por asignatura'!$E$4:$E$27,MATCH(1,INDEX(EXACT('Cobertura por asignatura'!$A$4:$A$27,$B17)*1*((('Cobertura por asignatura'!$A$4:$A$27<>""))>0),0),0)))))) | H17: =IF(AND($A17=""),"",IF(ISNA(MATCH(1,INDEX(EXACT('Carga por profesor'!$A$4:$A$27,$E17)*1*((('Carga por profesor'!$A$4:$A$27<>""))>0),0),0)),"",IF(ISBLANK(INDEX('Carga por profesor'!$B$4:$B$27,MATCH(1,INDEX(EXACT('Carga por profesor'!$A$4:$A$27,$E17)*1*((('Carga por profesor'!$A$4:$A$27<>""))>0),0),0))),"",INDEX('Carga por profesor'!$B$4:$B$27,MATCH(1,INDEX(EXACT('Carga por profesor'!$A$4:$A$27,$E17)*1*((('Carga por profesor'!$A$4:$A$27<>""))>0),0),0))))) | I17: =IF(AND($A17=""),"",(IF(ISNUMBER($B17),IF($B17=0,"0",ROUND($B17,9-INT(LOG10(ABS($B17))))&""),$B17&"")&" "&IF(ISNUMBER($C17),IF($C17=0,"0",ROUND($C17,9-INT(LOG10(ABS($C17))))&""),$C17&"")&" "&IF(ISNUMBER($D17),IF($D17=0,"0",ROUND($D17,9-INT(LOG10(ABS($D17))))&""),$D17&""))) | J17: =IF(AND($A17=""),"",IF(OR(($E17=""),($B17="")),"",IF(ISNA(MATCH(1,INDEX(1*((('Asignacion'!$A$4:$A$34<>""))>0)*(EXACT('Asignacion'!$E$4:$E$34,$E17))*(EXACT('Asignacion'!$B$4:$B$34,$B17)),0),0)),"",IF(ISBLANK(INDEX('Asignacion'!$I$4:$I$34,MATCH(1,INDEX(1*((('Asignacion'!$A$4:$A$34<>""))>0)*(EXACT('Asignacion'!$E$4:$E$34,$E17))*(EXACT('Asignacion'!$B$4:$B$34,$B17)),0),0))),"",INDEX('Asignacion'!$I$4:$I$34,MATCH(1,INDEX(1*((('Asignacion'!$A$4:$A$34<>""))>0)*(EXACT('Asignacion'!$E$4:$E$34,$E17))*(EXACT('Asignacion'!$B$4:$B$34,$B17)),0),0)))))) | K17: =IF(AND($A17=""),"",IF(AND(NOT(EXACT($J17,"")),EXACT($J17,$I17)),1,0)) | L17: =IF(AND($A17=""),"",MID(IF(AND(NOT(($B17="")),($E17="")),"; "&"Esta fila de carga todavia no tiene profesor",""),3,32767)) | M17: =IF(OR(AND(NOT(($B17="")),($E17=""))),2,0)
F18: =IF(AND($A18=""),"",IF(ISNA(MATCH(1,INDEX(EXACT('Cobertura por asignatura'!$A$4:$A$27,$B18)*1*((('Cobertura por asignatura'!$A$4:$A$27<>""))>0),0),0)),"",IF(ISBLANK(INDEX('Cobertura por asignatura'!$B$4:$B$27,MATCH(1,INDEX(EXACT('Cobertura por asignatura'!$A$4:$A$27,$B18)*1*((('Cobertura por asignatura'!$A$4:$A$27<>""))>0),0),0))),"",INDEX('Cobertura por asignatura'!$B$4:$B$27,MATCH(1,INDEX(EXACT('Cobertura por asignatura'!$A$4:$A$27,$B18)*1*((('Cobertura por asignatura'!$A$4:$A$27<>""))>0),0),0))))) | G18: =IF(AND($A18=""),"",IF(EXACT($C18,"Conf"),IF(ISNA(MATCH(1,INDEX(EXACT('Cobertura por asignatura'!$A$4:$A$27,$B18)*1*((('Cobertura por asignatura'!$A$4:$A$27<>""))>0),0),0)),0,IF(ISBLANK(INDEX('Cobertura por asignatura'!$D$4:$D$27,MATCH(1,INDEX(EXACT('Cobertura por asignatura'!$A$4:$A$27,$B18)*1*((('Cobertura por asignatura'!$A$4:$A$27<>""))>0),0),0))),"",INDEX('Cobertura por asignatura'!$D$4:$D$27,MATCH(1,INDEX(EXACT('Cobertura por asignatura'!$A$4:$A$27,$B18)*1*((('Cobertura por asignatura'!$A$4:$A$27<>""))>0),0),0)))),IF(ISNA(MATCH(1,INDEX(EXACT('Cobertura por asignatura'!$A$4:$A$27,$B18)*1*((('Cobertura por asignatura'!$A$4:$A$27<>""))>0),0),0)),0,IF(ISBLANK(INDEX('Cobertura por asignatura'!$E$4:$E$27,MATCH(1,INDEX(EXACT('Cobertura por asignatura'!$A$4:$A$27,$B18)*1*((('Cobertura por asignatura'!$A$4:$A$27<>""))>0),0),0))),"",INDEX('Cobertura por asignatura'!$E$4:$E$27,MATCH(1,INDEX(EXACT('Cobertura por asignatura'!$A$4:$A$27,$B18)*1*((('Cobertura por asignatura'!$A$4:$A$27<>""))>0),0),0)))))) | H18: =IF(AND($A18=""),"",IF(ISNA(MATCH(1,INDEX(EXACT('Carga por profesor'!$A$4:$A$27,$E18)*1*((('Carga por profesor'!$A$4:$A$27<>""))>0),0),0)),"",IF(ISBLANK(INDEX('Carga por profesor'!$B$4:$B$27,MATCH(1,INDEX(EXACT('Carga por profesor'!$A$4:$A$27,$E18)*1*((('Carga por profesor'!$A$4:$A$27<>""))>0),0),0))),"",INDEX('Carga por profesor'!$B$4:$B$27,MATCH(1,INDEX(EXACT('Carga por profesor'!$A$4:$A$27,$E18)*1*((('Carga por profesor'!$A$4:$A$27<>""))>0),0),0))))) | I18: =IF(AND($A18=""),"",(IF(ISNUMBER($B18),IF($B18=0,"0",ROUND($B18,9-INT(LOG10(ABS($B18))))&""),$B18&"")&" "&IF(ISNUMBER($C18),IF($C18=0,"0",ROUND($C18,9-INT(LOG10(ABS($C18))))&""),$C18&"")&" "&IF(ISNUMBER($D18),IF($D18=0,"0",ROUND($D18,9-INT(LOG10(ABS($D18))))&""),$D18&""))) | J18: =IF(AND($A18=""),"",IF(OR(($E18=""),($B18="")),"",IF(ISNA(MATCH(1,INDEX(1*((('Asignacion'!$A$4:$A$34<>""))>0)*(EXACT('Asignacion'!$E$4:$E$34,$E18))*(EXACT('Asignacion'!$B$4:$B$34,$B18)),0),0)),"",IF(ISBLANK(INDEX('Asignacion'!$I$4:$I$34,MATCH(1,INDEX(1*((('Asignacion'!$A$4:$A$34<>""))>0)*(EXACT('Asignacion'!$E$4:$E$34,$E18))*(EXACT('Asignacion'!$B$4:$B$34,$B18)),0),0))),"",INDEX('Asignacion'!$I$4:$I$34,MATCH(1,INDEX(1*((('Asignacion'!$A$4:$A$34<>""))>0)*(EXACT('Asignacion'!$E$4:$E$34,$E18))*(EXACT('Asignacion'!$B$4:$B$34,$B18)),0),0)))))) | K18: =IF(AND($A18=""),"",IF(AND(NOT(EXACT($J18,"")),EXACT($J18,$I18)),1,0)) | L18: =IF(AND($A18=""),"",MID(IF(AND(NOT(($B18="")),($E18="")),"; "&"Esta fila de carga todavia no tiene profesor",""),3,32767)) | M18: =IF(OR(AND(NOT(($B18="")),($E18=""))),2,0)
F19: =IF(AND($A19=""),"",IF(ISNA(MATCH(1,INDEX(EXACT('Cobertura por asignatura'!$A$4:$A$27,$B19)*1*((('Cobertura por asignatura'!$A$4:$A$27<>""))>0),0),0)),"",IF(ISBLANK(INDEX('Cobertura por asignatura'!$B$4:$B$27,MATCH(1,INDEX(EXACT('Cobertura por asignatura'!$A$4:$A$27,$B19)*1*((('Cobertura por asignatura'!$A$4:$A$27<>""))>0),0),0))),"",INDEX('Cobertura por asignatura'!$B$4:$B$27,MATCH(1,INDEX(EXACT('Cobertura por asignatura'!$A$4:$A$27,$B19)*1*((('Cobertura por asignatura'!$A$4:$A$27<>""))>0),0),0))))) | G19: =IF(AND($A19=""),"",IF(EXACT($C19,"Conf"),IF(ISNA(MATCH(1,INDEX(EXACT('Cobertura por asignatura'!$A$4:$A$27,$B19)*1*((('Cobertura por asignatura'!$A$4:$A$27<>""))>0),0),0)),0,IF(ISBLANK(INDEX('Cobertura por asignatura'!$D$4:$D$27,MATCH(1,INDEX(EXACT('Cobertura por asignatura'!$A$4:$A$27,$B19)*1*((('Cobertura por asignatura'!$A$4:$A$27<>""))>0),0),0))),"",INDEX('Cobertura por asignatura'!$D$4:$D$27,MATCH(1,INDEX(EXACT('Cobertura por asignatura'!$A$4:$A$27,$B19)*1*((('Cobertura por asignatura'!$A$4:$A$27<>""))>0),0),0)))),IF(ISNA(MATCH(1,INDEX(EXACT('Cobertura por asignatura'!$A$4:$A$27,$B19)*1*((('Cobertura por asignatura'!$A$4:$A$27<>""))>0),0),0)),0,IF(ISBLANK(INDEX('Cobertura por asignatura'!$E$4:$E$27,MATCH(1,INDEX(EXACT('Cobertura por asignatura'!$A$4:$A$27,$B19)*1*((('Cobertura por asignatura'!$A$4:$A$27<>""))>0),0),0))),"",INDEX('Cobertura por asignatura'!$E$4:$E$27,MATCH(1,INDEX(EXACT('Cobertura por asignatura'!$A$4:$A$27,$B19)*1*((('Cobertura por asignatura'!$A$4:$A$27<>""))>0),0),0)))))) | H19: =IF(AND($A19=""),"",IF(ISNA(MATCH(1,INDEX(EXACT('Carga por profesor'!$A$4:$A$27,$E19)*1*((('Carga por profesor'!$A$4:$A$27<>""))>0),0),0)),"",IF(ISBLANK(INDEX('Carga por profesor'!$B$4:$B$27,MATCH(1,INDEX(EXACT('Carga por profesor'!$A$4:$A$27,$E19)*1*((('Carga por profesor'!$A$4:$A$27<>""))>0),0),0))),"",INDEX('Carga por profesor'!$B$4:$B$27,MATCH(1,INDEX(EXACT('Carga por profesor'!$A$4:$A$27,$E19)*1*((('Carga por profesor'!$A$4:$A$27<>""))>0),0),0))))) | I19: =IF(AND($A19=""),"",(IF(ISNUMBER($B19),IF($B19=0,"0",ROUND($B19,9-INT(LOG10(ABS($B19))))&""),$B19&"")&" "&IF(ISNUMBER($C19),IF($C19=0,"0",ROUND($C19,9-INT(LOG10(ABS($C19))))&""),$C19&"")&" "&IF(ISNUMBER($D19),IF($D19=0,"0",ROUND($D19,9-INT(LOG10(ABS($D19))))&""),$D19&""))) | J19: =IF(AND($A19=""),"",IF(OR(($E19=""),($B19="")),"",IF(ISNA(MATCH(1,INDEX(1*((('Asignacion'!$A$4:$A$34<>""))>0)*(EXACT('Asignacion'!$E$4:$E$34,$E19))*(EXACT('Asignacion'!$B$4:$B$34,$B19)),0),0)),"",IF(ISBLANK(INDEX('Asignacion'!$I$4:$I$34,MATCH(1,INDEX(1*((('Asignacion'!$A$4:$A$34<>""))>0)*(EXACT('Asignacion'!$E$4:$E$34,$E19))*(EXACT('Asignacion'!$B$4:$B$34,$B19)),0),0))),"",INDEX('Asignacion'!$I$4:$I$34,MATCH(1,INDEX(1*((('Asignacion'!$A$4:$A$34<>""))>0)*(EXACT('Asignacion'!$E$4:$E$34,$E19))*(EXACT('Asignacion'!$B$4:$B$34,$B19)),0),0)))))) | K19: =IF(AND($A19=""),"",IF(AND(NOT(EXACT($J19,"")),EXACT($J19,$I19)),1,0)) | L19: =IF(AND($A19=""),"",MID(IF(AND(NOT(($B19="")),($E19="")),"; "&"Esta fila de carga todavia no tiene profesor",""),3,32767)) | M19: =IF(OR(AND(NOT(($B19="")),($E19=""))),2,0)
F20: =IF(AND($A20=""),"",IF(ISNA(MATCH(1,INDEX(EXACT('Cobertura por asignatura'!$A$4:$A$27,$B20)*1*((('Cobertura por asignatura'!$A$4:$A$27<>""))>0),0),0)),"",IF(ISBLANK(INDEX('Cobertura por asignatura'!$B$4:$B$27,MATCH(1,INDEX(EXACT('Cobertura por asignatura'!$A$4:$A$27,$B20)*1*((('Cobertura por asignatura'!$A$4:$A$27<>""))>0),0),0))),"",INDEX('Cobertura por asignatura'!$B$4:$B$27,MATCH(1,INDEX(EXACT('Cobertura por asignatura'!$A$4:$A$27,$B20)*1*((('Cobertura por asignatura'!$A$4:$A$27<>""))>0),0),0))))) | G20: =IF(AND($A20=""),"",IF(EXACT($C20,"Conf"),IF(ISNA(MATCH(1,INDEX(EXACT('Cobertura por asignatura'!$A$4:$A$27,$B20)*1*((('Cobertura por asignatura'!$A$4:$A$27<>""))>0),0),0)),0,IF(ISBLANK(INDEX('Cobertura por asignatura'!$D$4:$D$27,MATCH(1,INDEX(EXACT('Cobertura por asignatura'!$A$4:$A$27,$B20)*1*((('Cobertura por asignatura'!$A$4:$A$27<>""))>0),0),0))),"",INDEX('Cobertura por asignatura'!$D$4:$D$27,MATCH(1,INDEX(EXACT('Cobertura por asignatura'!$A$4:$A$27,$B20)*1*((('Cobertura por asignatura'!$A$4:$A$27<>""))>0),0),0)))),IF(ISNA(MATCH(1,INDEX(EXACT('Cobertura por asignatura'!$A$4:$A$27,$B20)*1*((('Cobertura por asignatura'!$A$4:$A$27<>""))>0),0),0)),0,IF(ISBLANK(INDEX('Cobertura por asignatura'!$E$4:$E$27,MATCH(1,INDEX(EXACT('Cobertura por asignatura'!$A$4:$A$27,$B20)*1*((('Cobertura por asignatura'!$A$4:$A$27<>""))>0),0),0))),"",INDEX('Cobertura por asignatura'!$E$4:$E$27,MATCH(1,INDEX(EXACT('Cobertura por asignatura'!$A$4:$A$27,$B20)*1*((('Cobertura por asignatura'!$A$4:$A$27<>""))>0),0),0)))))) | H20: =IF(AND($A20=""),"",IF(ISNA(MATCH(1,INDEX(EXACT('Carga por profesor'!$A$4:$A$27,$E20)*1*((('Carga por profesor'!$A$4:$A$27<>""))>0),0),0)),"",IF(ISBLANK(INDEX('Carga por profesor'!$B$4:$B$27,MATCH(1,INDEX(EXACT('Carga por profesor'!$A$4:$A$27,$E20)*1*((('Carga por profesor'!$A$4:$A$27<>""))>0),0),0))),"",INDEX('Carga por profesor'!$B$4:$B$27,MATCH(1,INDEX(EXACT('Carga por profesor'!$A$4:$A$27,$E20)*1*((('Carga por profesor'!$A$4:$A$27<>""))>0),0),0))))) | I20: =IF(AND($A20=""),"",(IF(ISNUMBER($B20),IF($B20=0,"0",ROUND($B20,9-INT(LOG10(ABS($B20))))&""),$B20&"")&" "&IF(ISNUMBER($C20),IF($C20=0,"0",ROUND($C20,9-INT(LOG10(ABS($C20))))&""),$C20&"")&" "&IF(ISNUMBER($D20),IF($D20=0,"0",ROUND($D20,9-INT(LOG10(ABS($D20))))&""),$D20&""))) | J20: =IF(AND($A20=""),"",IF(OR(($E20=""),($B20="")),"",IF(ISNA(MATCH(1,INDEX(1*((('Asignacion'!$A$4:$A$34<>""))>0)*(EXACT('Asignacion'!$E$4:$E$34,$E20))*(EXACT('Asignacion'!$B$4:$B$34,$B20)),0),0)),"",IF(ISBLANK(INDEX('Asignacion'!$I$4:$I$34,MATCH(1,INDEX(1*((('Asignacion'!$A$4:$A$34<>""))>0)*(EXACT('Asignacion'!$E$4:$E$34,$E20))*(EXACT('Asignacion'!$B$4:$B$34,$B20)),0),0))),"",INDEX('Asignacion'!$I$4:$I$34,MATCH(1,INDEX(1*((('Asignacion'!$A$4:$A$34<>""))>0)*(EXACT('Asignacion'!$E$4:$E$34,$E20))*(EXACT('Asignacion'!$B$4:$B$34,$B20)),0),0)))))) | K20: =IF(AND($A20=""),"",IF(AND(NOT(EXACT($J20,"")),EXACT($J20,$I20)),1,0)) | L20: =IF(AND($A20=""),"",MID(IF(AND(NOT(($B20="")),($E20="")),"; "&"Esta fila de carga todavia no tiene profesor",""),3,32767)) | M20: =IF(OR(AND(NOT(($B20="")),($E20=""))),2,0)
F21: =IF(AND($A21=""),"",IF(ISNA(MATCH(1,INDEX(EXACT('Cobertura por asignatura'!$A$4:$A$27,$B21)*1*((('Cobertura por asignatura'!$A$4:$A$27<>""))>0),0),0)),"",IF(ISBLANK(INDEX('Cobertura por asignatura'!$B$4:$B$27,MATCH(1,INDEX(EXACT('Cobertura por asignatura'!$A$4:$A$27,$B21)*1*((('Cobertura por asignatura'!$A$4:$A$27<>""))>0),0),0))),"",INDEX('Cobertura por asignatura'!$B$4:$B$27,MATCH(1,INDEX(EXACT('Cobertura por asignatura'!$A$4:$A$27,$B21)*1*((('Cobertura por asignatura'!$A$4:$A$27<>""))>0),0),0))))) | G21: =IF(AND($A21=""),"",IF(EXACT($C21,"Conf"),IF(ISNA(MATCH(1,INDEX(EXACT('Cobertura por asignatura'!$A$4:$A$27,$B21)*1*((('Cobertura por asignatura'!$A$4:$A$27<>""))>0),0),0)),0,IF(ISBLANK(INDEX('Cobertura por asignatura'!$D$4:$D$27,MATCH(1,INDEX(EXACT('Cobertura por asignatura'!$A$4:$A$27,$B21)*1*((('Cobertura por asignatura'!$A$4:$A$27<>""))>0),0),0))),"",INDEX('Cobertura por asignatura'!$D$4:$D$27,MATCH(1,INDEX(EXACT('Cobertura por asignatura'!$A$4:$A$27,$B21)*1*((('Cobertura por asignatura'!$A$4:$A$27<>""))>0),0),0)))),IF(ISNA(MATCH(1,INDEX(EXACT('Cobertura por asignatura'!$A$4:$A$27,$B21)*1*((('Cobertura por asignatura'!$A$4:$A$27<>""))>0),0),0)),0,IF(ISBLANK(INDEX('Cobertura por asignatura'!$E$4:$E$27,MATCH(1,INDEX(EXACT('Cobertura por asignatura'!$A$4:$A$27,$B21)*1*((('Cobertura por asignatura'!$A$4:$A$27<>""))>0),0),0))),"",INDEX('Cobertura por asignatura'!$E$4:$E$27,MATCH(1,INDEX(EXACT('Cobertura por asignatura'!$A$4:$A$27,$B21)*1*((('Cobertura por asignatura'!$A$4:$A$27<>""))>0),0),0)))))) | H21: =IF(AND($A21=""),"",IF(ISNA(MATCH(1,INDEX(EXACT('Carga por profesor'!$A$4:$A$27,$E21)*1*((('Carga por profesor'!$A$4:$A$27<>""))>0),0),0)),"",IF(ISBLANK(INDEX('Carga por profesor'!$B$4:$B$27,MATCH(1,INDEX(EXACT('Carga por profesor'!$A$4:$A$27,$E21)*1*((('Carga por profesor'!$A$4:$A$27<>""))>0),0),0))),"",INDEX('Carga por profesor'!$B$4:$B$27,MATCH(1,INDEX(EXACT('Carga por profesor'!$A$4:$A$27,$E21)*1*((('Carga por profesor'!$A$4:$A$27<>""))>0),0),0))))) | I21: =IF(AND($A21=""),"",(IF(ISNUMBER($B21),IF($B21=0,"0",ROUND($B21,9-INT(LOG10(ABS($B21))))&""),$B21&"")&" "&IF(ISNUMBER($C21),IF($C21=0,"0",ROUND($C21,9-INT(LOG10(ABS($C21))))&""),$C21&"")&" "&IF(ISNUMBER($D21),IF($D21=0,"0",ROUND($D21,9-INT(LOG10(ABS($D21))))&""),$D21&""))) | J21: =IF(AND($A21=""),"",IF(OR(($E21=""),($B21="")),"",IF(ISNA(MATCH(1,INDEX(1*((('Asignacion'!$A$4:$A$34<>""))>0)*(EXACT('Asignacion'!$E$4:$E$34,$E21))*(EXACT('Asignacion'!$B$4:$B$34,$B21)),0),0)),"",IF(ISBLANK(INDEX('Asignacion'!$I$4:$I$34,MATCH(1,INDEX(1*((('Asignacion'!$A$4:$A$34<>""))>0)*(EXACT('Asignacion'!$E$4:$E$34,$E21))*(EXACT('Asignacion'!$B$4:$B$34,$B21)),0),0))),"",INDEX('Asignacion'!$I$4:$I$34,MATCH(1,INDEX(1*((('Asignacion'!$A$4:$A$34<>""))>0)*(EXACT('Asignacion'!$E$4:$E$34,$E21))*(EXACT('Asignacion'!$B$4:$B$34,$B21)),0),0)))))) | K21: =IF(AND($A21=""),"",IF(AND(NOT(EXACT($J21,"")),EXACT($J21,$I21)),1,0)) | L21: =IF(AND($A21=""),"",MID(IF(AND(NOT(($B21="")),($E21="")),"; "&"Esta fila de carga todavia no tiene profesor",""),3,32767)) | M21: =IF(OR(AND(NOT(($B21="")),($E21=""))),2,0)
F22: =IF(AND($A22=""),"",IF(ISNA(MATCH(1,INDEX(EXACT('Cobertura por asignatura'!$A$4:$A$27,$B22)*1*((('Cobertura por asignatura'!$A$4:$A$27<>""))>0),0),0)),"",IF(ISBLANK(INDEX('Cobertura por asignatura'!$B$4:$B$27,MATCH(1,INDEX(EXACT('Cobertura por asignatura'!$A$4:$A$27,$B22)*1*((('Cobertura por asignatura'!$A$4:$A$27<>""))>0),0),0))),"",INDEX('Cobertura por asignatura'!$B$4:$B$27,MATCH(1,INDEX(EXACT('Cobertura por asignatura'!$A$4:$A$27,$B22)*1*((('Cobertura por asignatura'!$A$4:$A$27<>""))>0),0),0))))) | G22: =IF(AND($A22=""),"",IF(EXACT($C22,"Conf"),IF(ISNA(MATCH(1,INDEX(EXACT('Cobertura por asignatura'!$A$4:$A$27,$B22)*1*((('Cobertura por asignatura'!$A$4:$A$27<>""))>0),0),0)),0,IF(ISBLANK(INDEX('Cobertura por asignatura'!$D$4:$D$27,MATCH(1,INDEX(EXACT('Cobertura por asignatura'!$A$4:$A$27,$B22)*1*((('Cobertura por asignatura'!$A$4:$A$27<>""))>0),0),0))),"",INDEX('Cobertura por asignatura'!$D$4:$D$27,MATCH(1,INDEX(EXACT('Cobertura por asignatura'!$A$4:$A$27,$B22)*1*((('Cobertura por asignatura'!$A$4:$A$27<>""))>0),0),0)))),IF(ISNA(MATCH(1,INDEX(EXACT('Cobertura por asignatura'!$A$4:$A$27,$B22)*1*((('Cobertura por asignatura'!$A$4:$A$27<>""))>0),0),0)),0,IF(ISBLANK(INDEX('Cobertura por asignatura'!$E$4:$E$27,MATCH(1,INDEX(EXACT('Cobertura por asignatura'!$A$4:$A$27,$B22)*1*((('Cobertura por asignatura'!$A$4:$A$27<>""))>0),0),0))),"",INDEX('Cobertura por asignatura'!$E$4:$E$27,MATCH(1,INDEX(EXACT('Cobertura por asignatura'!$A$4:$A$27,$B22)*1*((('Cobertura por asignatura'!$A$4:$A$27<>""))>0),0),0)))))) | H22: =IF(AND($A22=""),"",IF(ISNA(MATCH(1,INDEX(EXACT('Carga por profesor'!$A$4:$A$27,$E22)*1*((('Carga por profesor'!$A$4:$A$27<>""))>0),0),0)),"",IF(ISBLANK(INDEX('Carga por profesor'!$B$4:$B$27,MATCH(1,INDEX(EXACT('Carga por profesor'!$A$4:$A$27,$E22)*1*((('Carga por profesor'!$A$4:$A$27<>""))>0),0),0))),"",INDEX('Carga por profesor'!$B$4:$B$27,MATCH(1,INDEX(EXACT('Carga por profesor'!$A$4:$A$27,$E22)*1*((('Carga por profesor'!$A$4:$A$27<>""))>0),0),0))))) | I22: =IF(AND($A22=""),"",(IF(ISNUMBER($B22),IF($B22=0,"0",ROUND($B22,9-INT(LOG10(ABS($B22))))&""),$B22&"")&" "&IF(ISNUMBER($C22),IF($C22=0,"0",ROUND($C22,9-INT(LOG10(ABS($C22))))&""),$C22&"")&" "&IF(ISNUMBER($D22),IF($D22=0,"0",ROUND($D22,9-INT(LOG10(ABS($D22))))&""),$D22&""))) | J22: =IF(AND($A22=""),"",IF(OR(($E22=""),($B22="")),"",IF(ISNA(MATCH(1,INDEX(1*((('Asignacion'!$A$4:$A$34<>""))>0)*(EXACT('Asignacion'!$E$4:$E$34,$E22))*(EXACT('Asignacion'!$B$4:$B$34,$B22)),0),0)),"",IF(ISBLANK(INDEX('Asignacion'!$I$4:$I$34,MATCH(1,INDEX(1*((('Asignacion'!$A$4:$A$34<>""))>0)*(EXACT('Asignacion'!$E$4:$E$34,$E22))*(EXACT('Asignacion'!$B$4:$B$34,$B22)),0),0))),"",INDEX('Asignacion'!$I$4:$I$34,MATCH(1,INDEX(1*((('Asignacion'!$A$4:$A$34<>""))>0)*(EXACT('Asignacion'!$E$4:$E$34,$E22))*(EXACT('Asignacion'!$B$4:$B$34,$B22)),0),0)))))) | K22: =IF(AND($A22=""),"",IF(AND(NOT(EXACT($J22,"")),EXACT($J22,$I22)),1,0)) | L22: =IF(AND($A22=""),"",MID(IF(AND(NOT(($B22="")),($E22="")),"; "&"Esta fila de carga todavia no tiene profesor",""),3,32767)) | M22: =IF(OR(AND(NOT(($B22="")),($E22=""))),2,0)
F23: =IF(AND($A23=""),"",IF(ISNA(MATCH(1,INDEX(EXACT('Cobertura por asignatura'!$A$4:$A$27,$B23)*1*((('Cobertura por asignatura'!$A$4:$A$27<>""))>0),0),0)),"",IF(ISBLANK(INDEX('Cobertura por asignatura'!$B$4:$B$27,MATCH(1,INDEX(EXACT('Cobertura por asignatura'!$A$4:$A$27,$B23)*1*((('Cobertura por asignatura'!$A$4:$A$27<>""))>0),0),0))),"",INDEX('Cobertura por asignatura'!$B$4:$B$27,MATCH(1,INDEX(EXACT('Cobertura por asignatura'!$A$4:$A$27,$B23)*1*((('Cobertura por asignatura'!$A$4:$A$27<>""))>0),0),0))))) | G23: =IF(AND($A23=""),"",IF(EXACT($C23,"Conf"),IF(ISNA(MATCH(1,INDEX(EXACT('Cobertura por asignatura'!$A$4:$A$27,$B23)*1*((('Cobertura por asignatura'!$A$4:$A$27<>""))>0),0),0)),0,IF(ISBLANK(INDEX('Cobertura por asignatura'!$D$4:$D$27,MATCH(1,INDEX(EXACT('Cobertura por asignatura'!$A$4:$A$27,$B23)*1*((('Cobertura por asignatura'!$A$4:$A$27<>""))>0),0),0))),"",INDEX('Cobertura por asignatura'!$D$4:$D$27,MATCH(1,INDEX(EXACT('Cobertura por asignatura'!$A$4:$A$27,$B23)*1*((('Cobertura por asignatura'!$A$4:$A$27<>""))>0),0),0)))),IF(ISNA(MATCH(1,INDEX(EXACT('Cobertura por asignatura'!$A$4:$A$27,$B23)*1*((('Cobertura por asignatura'!$A$4:$A$27<>""))>0),0),0)),0,IF(ISBLANK(INDEX('Cobertura por asignatura'!$E$4:$E$27,MATCH(1,INDEX(EXACT('Cobertura por asignatura'!$A$4:$A$27,$B23)*1*((('Cobertura por asignatura'!$A$4:$A$27<>""))>0),0),0))),"",INDEX('Cobertura por asignatura'!$E$4:$E$27,MATCH(1,INDEX(EXACT('Cobertura por asignatura'!$A$4:$A$27,$B23)*1*((('Cobertura por asignatura'!$A$4:$A$27<>""))>0),0),0)))))) | H23: =IF(AND($A23=""),"",IF(ISNA(MATCH(1,INDEX(EXACT('Carga por profesor'!$A$4:$A$27,$E23)*1*((('Carga por profesor'!$A$4:$A$27<>""))>0),0),0)),"",IF(ISBLANK(INDEX('Carga por profesor'!$B$4:$B$27,MATCH(1,INDEX(EXACT('Carga por profesor'!$A$4:$A$27,$E23)*1*((('Carga por profesor'!$A$4:$A$27<>""))>0),0),0))),"",INDEX('Carga por profesor'!$B$4:$B$27,MATCH(1,INDEX(EXACT('Carga por profesor'!$A$4:$A$27,$E23)*1*((('Carga por profesor'!$A$4:$A$27<>""))>0),0),0))))) | I23: =IF(AND($A23=""),"",(IF(ISNUMBER($B23),IF($B23=0,"0",ROUND($B23,9-INT(LOG10(ABS($B23))))&""),$B23&"")&" "&IF(ISNUMBER($C23),IF($C23=0,"0",ROUND($C23,9-INT(LOG10(ABS($C23))))&""),$C23&"")&" "&IF(ISNUMBER($D23),IF($D23=0,"0",ROUND($D23,9-INT(LOG10(ABS($D23))))&""),$D23&""))) | J23: =IF(AND($A23=""),"",IF(OR(($E23=""),($B23="")),"",IF(ISNA(MATCH(1,INDEX(1*((('Asignacion'!$A$4:$A$34<>""))>0)*(EXACT('Asignacion'!$E$4:$E$34,$E23))*(EXACT('Asignacion'!$B$4:$B$34,$B23)),0),0)),"",IF(ISBLANK(INDEX('Asignacion'!$I$4:$I$34,MATCH(1,INDEX(1*((('Asignacion'!$A$4:$A$34<>""))>0)*(EXACT('Asignacion'!$E$4:$E$34,$E23))*(EXACT('Asignacion'!$B$4:$B$34,$B23)),0),0))),"",INDEX('Asignacion'!$I$4:$I$34,MATCH(1,INDEX(1*((('Asignacion'!$A$4:$A$34<>""))>0)*(EXACT('Asignacion'!$E$4:$E$34,$E23))*(EXACT('Asignacion'!$B$4:$B$34,$B23)),0),0)))))) | K23: =IF(AND($A23=""),"",IF(AND(NOT(EXACT($J23,"")),EXACT($J23,$I23)),1,0)) | L23: =IF(AND($A23=""),"",MID(IF(AND(NOT(($B23="")),($E23="")),"; "&"Esta fila de carga todavia no tiene profesor",""),3,32767)) | M23: =IF(OR(AND(NOT(($B23="")),($E23=""))),2,0)
F24: =IF(AND($A24=""),"",IF(ISNA(MATCH(1,INDEX(EXACT('Cobertura por asignatura'!$A$4:$A$27,$B24)*1*((('Cobertura por asignatura'!$A$4:$A$27<>""))>0),0),0)),"",IF(ISBLANK(INDEX('Cobertura por asignatura'!$B$4:$B$27,MATCH(1,INDEX(EXACT('Cobertura por asignatura'!$A$4:$A$27,$B24)*1*((('Cobertura por asignatura'!$A$4:$A$27<>""))>0),0),0))),"",INDEX('Cobertura por asignatura'!$B$4:$B$27,MATCH(1,INDEX(EXACT('Cobertura por asignatura'!$A$4:$A$27,$B24)*1*((('Cobertura por asignatura'!$A$4:$A$27<>""))>0),0),0))))) | G24: =IF(AND($A24=""),"",IF(EXACT($C24,"Conf"),IF(ISNA(MATCH(1,INDEX(EXACT('Cobertura por asignatura'!$A$4:$A$27,$B24)*1*((('Cobertura por asignatura'!$A$4:$A$27<>""))>0),0),0)),0,IF(ISBLANK(INDEX('Cobertura por asignatura'!$D$4:$D$27,MATCH(1,INDEX(EXACT('Cobertura por asignatura'!$A$4:$A$27,$B24)*1*((('Cobertura por asignatura'!$A$4:$A$27<>""))>0),0),0))),"",INDEX('Cobertura por asignatura'!$D$4:$D$27,MATCH(1,INDEX(EXACT('Cobertura por asignatura'!$A$4:$A$27,$B24)*1*((('Cobertura por asignatura'!$A$4:$A$27<>""))>0),0),0)))),IF(ISNA(MATCH(1,INDEX(EXACT('Cobertura por asignatura'!$A$4:$A$27,$B24)*1*((('Cobertura por asignatura'!$A$4:$A$27<>""))>0),0),0)),0,IF(ISBLANK(INDEX('Cobertura por asignatura'!$E$4:$E$27,MATCH(1,INDEX(EXACT('Cobertura por asignatura'!$A$4:$A$27,$B24)*1*((('Cobertura por asignatura'!$A$4:$A$27<>""))>0),0),0))),"",INDEX('Cobertura por asignatura'!$E$4:$E$27,MATCH(1,INDEX(EXACT('Cobertura por asignatura'!$A$4:$A$27,$B24)*1*((('Cobertura por asignatura'!$A$4:$A$27<>""))>0),0),0)))))) | H24: =IF(AND($A24=""),"",IF(ISNA(MATCH(1,INDEX(EXACT('Carga por profesor'!$A$4:$A$27,$E24)*1*((('Carga por profesor'!$A$4:$A$27<>""))>0),0),0)),"",IF(ISBLANK(INDEX('Carga por profesor'!$B$4:$B$27,MATCH(1,INDEX(EXACT('Carga por profesor'!$A$4:$A$27,$E24)*1*((('Carga por profesor'!$A$4:$A$27<>""))>0),0),0))),"",INDEX('Carga por profesor'!$B$4:$B$27,MATCH(1,INDEX(EXACT('Carga por profesor'!$A$4:$A$27,$E24)*1*((('Carga por profesor'!$A$4:$A$27<>""))>0),0),0))))) | I24: =IF(AND($A24=""),"",(IF(ISNUMBER($B24),IF($B24=0,"0",ROUND($B24,9-INT(LOG10(ABS($B24))))&""),$B24&"")&" "&IF(ISNUMBER($C24),IF($C24=0,"0",ROUND($C24,9-INT(LOG10(ABS($C24))))&""),$C24&"")&" "&IF(ISNUMBER($D24),IF($D24=0,"0",ROUND($D24,9-INT(LOG10(ABS($D24))))&""),$D24&""))) | J24: =IF(AND($A24=""),"",IF(OR(($E24=""),($B24="")),"",IF(ISNA(MATCH(1,INDEX(1*((('Asignacion'!$A$4:$A$34<>""))>0)*(EXACT('Asignacion'!$E$4:$E$34,$E24))*(EXACT('Asignacion'!$B$4:$B$34,$B24)),0),0)),"",IF(ISBLANK(INDEX('Asignacion'!$I$4:$I$34,MATCH(1,INDEX(1*((('Asignacion'!$A$4:$A$34<>""))>0)*(EXACT('Asignacion'!$E$4:$E$34,$E24))*(EXACT('Asignacion'!$B$4:$B$34,$B24)),0),0))),"",INDEX('Asignacion'!$I$4:$I$34,MATCH(1,INDEX(1*((('Asignacion'!$A$4:$A$34<>""))>0)*(EXACT('Asignacion'!$E$4:$E$34,$E24))*(EXACT('Asignacion'!$B$4:$B$34,$B24)),0),0)))))) | K24: =IF(AND($A24=""),"",IF(AND(NOT(EXACT($J24,"")),EXACT($J24,$I24)),1,0)) | L24: =IF(AND($A24=""),"",MID(IF(AND(NOT(($B24="")),($E24="")),"; "&"Esta fila de carga todavia no tiene profesor",""),3,32767)) | M24: =IF(OR(AND(NOT(($B24="")),($E24=""))),2,0)
F25: =IF(AND($A25=""),"",IF(ISNA(MATCH(1,INDEX(EXACT('Cobertura por asignatura'!$A$4:$A$27,$B25)*1*((('Cobertura por asignatura'!$A$4:$A$27<>""))>0),0),0)),"",IF(ISBLANK(INDEX('Cobertura por asignatura'!$B$4:$B$27,MATCH(1,INDEX(EXACT('Cobertura por asignatura'!$A$4:$A$27,$B25)*1*((('Cobertura por asignatura'!$A$4:$A$27<>""))>0),0),0))),"",INDEX('Cobertura por asignatura'!$B$4:$B$27,MATCH(1,INDEX(EXACT('Cobertura por asignatura'!$A$4:$A$27,$B25)*1*((('Cobertura por asignatura'!$A$4:$A$27<>""))>0),0),0))))) | G25: =IF(AND($A25=""),"",IF(EXACT($C25,"Conf"),IF(ISNA(MATCH(1,INDEX(EXACT('Cobertura por asignatura'!$A$4:$A$27,$B25)*1*((('Cobertura por asignatura'!$A$4:$A$27<>""))>0),0),0)),0,IF(ISBLANK(INDEX('Cobertura por asignatura'!$D$4:$D$27,MATCH(1,INDEX(EXACT('Cobertura por asignatura'!$A$4:$A$27,$B25)*1*((('Cobertura por asignatura'!$A$4:$A$27<>""))>0),0),0))),"",INDEX('Cobertura por asignatura'!$D$4:$D$27,MATCH(1,INDEX(EXACT('Cobertura por asignatura'!$A$4:$A$27,$B25)*1*((('Cobertura por asignatura'!$A$4:$A$27<>""))>0),0),0)))),IF(ISNA(MATCH(1,INDEX(EXACT('Cobertura por asignatura'!$A$4:$A$27,$B25)*1*((('Cobertura por asignatura'!$A$4:$A$27<>""))>0),0),0)),0,IF(ISBLANK(INDEX('Cobertura por asignatura'!$E$4:$E$27,MATCH(1,INDEX(EXACT('Cobertura por asignatura'!$A$4:$A$27,$B25)*1*((('Cobertura por asignatura'!$A$4:$A$27<>""))>0),0),0))),"",INDEX('Cobertura por asignatura'!$E$4:$E$27,MATCH(1,INDEX(EXACT('Cobertura por asignatura'!$A$4:$A$27,$B25)*1*((('Cobertura por asignatura'!$A$4:$A$27<>""))>0),0),0)))))) | H25: =IF(AND($A25=""),"",IF(ISNA(MATCH(1,INDEX(EXACT('Carga por profesor'!$A$4:$A$27,$E25)*1*((('Carga por profesor'!$A$4:$A$27<>""))>0),0),0)),"",IF(ISBLANK(INDEX('Carga por profesor'!$B$4:$B$27,MATCH(1,INDEX(EXACT('Carga por profesor'!$A$4:$A$27,$E25)*1*((('Carga por profesor'!$A$4:$A$27<>""))>0),0),0))),"",INDEX('Carga por profesor'!$B$4:$B$27,MATCH(1,INDEX(EXACT('Carga por profesor'!$A$4:$A$27,$E25)*1*((('Carga por profesor'!$A$4:$A$27<>""))>0),0),0))))) | I25: =IF(AND($A25=""),"",(IF(ISNUMBER($B25),IF($B25=0,"0",ROUND($B25,9-INT(LOG10(ABS($B25))))&""),$B25&"")&" "&IF(ISNUMBER($C25),IF($C25=0,"0",ROUND($C25,9-INT(LOG10(ABS($C25))))&""),$C25&"")&" "&IF(ISNUMBER($D25),IF($D25=0,"0",ROUND($D25,9-INT(LOG10(ABS($D25))))&""),$D25&""))) | J25: =IF(AND($A25=""),"",IF(OR(($E25=""),($B25="")),"",IF(ISNA(MATCH(1,INDEX(1*((('Asignacion'!$A$4:$A$34<>""))>0)*(EXACT('Asignacion'!$E$4:$E$34,$E25))*(EXACT('Asignacion'!$B$4:$B$34,$B25)),0),0)),"",IF(ISBLANK(INDEX('Asignacion'!$I$4:$I$34,MATCH(1,INDEX(1*((('Asignacion'!$A$4:$A$34<>""))>0)*(EXACT('Asignacion'!$E$4:$E$34,$E25))*(EXACT('Asignacion'!$B$4:$B$34,$B25)),0),0))),"",INDEX('Asignacion'!$I$4:$I$34,MATCH(1,INDEX(1*((('Asignacion'!$A$4:$A$34<>""))>0)*(EXACT('Asignacion'!$E$4:$E$34,$E25))*(EXACT('Asignacion'!$B$4:$B$34,$B25)),0),0)))))) | K25: =IF(AND($A25=""),"",IF(AND(NOT(EXACT($J25,"")),EXACT($J25,$I25)),1,0)) | L25: =IF(AND($A25=""),"",MID(IF(AND(NOT(($B25="")),($E25="")),"; "&"Esta fila de carga todavia no tiene profesor",""),3,32767)) | M25: =IF(OR(AND(NOT(($B25="")),($E25=""))),2,0)
F26: =IF(AND($A26=""),"",IF(ISNA(MATCH(1,INDEX(EXACT('Cobertura por asignatura'!$A$4:$A$27,$B26)*1*((('Cobertura por asignatura'!$A$4:$A$27<>""))>0),0),0)),"",IF(ISBLANK(INDEX('Cobertura por asignatura'!$B$4:$B$27,MATCH(1,INDEX(EXACT('Cobertura por asignatura'!$A$4:$A$27,$B26)*1*((('Cobertura por asignatura'!$A$4:$A$27<>""))>0),0),0))),"",INDEX('Cobertura por asignatura'!$B$4:$B$27,MATCH(1,INDEX(EXACT('Cobertura por asignatura'!$A$4:$A$27,$B26)*1*((('Cobertura por asignatura'!$A$4:$A$27<>""))>0),0),0))))) | G26: =IF(AND($A26=""),"",IF(EXACT($C26,"Conf"),IF(ISNA(MATCH(1,INDEX(EXACT('Cobertura por asignatura'!$A$4:$A$27,$B26)*1*((('Cobertura por asignatura'!$A$4:$A$27<>""))>0),0),0)),0,IF(ISBLANK(INDEX('Cobertura por asignatura'!$D$4:$D$27,MATCH(1,INDEX(EXACT('Cobertura por asignatura'!$A$4:$A$27,$B26)*1*((('Cobertura por asignatura'!$A$4:$A$27<>""))>0),0),0))),"",INDEX('Cobertura por asignatura'!$D$4:$D$27,MATCH(1,INDEX(EXACT('Cobertura por asignatura'!$A$4:$A$27,$B26)*1*((('Cobertura por asignatura'!$A$4:$A$27<>""))>0),0),0)))),IF(ISNA(MATCH(1,INDEX(EXACT('Cobertura por asignatura'!$A$4:$A$27,$B26)*1*((('Cobertura por asignatura'!$A$4:$A$27<>""))>0),0),0)),0,IF(ISBLANK(INDEX('Cobertura por asignatura'!$E$4:$E$27,MATCH(1,INDEX(EXACT('Cobertura por asignatura'!$A$4:$A$27,$B26)*1*((('Cobertura por asignatura'!$A$4:$A$27<>""))>0),0),0))),"",INDEX('Cobertura por asignatura'!$E$4:$E$27,MATCH(1,INDEX(EXACT('Cobertura por asignatura'!$A$4:$A$27,$B26)*1*((('Cobertura por asignatura'!$A$4:$A$27<>""))>0),0),0)))))) | H26: =IF(AND($A26=""),"",IF(ISNA(MATCH(1,INDEX(EXACT('Carga por profesor'!$A$4:$A$27,$E26)*1*((('Carga por profesor'!$A$4:$A$27<>""))>0),0),0)),"",IF(ISBLANK(INDEX('Carga por profesor'!$B$4:$B$27,MATCH(1,INDEX(EXACT('Carga por profesor'!$A$4:$A$27,$E26)*1*((('Carga por profesor'!$A$4:$A$27<>""))>0),0),0))),"",INDEX('Carga por profesor'!$B$4:$B$27,MATCH(1,INDEX(EXACT('Carga por profesor'!$A$4:$A$27,$E26)*1*((('Carga por profesor'!$A$4:$A$27<>""))>0),0),0))))) | I26: =IF(AND($A26=""),"",(IF(ISNUMBER($B26),IF($B26=0,"0",ROUND($B26,9-INT(LOG10(ABS($B26))))&""),$B26&"")&" "&IF(ISNUMBER($C26),IF($C26=0,"0",ROUND($C26,9-INT(LOG10(ABS($C26))))&""),$C26&"")&" "&IF(ISNUMBER($D26),IF($D26=0,"0",ROUND($D26,9-INT(LOG10(ABS($D26))))&""),$D26&""))) | J26: =IF(AND($A26=""),"",IF(OR(($E26=""),($B26="")),"",IF(ISNA(MATCH(1,INDEX(1*((('Asignacion'!$A$4:$A$34<>""))>0)*(EXACT('Asignacion'!$E$4:$E$34,$E26))*(EXACT('Asignacion'!$B$4:$B$34,$B26)),0),0)),"",IF(ISBLANK(INDEX('Asignacion'!$I$4:$I$34,MATCH(1,INDEX(1*((('Asignacion'!$A$4:$A$34<>""))>0)*(EXACT('Asignacion'!$E$4:$E$34,$E26))*(EXACT('Asignacion'!$B$4:$B$34,$B26)),0),0))),"",INDEX('Asignacion'!$I$4:$I$34,MATCH(1,INDEX(1*((('Asignacion'!$A$4:$A$34<>""))>0)*(EXACT('Asignacion'!$E$4:$E$34,$E26))*(EXACT('Asignacion'!$B$4:$B$34,$B26)),0),0)))))) | K26: =IF(AND($A26=""),"",IF(AND(NOT(EXACT($J26,"")),EXACT($J26,$I26)),1,0)) | L26: =IF(AND($A26=""),"",MID(IF(AND(NOT(($B26="")),($E26="")),"; "&"Esta fila de carga todavia no tiene profesor",""),3,32767)) | M26: =IF(OR(AND(NOT(($B26="")),($E26=""))),2,0)
... F34: =IF(AND($A34=""),"",IF(ISNA(MATCH(1,INDEX(EXACT('Cobertura por asignatura'!$A$4:$A$27,$B34)*1*((('Cobertura por asignatura'!$A$4:$A$27<>""))>0),0),0)),"",IF(ISBLANK(INDEX('Cobertura por asignatura'!$B$4:$B$27,MATCH(1,INDEX(EXACT('Cobertura por asignatura'!$A$4:$A$27,$B34)*1*((('Cobertura por asignatura'!$A$4:$A$27<>""))>0),0),0))),"",INDEX('Cobertura por asignatura'!$B$4:$B$27,MATCH(1,INDEX(EXACT('Cobertura por asignatura'!$A$4:$A$27,$B34)*1*((('Cobertura por asignatura'!$A$4:$A$27<>""))>0),0),0))))) | G34: =IF(AND($A34=""),"",IF(EXACT($C34,"Conf"),IF(ISNA(MATCH(1,INDEX(EXACT('Cobertura por asignatura'!$A$4:$A$27,$B34)*1*((('Cobertura por asignatura'!$A$4:$A$27<>""))>0),0),0)),0,IF(ISBLANK(INDEX('Cobertura por asignatura'!$D$4:$D$27,MATCH(1,INDEX(EXACT('Cobertura por asignatura'!$A$4:$A$27,$B34)*1*((('Cobertura por asignatura'!$A$4:$A$27<>""))>0),0),0))),"",INDEX('Cobertura por asignatura'!$D$4:$D$27,MATCH(1,INDEX(EXACT('Cobertura por asignatura'!$A$4:$A$27,$B34)*1*((('Cobertura por asignatura'!$A$4:$A$27<>""))>0),0),0)))),IF(ISNA(MATCH(1,INDEX(EXACT('Cobertura por asignatura'!$A$4:$A$27,$B34)*1*((('Cobertura por asignatura'!$A$4:$A$27<>""))>0),0),0)),0,IF(ISBLANK(INDEX('Cobertura por asignatura'!$E$4:$E$27,MATCH(1,INDEX(EXACT('Cobertura por asignatura'!$A$4:$A$27,$B34)*1*((('Cobertura por asignatura'!$A$4:$A$27<>""))>0),0),0))),"",INDEX('Cobertura por asignatura'!$E$4:$E$27,MATCH(1,INDEX(EXACT('Cobertura por asignatura'!$A$4:$A$27,$B34)*1*((('Cobertura por asignatura'!$A$4:$A$27<>""))>0),0),0)))))) | H34: =IF(AND($A34=""),"",IF(ISNA(MATCH(1,INDEX(EXACT('Carga por profesor'!$A$4:$A$27,$E34)*1*((('Carga por profesor'!$A$4:$A$27<>""))>0),0),0)),"",IF(ISBLANK(INDEX('Carga por profesor'!$B$4:$B$27,MATCH(1,INDEX(EXACT('Carga por profesor'!$A$4:$A$27,$E34)*1*((('Carga por profesor'!$A$4:$A$27<>""))>0),0),0))),"",INDEX('Carga por profesor'!$B$4:$B$27,MATCH(1,INDEX(EXACT('Carga por profesor'!$A$4:$A$27,$E34)*1*((('Carga por profesor'!$A$4:$A$27<>""))>0),0),0))))) | I34: =IF(AND($A34=""),"",(IF(ISNUMBER($B34),IF($B34=0,"0",ROUND($B34,9-INT(LOG10(ABS($B34))))&""),$B34&"")&" "&IF(ISNUMBER($C34),IF($C34=0,"0",ROUND($C34,9-INT(LOG10(ABS($C34))))&""),$C34&"")&" "&IF(ISNUMBER($D34),IF($D34=0,"0",ROUND($D34,9-INT(LOG10(ABS($D34))))&""),$D34&""))) | J34: =IF(AND($A34=""),"",IF(OR(($E34=""),($B34="")),"",IF(ISNA(MATCH(1,INDEX(1*((('Asignacion'!$A$4:$A$34<>""))>0)*(EXACT('Asignacion'!$E$4:$E$34,$E34))*(EXACT('Asignacion'!$B$4:$B$34,$B34)),0),0)),"",IF(ISBLANK(INDEX('Asignacion'!$I$4:$I$34,MATCH(1,INDEX(1*((('Asignacion'!$A$4:$A$34<>""))>0)*(EXACT('Asignacion'!$E$4:$E$34,$E34))*(EXACT('Asignacion'!$B$4:$B$34,$B34)),0),0))),"",INDEX('Asignacion'!$I$4:$I$34,MATCH(1,INDEX(1*((('Asignacion'!$A$4:$A$34<>""))>0)*(EXACT('Asignacion'!$E$4:$E$34,$E34))*(EXACT('Asignacion'!$B$4:$B$34,$B34)),0),0)))))) | K34: =IF(AND($A34=""),"",IF(AND(NOT(EXACT($J34,"")),EXACT($J34,$I34)),1,0)) | L34: =IF(AND($A34=""),"",MID(IF(AND(NOT(($B34="")),($E34="")),"; "&"Esta fila de carga todavia no tiene profesor",""),3,32767)) | M34: =IF(OR(AND(NOT(($B34="")),($E34=""))),2,0)
A36: Leyenda
B37: Esta fila de carga todavia no tiene profesor

Sheet Carga por profesor
A1: Carga por profesor
A3: Id | B3: Nombre | C3: Grado | D3: Tope | E3: Horas | F3: Asignaturas | G3: Lo que imparte | H3: Estado | I3: (nivel de las marcas)
A4: PIAD | B4: Pedro I. Alonso Diaz | C4: Dr. | D4: 160 | E4: =IF(AND($A4=""),"",SUMPRODUCT(1*(((('Asignacion'!$A$4:$A$34<>""))>0))*((EXACT('Asignacion'!$E$4:$E$34,$A4)))*(IFERROR(VALUE('Asignacion'!$G$4:$G$34&""),0)))) | F4: =IF(AND($A4=""),"",SUMPRODUCT(1*(((('Asignacion'!$A$4:$A$34<>""))>0))*((EXACT('Asignacion'!$E$4:$E$34,$A4)))*(IFERROR(VALUE('Asignacion'!$K$4:$K$34&""),0)))) | G4: =IF(AND($A4=""),"",SUMPRODUCT(1*EXACT(LEFT('Detalle - Lo que imparte'!$A$4:$A$11,LEN(($A4&CHAR(30)))),($A4&CHAR(30))))) | H4: =IF(AND($A4=""),"",MID(IF((IFERROR(VALUE($E4&""),0)>IFERROR(VALUE($D4&""),0)),"; "&IF(ISNUMBER(("Pasa del tope en "&IF(ISNUMBER((IFERROR(VALUE($E4&""),0)-IFERROR(VALUE($D4&""),0))),IF((IFERROR(VALUE($E4&""),0)-IFERROR(VALUE($D4&""),0))=0,"0",ROUND((IFERROR(VALUE($E4&""),0)-IFERROR(VALUE($D4&""),0)),9-INT(LOG10(ABS((IFERROR(VALUE($E4&""),0)-IFERROR(VALUE($D4&""),0))))))&""),(IFERROR(VALUE($E4&""),0)-IFERROR(VALUE($D4&""),0))&"")&" horas")),IF(("Pasa del tope en "&IF(ISNUMBER((IFERROR(VALUE($E4&""),0)-IFERROR(VALUE($D4&""),0))),IF((IFERROR(VALUE($E4&""),0)-IFERROR(VALUE($D4&""),0))=0,"0",ROUND((IFERROR(VALUE($E4&""),0)-IFERROR(VALUE($D4&""),0)),9-INT(LOG10(ABS((IFERROR(VALUE($E4&""),0)-IFERROR(VALUE($D4&""),0))))))&""),(IFERROR(VALUE($E4&""),0)-IFERROR(VALUE($D4&""),0))&"")&" horas")=0,"0",ROUND(("Pasa del tope en "&IF(ISNUMBER((IFERROR(VALUE($E4&""),0)-IFERROR(VALUE($D4&""),0))),IF((IFERROR(VALUE($E4&""),0)-IFERROR(VALUE($D4&""),0))=0,"0",ROUND((IFERROR(VALUE($E4&""),0)-IFERROR(VALUE($D4&""),0)),9-INT(LOG10(ABS((IFERROR(VALUE($E4&""),0)-IFERROR(VALUE($D4&""),0))))))&""),(IFERROR(VALUE($E4&""),0)-IFERROR(VALUE($D4&""),0))&"")&" horas"),9-INT(LOG10(ABS(("Pasa del tope en "&IF(ISNUMBER((IFERROR(VALUE($E4&""),0)-IFERROR(VALUE($D4&""),0))),IF((IFERROR(VALUE($E4&""),0)-IFERROR(VALUE($D4&""),0))=0,"0",ROUND((IFERROR(VALUE($E4&""),0)-IFERROR(VALUE($D4&""),0)),9-INT(LOG10(ABS((IFERROR(VALUE($E4&""),0)-IFERROR(VALUE($D4&""),0))))))&""),(IFERROR(VALUE($E4&""),0)-IFERROR(VALUE($D4&""),0))&"")&" horas")))))&""),("Pasa del tope en "&IF(ISNUMBER((IFERROR(VALUE($E4&""),0)-IFERROR(VALUE($D4&""),0))),IF((IFERROR(VALUE($E4&""),0)-IFERROR(VALUE($D4&""),0))=0,"0",ROUND((IFERROR(VALUE($E4&""),0)-IFERROR(VALUE($D4&""),0)),9-INT(LOG10(ABS((IFERROR(VALUE($E4&""),0)-IFERROR(VALUE($D4&""),0))))))&""),(IFERROR(VALUE($E4&""),0)-IFERROR(VALUE($D4&""),0))&"")&" horas")&""),""),3,32767)) | I4: =IF(OR((IFERROR(VALUE($E4&""),0)>IFERROR(VALUE($D4&""),0))),3,0)
A5: MARA | B5: Maria Ramirez | C5: MSc. | D5: 80 | E5: =IF(AND($A5=""),"",SUMPRODUCT(1*(((('Asignacion'!$A$4:$A$34<>""))>0))*((EXACT('Asignacion'!$E$4:$E$34,$A5)))*(IFERROR(VALUE('Asignacion'!$G$4:$G$34&""),0)))) | F5: =IF(AND($A5=""),"",SUMPRODUCT(1*(((('Asignacion'!$A$4:$A$34<>""))>0))*((EXACT('Asignacion'!$E$4:$E$34,$A5)))*(IFERROR(VALUE('Asignacion'!$K$4:$K$34&""),0)))) | G5: =IF(AND($A5=""),"",SUMPRODUCT(1*EXACT(LEFT('Detalle - Lo que imparte'!$A$4:$A$11,LEN(($A5&CHAR(30)))),($A5&CHAR(30))))) | H5: =IF(AND($A5=""),"",MID(IF((IFERROR(VALUE($E5&""),0)>IFERROR(VALUE($D5&""),0)),"; "&IF(ISNUMBER(("Pasa del tope en "&IF(ISNUMBER((IFERROR(VALUE($E5&""),0)-IFERROR(VALUE($D5&""),0))),IF((IFERROR(VALUE($E5&""),0)-IFERROR(VALUE($D5&""),0))=0,"0",ROUND((IFERROR(VALUE($E5&""),0)-IFERROR(VALUE($D5&""),0)),9-INT(LOG10(ABS((IFERROR(VALUE($E5&""),0)-IFERROR(VALUE($D5&""),0))))))&""),(IFERROR(VALUE($E5&""),0)-IFERROR(VALUE($D5&""),0))&"")&" horas")),IF(("Pasa del tope en "&IF(ISNUMBER((IFERROR(VALUE($E5&""),0)-IFERROR(VALUE($D5&""),0))),IF((IFERROR(VALUE($E5&""),0)-IFERROR(VALUE($D5&""),0))=0,"0",ROUND((IFERROR(VALUE($E5&""),0)-IFERROR(VALUE($D5&""),0)),9-INT(LOG10(ABS((IFERROR(VALUE($E5&""),0)-IFERROR(VALUE($D5&""),0))))))&""),(IFERROR(VALUE($E5&""),0)-IFERROR(VALUE($D5&""),0))&"")&" horas")=0,"0",ROUND(("Pasa del tope en "&IF(ISNUMBER((IFERROR(VALUE($E5&""),0)-IFERROR(VALUE($D5&""),0))),IF((IFERROR(VALUE($E5&""),0)-IFERROR(VALUE($D5&""),0))=0,"0",ROUND((IFERROR(VALUE($E5&""),0)-IFERROR(VALUE($D5&""),0)),9-INT(LOG10(ABS((IFERROR(VALUE($E5&""),0)-IFERROR(VALUE($D5&""),0))))))&""),(IFERROR(VALUE($E5&""),0)-IFERROR(VALUE($D5&""),0))&"")&" horas"),9-INT(LOG10(ABS(("Pasa del tope en "&IF(ISNUMBER((IFERROR(VALUE($E5&""),0)-IFERROR(VALUE($D5&""),0))),IF((IFERROR(VALUE($E5&""),0)-IFERROR(VALUE($D5&""),0))=0,"0",ROUND((IFERROR(VALUE($E5&""),0)-IFERROR(VALUE($D5&""),0)),9-INT(LOG10(ABS((IFERROR(VALUE($E5&""),0)-IFERROR(VALUE($D5&""),0))))))&""),(IFERROR(VALUE($E5&""),0)-IFERROR(VALUE($D5&""),0))&"")&" horas")))))&""),("Pasa del tope en "&IF(ISNUMBER((IFERROR(VALUE($E5&""),0)-IFERROR(VALUE($D5&""),0))),IF((IFERROR(VALUE($E5&""),0)-IFERROR(VALUE($D5&""),0))=0,"0",ROUND((IFERROR(VALUE($E5&""),0)-IFERROR(VALUE($D5&""),0)),9-INT(LOG10(ABS((IFERROR(VALUE($E5&""),0)-IFERROR(VALUE($D5&""),0))))))&""),(IFERROR(VALUE($E5&""),0)-IFERROR(VALUE($D5&""),0))&"")&" horas")&""),""),3,32767)) | I5: =IF(OR((IFERROR(VALUE($E5&""),0)>IFERROR(VALUE($D5&""),0))),3,0)
A6: LUGO | B6: Luis Gomez | C6: Lic. | D6: 160 | E6: =IF(AND($A6=""),"",SUMPRODUCT(1*(((('Asignacion'!$A$4:$A$34<>""))>0))*((EXACT('Asignacion'!$E$4:$E$34,$A6)))*(IFERROR(VALUE('Asignacion'!$G$4:$G$34&""),0)))) | F6: =IF(AND($A6=""),"",SUMPRODUCT(1*(((('Asignacion'!$A$4:$A$34<>""))>0))*((EXACT('Asignacion'!$E$4:$E$34,$A6)))*(IFERROR(VALUE('Asignacion'!$K$4:$K$34&""),0)))) | G6: =IF(AND($A6=""),"",SUMPRODUCT(1*EXACT(LEFT('Detalle - Lo que imparte'!$A$4:$A$11,LEN(($A6&CHAR(30)))),($A6&CHAR(30))))) | H6: =IF(AND($A6=""),"",MID(IF((IFERROR(VALUE($E6&""),0)>IFERROR(VALUE($D6&""),0)),"; "&IF(ISNUMBER(("Pasa del tope en "&IF(ISNUMBER((IFERROR(VALUE($E6&""),0)-IFERROR(VALUE($D6&""),0))),IF((IFERROR(VALUE($E6&""),0)-IFERROR(VALUE($D6&""),0))=0,"0",ROUND((IFERROR(VALUE($E6&""),0)-IFERROR(VALUE($D6&""),0)),9-INT(LOG10(ABS((IFERROR(VALUE($E6&""),0)-IFERROR(VALUE($D6&""),0))))))&""),(IFERROR(VALUE($E6&""),0)-IFERROR(VALUE($D6&""),0))&"")&" horas")),IF(("Pasa del tope en "&IF(ISNUMBER((IFERROR(VALUE($E6&""),0)-IFERROR(VALUE($D6&""),0))),IF((IFERROR(VALUE($E6&""),0)-IFERROR(VALUE($D6&""),0))=0,"0",ROUND((IFERROR(VALUE($E6&""),0)-IFERROR(VALUE($D6&""),0)),9-INT(LOG10(ABS((IFERROR(VALUE($E6&""),0)-IFERROR(VALUE($D6&""),0))))))&""),(IFERROR(VALUE($E6&""),0)-IFERROR(VALUE($D6&""),0))&"")&" horas")=0,"0",ROUND(("Pasa del tope en "&IF(ISNUMBER((IFERROR(VALUE($E6&""),0)-IFERROR(VALUE($D6&""),0))),IF((IFERROR(VALUE($E6&""),0)-IFERROR(VALUE($D6&""),0))=0,"0",ROUND((IFERROR(VALUE($E6&""),0)-IFERROR(VALUE($D6&""),0)),9-INT(LOG10(ABS((IFERROR(VALUE($E6&""),0)-IFERROR(VALUE($D6&""),0))))))&""),(IFERROR(VALUE($E6&""),0)-IFERROR(VALUE($D6&""),0))&"")&" horas"),9-INT(LOG10(ABS(("Pasa del tope en "&IF(ISNUMBER((IFERROR(VALUE($E6&""),0)-IFERROR(VALUE($D6&""),0))),IF((IFERROR(VALUE($E6&""),0)-IFERROR(VALUE($D6&""),0))=0,"0",ROUND((IFERROR(VALUE($E6&""),0)-IFERROR(VALUE($D6&""),0)),9-INT(LOG10(ABS((IFERROR(VALUE($E6&""),0)-IFERROR(VALUE($D6&""),0))))))&""),(IFERROR(VALUE($E6&""),0)-IFERROR(VALUE($D6&""),0))&"")&" horas")))))&""),("Pasa del tope en "&IF(ISNUMBER((IFERROR(VALUE($E6&""),0)-IFERROR(VALUE($D6&""),0))),IF((IFERROR(VALUE($E6&""),0)-IFERROR(VALUE($D6&""),0))=0,"0",ROUND((IFERROR(VALUE($E6&""),0)-IFERROR(VALUE($D6&""),0)),9-INT(LOG10(ABS((IFERROR(VALUE($E6&""),0)-IFERROR(VALUE($D6&""),0))))))&""),(IFERROR(VALUE($E6&""),0)-IFERROR(VALUE($D6&""),0))&"")&" horas")&""),""),3,32767)) | I6: =IF(OR((IFERROR(VALUE($E6&""),0)>IFERROR(VALUE($D6&""),0))),3,0)
A7: ROTO | B7: Rosa Torres | C7: Dra. | D7: 160 | E7: =IF(AND($A7=""),"",SUMPRODUCT(1*(((('Asignacion'!$A$4:$A$34<>""))>0))*((EXACT('Asignacion'!$E$4:$E$34,$A7)))*(IFERROR(VALUE('Asignacion'!$G$4:$G$34&""),0)))) | F7: =IF(AND($A7=""),"",SUMPRODUCT(1*(((('Asignacion'!$A$4:$A$34<>""))>0))*((EXACT('Asignacion'!$E$4:$E$34,$A7)))*(IFERROR(VALUE('Asignacion'!$K$4:$K$34&""),0)))) | G7: =IF(AND($A7=""),"",SUMPRODUCT(1*EXACT(LEFT('Detalle - Lo que imparte'!$A$4:$A$11,LEN(($A7&CHAR(30)))),($A7&CHAR(30))))) | H7: =IF(AND($A7=""),"",MID(IF((IFERROR(VALUE($E7&""),0)>IFERROR(VALUE($D7&""),0)),"; "&IF(ISNUMBER(("Pasa del tope en "&IF(ISNUMBER((IFERROR(VALUE($E7&""),0)-IFERROR(VALUE($D7&""),0))),IF((IFERROR(VALUE($E7&""),0)-IFERROR(VALUE($D7&""),0))=0,"0",ROUND((IFERROR(VALUE($E7&""),0)-IFERROR(VALUE($D7&""),0)),9-INT(LOG10(ABS((IFERROR(VALUE($E7&""),0)-IFERROR(VALUE($D7&""),0))))))&""),(IFERROR(VALUE($E7&""),0)-IFERROR(VALUE($D7&""),0))&"")&" horas")),IF(("Pasa del tope en "&IF(ISNUMBER((IFERROR(VALUE($E7&""),0)-IFERROR(VALUE($D7&""),0))),IF((IFERROR(VALUE($E7&""),0)-IFERROR(VALUE($D7&""),0))=0,"0",ROUND((IFERROR(VALUE($E7&""),0)-IFERROR(VALUE($D7&""),0)),9-INT(LOG10(ABS((IFERROR(VALUE($E7&""),0)-IFERROR(VALUE($D7&""),0))))))&""),(IFERROR(VALUE($E7&""),0)-IFERROR(VALUE($D7&""),0))&"")&" horas")=0,"0",ROUND(("Pasa del tope en "&IF(ISNUMBER((IFERROR(VALUE($E7&""),0)-IFERROR(VALUE($D7&""),0))),IF((IFERROR(VALUE($E7&""),0)-IFERROR(VALUE($D7&""),0))=0,"0",ROUND((IFERROR(VALUE($E7&""),0)-IFERROR(VALUE($D7&""),0)),9-INT(LOG10(ABS((IFERROR(VALUE($E7&""),0)-IFERROR(VALUE($D7&""),0))))))&""),(IFERROR(VALUE($E7&""),0)-IFERROR(VALUE($D7&""),0))&"")&" horas"),9-INT(LOG10(ABS(("Pasa del tope en "&IF(ISNUMBER((IFERROR(VALUE($E7&""),0)-IFERROR(VALUE($D7&""),0))),IF((IFERROR(VALUE($E7&""),0)-IFERROR(VALUE($D7&""),0))=0,"0",ROUND((IFERROR(VALUE($E7&""),0)-IFERROR(VALUE($D7&""),0)),9-INT(LOG10(ABS((IFERROR(VALUE($E7&""),0)-IFERROR(VALUE($D7&""),0))))))&""),(IFERROR(VALUE($E7&""),0)-IFERROR(VALUE($D7&""),0))&"")&" horas")))))&""),("Pasa del tope en "&IF(ISNUMBER((IFERROR(VALUE($E7&""),0)-IFERROR(VALUE($D7&""),0))),IF((IFERROR(VALUE($E7&""),0)-IFERROR(VALUE($D7&""),0))=0,"0",ROUND((IFERROR(VALUE($E7&""),0)-IFERROR(VALUE($D7&""),0)),9-INT(LOG10(ABS((IFERROR(VALUE($E7&""),0)-IFERROR(VALUE($D7&""),0))))))&""),(IFERROR(VALUE($E7&""),0)-IFERROR(VALUE($D7&""),0))&"")&" horas")&""),""),3,32767)) | I7: =IF(OR((IFERROR(VALUE($E7&""),0)>IFERROR(VALUE($D7&""),0))),3,0)
E8: =IF(AND($A8=""),"",SUMPRODUCT(1*(((('Asignacion'!$A$4:$A$34<>""))>0))*((EXACT('Asignacion'!$E$4:$E$34,$A8)))*(IFERROR(VALUE('Asignacion'!$G$4:$G$34&""),0)))) | F8: =IF(AND($A8=""),"",SUMPRODUCT(1*(((('Asignacion'!$A$4:$A$34<>""))>0))*((EXACT('Asignacion'!$E$4:$E$34,$A8)))*(IFERROR(VALUE('Asignacion'!$K$4:$K$34&""),0)))) | G8: =IF(AND($A8=""),"",SUMPRODUCT(1*EXACT(LEFT('Detalle - Lo que imparte'!$A$4:$A$11,LEN(($A8&CHAR(30)))),($A8&CHAR(30))))) | H8: =IF(AND($A8=""),"",MID(IF((IFERROR(VALUE($E8&""),0)>IFERROR(VALUE($D8&""),0)),"; "&IF(ISNUMBER(("Pasa del tope en "&IF(ISNUMBER((IFERROR(VALUE($E8&""),0)-IFERROR(VALUE($D8&""),0))),IF((IFERROR(VALUE($E8&""),0)-IFERROR(VALUE($D8&""),0))=0,"0",ROUND((IFERROR(VALUE($E8&""),0)-IFERROR(VALUE($D8&""),0)),9-INT(LOG10(ABS((IFERROR(VALUE($E8&""),0)-IFERROR(VALUE($D8&""),0))))))&""),(IFERROR(VALUE($E8&""),0)-IFERROR(VALUE($D8&""),0))&"")&" horas")),IF(("Pasa del tope en "&IF(ISNUMBER((IFERROR(VALUE($E8&""),0)-IFERROR(VALUE($D8&""),0))),IF((IFERROR(VALUE($E8&""),0)-IFERROR(VALUE($D8&""),0))=0,"0",ROUND((IFERROR(VALUE($E8&""),0)-IFERROR(VALUE($D8&""),0)),9-INT(LOG10(ABS((IFERROR(VALUE($E8&""),0)-IFERROR(VALUE($D8&""),0))))))&""),(IFERROR(VALUE($E8&""),0)-IFERROR(VALUE($D8&""),0))&"")&" horas")=0,"0",ROUND(("Pasa del tope en "&IF(ISNUMBER((IFERROR(VALUE($E8&""),0)-IFERROR(VALUE($D8&""),0))),IF((IFERROR(VALUE($E8&""),0)-IFERROR(VALUE($D8&""),0))=0,"0",ROUND((IFERROR(VALUE($E8&""),0)-IFERROR(VALUE($D8&""),0)),9-INT(LOG10(ABS((IFERROR(VALUE($E8&""),0)-IFERROR(VALUE($D8&""),0))))))&""),(IFERROR(VALUE($E8&""),0)-IFERROR(VALUE($D8&""),0))&"")&" horas"),9-INT(LOG10(ABS(("Pasa del tope en "&IF(ISNUMBER((IFERROR(VALUE($E8&""),0)-IFERROR(VALUE($D8&""),0))),IF((IFERROR(VALUE($E8&""),0)-IFERROR(VALUE($D8&""),0))=0,"0",ROUND((IFERROR(VALUE($E8&""),0)-IFERROR(VALUE($D8&""),0)),9-INT(LOG10(ABS((IFERROR(VALUE($E8&""),0)-IFERROR(VALUE($D8&""),0))))))&""),(IFERROR(VALUE($E8&""),0)-IFERROR(VALUE($D8&""),0))&"")&" horas")))))&""),("Pasa del tope en "&IF(ISNUMBER((IFERROR(VALUE($E8&""),0)-IFERROR(VALUE($D8&""),0))),IF((IFERROR(VALUE($E8&""),0)-IFERROR(VALUE($D8&""),0))=0,"0",ROUND((IFERROR(VALUE($E8&""),0)-IFERROR(VALUE($D8&""),0)),9-INT(LOG10(ABS((IFERROR(VALUE($E8&""),0)-IFERROR(VALUE($D8&""),0))))))&""),(IFERROR(VALUE($E8&""),0)-IFERROR(VALUE($D8&""),0))&"")&" horas")&""),""),3,32767)) | I8: =IF(OR((IFERROR(VALUE($E8&""),0)>IFERROR(VALUE($D8&""),0))),3,0)
E9: =IF(AND($A9=""),"",SUMPRODUCT(1*(((('Asignacion'!$A$4:$A$34<>""))>0))*((EXACT('Asignacion'!$E$4:$E$34,$A9)))*(IFERROR(VALUE('Asignacion'!$G$4:$G$34&""),0)))) | F9: =IF(AND($A9=""),"",SUMPRODUCT(1*(((('Asignacion'!$A$4:$A$34<>""))>0))*((EXACT('Asignacion'!$E$4:$E$34,$A9)))*(IFERROR(VALUE('Asignacion'!$K$4:$K$34&""),0)))) | G9: =IF(AND($A9=""),"",SUMPRODUCT(1*EXACT(LEFT('Detalle - Lo que imparte'!$A$4:$A$11,LEN(($A9&CHAR(30)))),($A9&CHAR(30))))) | H9: =IF(AND($A9=""),"",MID(IF((IFERROR(VALUE($E9&""),0)>IFERROR(VALUE($D9&""),0)),"; "&IF(ISNUMBER(("Pasa del tope en "&IF(ISNUMBER((IFERROR(VALUE($E9&""),0)-IFERROR(VALUE($D9&""),0))),IF((IFERROR(VALUE($E9&""),0)-IFERROR(VALUE($D9&""),0))=0,"0",ROUND((IFERROR(VALUE($E9&""),0)-IFERROR(VALUE($D9&""),0)),9-INT(LOG10(ABS((IFERROR(VALUE($E9&""),0)-IFERROR(VALUE($D9&""),0))))))&""),(IFERROR(VALUE($E9&""),0)-IFERROR(VALUE($D9&""),0))&"")&" horas")),IF(("Pasa del tope en "&IF(ISNUMBER((IFERROR(VALUE($E9&""),0)-IFERROR(VALUE($D9&""),0))),IF((IFERROR(VALUE($E9&""),0)-IFERROR(VALUE($D9&""),0))=0,"0",ROUND((IFERROR(VALUE($E9&""),0)-IFERROR(VALUE($D9&""),0)),9-INT(LOG10(ABS((IFERROR(VALUE($E9&""),0)-IFERROR(VALUE($D9&""),0))))))&""),(IFERROR(VALUE($E9&""),0)-IFERROR(VALUE($D9&""),0))&"")&" horas")=0,"0",ROUND(("Pasa del tope en "&IF(ISNUMBER((IFERROR(VALUE($E9&""),0)-IFERROR(VALUE($D9&""),0))),IF((IFERROR(VALUE($E9&""),0)-IFERROR(VALUE($D9&""),0))=0,"0",ROUND((IFERROR(VALUE($E9&""),0)-IFERROR(VALUE($D9&""),0)),9-INT(LOG10(ABS((IFERROR(VALUE($E9&""),0)-IFERROR(VALUE($D9&""),0))))))&""),(IFERROR(VALUE($E9&""),0)-IFERROR(VALUE($D9&""),0))&"")&" horas"),9-INT(LOG10(ABS(("Pasa del tope en "&IF(ISNUMBER((IFERROR(VALUE($E9&""),0)-IFERROR(VALUE($D9&""),0))),IF((IFERROR(VALUE($E9&""),0)-IFERROR(VALUE($D9&""),0))=0,"0",ROUND((IFERROR(VALUE($E9&""),0)-IFERROR(VALUE($D9&""),0)),9-INT(LOG10(ABS((IFERROR(VALUE($E9&""),0)-IFERROR(VALUE($D9&""),0))))))&""),(IFERROR(VALUE($E9&""),0)-IFERROR(VALUE($D9&""),0))&"")&" horas")))))&""),("Pasa del tope en "&IF(ISNUMBER((IFERROR(VALUE($E9&""),0)-IFERROR(VALUE($D9&""),0))),IF((IFERROR(VALUE($E9&""),0)-IFERROR(VALUE($D9&""),0))=0,"0",ROUND((IFERROR(VALUE($E9&""),0)-IFERROR(VALUE($D9&""),0)),9-INT(LOG10(ABS((IFERROR(VALUE($E9&""),0)-IFERROR(VALUE($D9&""),0))))))&""),(IFERROR(VALUE($E9&""),0)-IFERROR(VALUE($D9&""),0))&"")&" horas")&""),""),3,32767)) | I9: =IF(OR((IFERROR(VALUE($E9&""),0)>IFERROR(VALUE($D9&""),0))),3,0)
E10: =IF(AND($A10=""),"",SUMPRODUCT(1*(((('Asignacion'!$A$4:$A$34<>""))>0))*((EXACT('Asignacion'!$E$4:$E$34,$A10)))*(IFERROR(VALUE('Asignacion'!$G$4:$G$34&""),0)))) | F10: =IF(AND($A10=""),"",SUMPRODUCT(1*(((('Asignacion'!$A$4:$A$34<>""))>0))*((EXACT('Asignacion'!$E$4:$E$34,$A10)))*(IFERROR(VALUE('Asignacion'!$K$4:$K$34&""),0)))) | G10: =IF(AND($A10=""),"",SUMPRODUCT(1*EXACT(LEFT('Detalle - Lo que imparte'!$A$4:$A$11,LEN(($A10&CHAR(30)))),($A10&CHAR(30))))) | H10: =IF(AND($A10=""),"",MID(IF((IFERROR(VALUE($E10&""),0)>IFERROR(VALUE($D10&""),0)),"; "&IF(ISNUMBER(("Pasa del tope en "&IF(ISNUMBER((IFERROR(VALUE($E10&""),0)-IFERROR(VALUE($D10&""),0))),IF((IFERROR(VALUE($E10&""),0)-IFERROR(VALUE($D10&""),0))=0,"0",ROUND((IFERROR(VALUE($E10&""),0)-IFERROR(VALUE($D10&""),0)),9-INT(LOG10(ABS((IFERROR(VALUE($E10&""),0)-IFERROR(VALUE($D10&""),0))))))&""),(IFERROR(VALUE($E10&""),0)-IFERROR(VALUE($D10&""),0))&"")&" horas")),IF(("Pasa del tope en "&IF(ISNUMBER((IFERROR(VALUE($E10&""),0)-IFERROR(VALUE($D10&""),0))),IF((IFERROR(VALUE($E10&""),0)-IFERROR(VALUE($D10&""),0))=0,"0",ROUND((IFERROR(VALUE($E10&""),0)-IFERROR(VALUE($D10&""),0)),9-INT(LOG10(ABS((IFERROR(VALUE($E10&""),0)-IFERROR(VALUE($D10&""),0))))))&""),(IFERROR(VALUE($E10&""),0)-IFERROR(VALUE($D10&""),0))&"")&" horas")=0,"0",ROUND(("Pasa del tope en "&IF(ISNUMBER((IFERROR(VALUE($E10&""),0)-IFERROR(VALUE($D10&""),0))),IF((IFERROR(VALUE($E10&""),0)-IFERROR(VALUE($D10&""),0))=0,"0",ROUND((IFERROR(VALUE($E10&""),0)-IFERROR(VALUE($D10&""),0)),9-INT(LOG10(ABS((IFERROR(VALUE($E10&""),0)-IFERROR(VALUE($D10&""),0))))))&""),(IFERROR(VALUE($E10&""),0)-IFERROR(VALUE($D10&""),0))&"")&" horas"),9-INT(LOG10(ABS(("Pasa del tope en "&IF(ISNUMBER((IFERROR(VALUE($E10&""),0)-IFERROR(VALUE($D10&""),0))),IF((IFERROR(VALUE($E10&""),0)-IFERROR(VALUE($D10&""),0))=0,"0",ROUND((IFERROR(VALUE($E10&""),0)-IFERROR(VALUE($D10&""),0)),9-INT(LOG10(ABS((IFERROR(VALUE($E10&""),0)-IFERROR(VALUE($D10&""),0))))))&""),(IFERROR(VALUE($E10&""),0)-IFERROR(VALUE($D10&""),0))&"")&" horas")))))&""),("Pasa del tope en "&IF(ISNUMBER((IFERROR(VALUE($E10&""),0)-IFERROR(VALUE($D10&""),0))),IF((IFERROR(VALUE($E10&""),0)-IFERROR(VALUE($D10&""),0))=0,"0",ROUND((IFERROR(VALUE($E10&""),0)-IFERROR(VALUE($D10&""),0)),9-INT(LOG10(ABS((IFERROR(VALUE($E10&""),0)-IFERROR(VALUE($D10&""),0))))))&""),(IFERROR(VALUE($E10&""),0)-IFERROR(VALUE($D10&""),0))&"")&" horas")&""),""),3,32767)) | I10: =IF(OR((IFERROR(VALUE($E10&""),0)>IFERROR(VALUE($D10&""),0))),3,0)
E11: =IF(AND($A11=""),"",SUMPRODUCT(1*(((('Asignacion'!$A$4:$A$34<>""))>0))*((EXACT('Asignacion'!$E$4:$E$34,$A11)))*(IFERROR(VALUE('Asignacion'!$G$4:$G$34&""),0)))) | F11: =IF(AND($A11=""),"",SUMPRODUCT(1*(((('Asignacion'!$A$4:$A$34<>""))>0))*((EXACT('Asignacion'!$E$4:$E$34,$A11)))*(IFERROR(VALUE('Asignacion'!$K$4:$K$34&""),0)))) | G11: =IF(AND($A11=""),"",SUMPRODUCT(1*EXACT(LEFT('Detalle - Lo que imparte'!$A$4:$A$11,LEN(($A11&CHAR(30)))),($A11&CHAR(30))))) | H11: =IF(AND($A11=""),"",MID(IF((IFERROR(VALUE($E11&""),0)>IFERROR(VALUE($D11&""),0)),"; "&IF(ISNUMBER(("Pasa del tope en "&IF(ISNUMBER((IFERROR(VALUE($E11&""),0)-IFERROR(VALUE($D11&""),0))),IF((IFERROR(VALUE($E11&""),0)-IFERROR(VALUE($D11&""),0))=0,"0",ROUND((IFERROR(VALUE($E11&""),0)-IFERROR(VALUE($D11&""),0)),9-INT(LOG10(ABS((IFERROR(VALUE($E11&""),0)-IFERROR(VALUE($D11&""),0))))))&""),(IFERROR(VALUE($E11&""),0)-IFERROR(VALUE($D11&""),0))&"")&" horas")),IF(("Pasa del tope en "&IF(ISNUMBER((IFERROR(VALUE($E11&""),0)-IFERROR(VALUE($D11&""),0))),IF((IFERROR(VALUE($E11&""),0)-IFERROR(VALUE($D11&""),0))=0,"0",ROUND((IFERROR(VALUE($E11&""),0)-IFERROR(VALUE($D11&""),0)),9-INT(LOG10(ABS((IFERROR(VALUE($E11&""),0)-IFERROR(VALUE($D11&""),0))))))&""),(IFERROR(VALUE($E11&""),0)-IFERROR(VALUE($D11&""),0))&"")&" horas")=0,"0",ROUND(("Pasa del tope en "&IF(ISNUMBER((IFERROR(VALUE($E11&""),0)-IFERROR(VALUE($D11&""),0))),IF((IFERROR(VALUE($E11&""),0)-IFERROR(VALUE($D11&""),0))=0,"0",ROUND((IFERROR(VALUE($E11&""),0)-IFERROR(VALUE($D11&""),0)),9-INT(LOG10(ABS((IFERROR(VALUE($E11&""),0)-IFERROR(VALUE($D11&""),0))))))&""),(IFERROR(VALUE($E11&""),0)-IFERROR(VALUE($D11&""),0))&"")&" horas"),9-INT(LOG10(ABS(("Pasa del tope en "&IF(ISNUMBER((IFERROR(VALUE($E11&""),0)-IFERROR(VALUE($D11&""),0))),IF((IFERROR(VALUE($E11&""),0)-IFERROR(VALUE($D11&""),0))=0,"0",ROUND((IFERROR(VALUE($E11&""),0)-IFERROR(VALUE($D11&""),0)),9-INT(LOG10(ABS((IFERROR(VALUE($E11&""),0)-IFERROR(VALUE($D11&""),0))))))&""),(IFERROR(VALUE($E11&""),0)-IFERROR(VALUE($D11&""),0))&"")&" horas")))))&""),("Pasa del tope en "&IF(ISNUMBER((IFERROR(VALUE($E11&""),0)-IFERROR(VALUE($D11&""),0))),IF((IFERROR(VALUE($E11&""),0)-IFERROR(VALUE($D11&""),0))=0,"0",ROUND((IFERROR(VALUE($E11&""),0)-IFERROR(VALUE($D11&""),0)),9-INT(LOG10(ABS((IFERROR(VALUE($E11&""),0)-IFERROR(VALUE($D11&""),0))))))&""),(IFERROR(VALUE($E11&""),0)-IFERROR(VALUE($D11&""),0))&"")&" horas")&""),""),3,32767)) | I11: =IF(OR((IFERROR(VALUE($E11&""),0)>IFERROR(VALUE($D11&""),0))),3,0)
E12: =IF(AND($A12=""),"",SUMPRODUCT(1*(((('Asignacion'!$A$4:$A$34<>""))>0))*((EXACT('Asignacion'!$E$4:$E$34,$A12)))*(IFERROR(VALUE('Asignacion'!$G$4:$G$34&""),0)))) | F12: =IF(AND($A12=""),"",SUMPRODUCT(1*(((('Asignacion'!$A$4:$A$34<>""))>0))*((EXACT('Asignacion'!$E$4:$E$34,$A12)))*(IFERROR(VALUE('Asignacion'!$K$4:$K$34&""),0)))) | G12: =IF(AND($A12=""),"",SUMPRODUCT(1*EXACT(LEFT('Detalle - Lo que imparte'!$A$4:$A$11,LEN(($A12&CHAR(30)))),($A12&CHAR(30))))) | H12: =IF(AND($A12=""),"",MID(IF((IFERROR(VALUE($E12&""),0)>IFERROR(VALUE($D12&""),0)),"; "&IF(ISNUMBER(("Pasa del tope en "&IF(ISNUMBER((IFERROR(VALUE($E12&""),0)-IFERROR(VALUE($D12&""),0))),IF((IFERROR(VALUE($E12&""),0)-IFERROR(VALUE($D12&""),0))=0,"0",ROUND((IFERROR(VALUE($E12&""),0)-IFERROR(VALUE($D12&""),0)),9-INT(LOG10(ABS((IFERROR(VALUE($E12&""),0)-IFERROR(VALUE($D12&""),0))))))&""),(IFERROR(VALUE($E12&""),0)-IFERROR(VALUE($D12&""),0))&"")&" horas")),IF(("Pasa del tope en "&IF(ISNUMBER((IFERROR(VALUE($E12&""),0)-IFERROR(VALUE($D12&""),0))),IF((IFERROR(VALUE($E12&""),0)-IFERROR(VALUE($D12&""),0))=0,"0",ROUND((IFERROR(VALUE($E12&""),0)-IFERROR(VALUE($D12&""),0)),9-INT(LOG10(ABS((IFERROR(VALUE($E12&""),0)-IFERROR(VALUE($D12&""),0))))))&""),(IFERROR(VALUE($E12&""),0)-IFERROR(VALUE($D12&""),0))&"")&" horas")=0,"0",ROUND(("Pasa del tope en "&IF(ISNUMBER((IFERROR(VALUE($E12&""),0)-IFERROR(VALUE($D12&""),0))),IF((IFERROR(VALUE($E12&""),0)-IFERROR(VALUE($D12&""),0))=0,"0",ROUND((IFERROR(VALUE($E12&""),0)-IFERROR(VALUE($D12&""),0)),9-INT(LOG10(ABS((IFERROR(VALUE($E12&""),0)-IFERROR(VALUE($D12&""),0))))))&""),(IFERROR(VALUE($E12&""),0)-IFERROR(VALUE($D12&""),0))&"")&" horas"),9-INT(LOG10(ABS(("Pasa del tope en "&IF(ISNUMBER((IFERROR(VALUE($E12&""),0)-IFERROR(VALUE($D12&""),0))),IF((IFERROR(VALUE($E12&""),0)-IFERROR(VALUE($D12&""),0))=0,"0",ROUND((IFERROR(VALUE($E12&""),0)-IFERROR(VALUE($D12&""),0)),9-INT(LOG10(ABS((IFERROR(VALUE($E12&""),0)-IFERROR(VALUE($D12&""),0))))))&""),(IFERROR(VALUE($E12&""),0)-IFERROR(VALUE($D12&""),0))&"")&" horas")))))&""),("Pasa del tope en "&IF(ISNUMBER((IFERROR(VALUE($E12&""),0)-IFERROR(VALUE($D12&""),0))),IF((IFERROR(VALUE($E12&""),0)-IFERROR(VALUE($D12&""),0))=0,"0",ROUND((IFERROR(VALUE($E12&""),0)-IFERROR(VALUE($D12&""),0)),9-INT(LOG10(ABS((IFERROR(VALUE($E12&""),0)-IFERROR(VALUE($D12&""),0))))))&""),(IFERROR(VALUE($E12&""),0)-IFERROR(VALUE($D12&""),0))&"")&" horas")&""),""),3,32767)) | I12: =IF(OR((IFERROR(VALUE($E12&""),0)>IFERROR(VALUE($D12&""),0))),3,0)
E13: =IF(AND($A13=""),"",SUMPRODUCT(1*(((('Asignacion'!$A$4:$A$34<>""))>0))*((EXACT('Asignacion'!$E$4:$E$34,$A13)))*(IFERROR(VALUE('Asignacion'!$G$4:$G$34&""),0)))) | F13: =IF(AND($A13=""),"",SUMPRODUCT(1*(((('Asignacion'!$A$4:$A$34<>""))>0))*((EXACT('Asignacion'!$E$4:$E$34,$A13)))*(IFERROR(VALUE('Asignacion'!$K$4:$K$34&""),0)))) | G13: =IF(AND($A13=""),"",SUMPRODUCT(1*EXACT(LEFT('Detalle - Lo que imparte'!$A$4:$A$11,LEN(($A13&CHAR(30)))),($A13&CHAR(30))))) | H13: =IF(AND($A13=""),"",MID(IF((IFERROR(VALUE($E13&""),0)>IFERROR(VALUE($D13&""),0)),"; "&IF(ISNUMBER(("Pasa del tope en "&IF(ISNUMBER((IFERROR(VALUE($E13&""),0)-IFERROR(VALUE($D13&""),0))),IF((IFERROR(VALUE($E13&""),0)-IFERROR(VALUE($D13&""),0))=0,"0",ROUND((IFERROR(VALUE($E13&""),0)-IFERROR(VALUE($D13&""),0)),9-INT(LOG10(ABS((IFERROR(VALUE($E13&""),0)-IFERROR(VALUE($D13&""),0))))))&""),(IFERROR(VALUE($E13&""),0)-IFERROR(VALUE($D13&""),0))&"")&" horas")),IF(("Pasa del tope en "&IF(ISNUMBER((IFERROR(VALUE($E13&""),0)-IFERROR(VALUE($D13&""),0))),IF((IFERROR(VALUE($E13&""),0)-IFERROR(VALUE($D13&""),0))=0,"0",ROUND((IFERROR(VALUE($E13&""),0)-IFERROR(VALUE($D13&""),0)),9-INT(LOG10(ABS((IFERROR(VALUE($E13&""),0)-IFERROR(VALUE($D13&""),0))))))&""),(IFERROR(VALUE($E13&""),0)-IFERROR(VALUE($D13&""),0))&"")&" horas")=0,"0",ROUND(("Pasa del tope en "&IF(ISNUMBER((IFERROR(VALUE($E13&""),0)-IFERROR(VALUE($D13&""),0))),IF((IFERROR(VALUE($E13&""),0)-IFERROR(VALUE($D13&""),0))=0,"0",ROUND((IFERROR(VALUE($E13&""),0)-IFERROR(VALUE($D13&""),0)),9-INT(LOG10(ABS((IFERROR(VALUE($E13&""),0)-IFERROR(VALUE($D13&""),0))))))&""),(IFERROR(VALUE($E13&""),0)-IFERROR(VALUE($D13&""),0))&"")&" horas"),9-INT(LOG10(ABS(("Pasa del tope en "&IF(ISNUMBER((IFERROR(VALUE($E13&""),0)-IFERROR(VALUE($D13&""),0))),IF((IFERROR(VALUE($E13&""),0)-IFERROR(VALUE($D13&""),0))=0,"0",ROUND((IFERROR(VALUE($E13&""),0)-IFERROR(VALUE($D13&""),0)),9-INT(LOG10(ABS((IFERROR(VALUE($E13&""),0)-IFERROR(VALUE($D13&""),0))))))&""),(IFERROR(VALUE($E13&""),0)-IFERROR(VALUE($D13&""),0))&"")&" horas")))))&""),("Pasa del tope en "&IF(ISNUMBER((IFERROR(VALUE($E13&""),0)-IFERROR(VALUE($D13&""),0))),IF((IFERROR(VALUE($E13&""),0)-IFERROR(VALUE($D13&""),0))=0,"0",ROUND((IFERROR(VALUE($E13&""),0)-IFERROR(VALUE($D13&""),0)),9-INT(LOG10(ABS((IFERROR(VALUE($E13&""),0)-IFERROR(VALUE($D13&""),0))))))&""),(IFERROR(VALUE($E13&""),0)-IFERROR(VALUE($D13&""),0))&"")&" horas")&""),""),3,32767)) | I13: =IF(OR((IFERROR(VALUE($E13&""),0)>IFERROR(VALUE($D13&""),0))),3,0)
E14: =IF(AND($A14=""),"",SUMPRODUCT(1*(((('Asignacion'!$A$4:$A$34<>""))>0))*((EXACT('Asignacion'!$E$4:$E$34,$A14)))*(IFERROR(VALUE('Asignacion'!$G$4:$G$34&""),0)))) | F14: =IF(AND($A14=""),"",SUMPRODUCT(1*(((('Asignacion'!$A$4:$A$34<>""))>0))*((EXACT('Asignacion'!$E$4:$E$34,$A14)))*(IFERROR(VALUE('Asignacion'!$K$4:$K$34&""),0)))) | G14: =IF(AND($A14=""),"",SUMPRODUCT(1*EXACT(LEFT('Detalle - Lo que imparte'!$A$4:$A$11,LEN(($A14&CHAR(30)))),($A14&CHAR(30))))) | H14: =IF(AND($A14=""),"",MID(IF((IFERROR(VALUE($E14&""),0)>IFERROR(VALUE($D14&""),0)),"; "&IF(ISNUMBER(("Pasa del tope en "&IF(ISNUMBER((IFERROR(VALUE($E14&""),0)-IFERROR(VALUE($D14&""),0))),IF((IFERROR(VALUE($E14&""),0)-IFERROR(VALUE($D14&""),0))=0,"0",ROUND((IFERROR(VALUE($E14&""),0)-IFERROR(VALUE($D14&""),0)),9-INT(LOG10(ABS((IFERROR(VALUE($E14&""),0)-IFERROR(VALUE($D14&""),0))))))&""),(IFERROR(VALUE($E14&""),0)-IFERROR(VALUE($D14&""),0))&"")&" horas")),IF(("Pasa del tope en "&IF(ISNUMBER((IFERROR(VALUE($E14&""),0)-IFERROR(VALUE($D14&""),0))),IF((IFERROR(VALUE($E14&""),0)-IFERROR(VALUE($D14&""),0))=0,"0",ROUND((IFERROR(VALUE($E14&""),0)-IFERROR(VALUE($D14&""),0)),9-INT(LOG10(ABS((IFERROR(VALUE($E14&""),0)-IFERROR(VALUE($D14&""),0))))))&""),(IFERROR(VALUE($E14&""),0)-IFERROR(VALUE($D14&""),0))&"")&" horas")=0,"0",ROUND(("Pasa del tope en "&IF(ISNUMBER((IFERROR(VALUE($E14&""),0)-IFERROR(VALUE($D14&""),0))),IF((IFERROR(VALUE($E14&""),0)-IFERROR(VALUE($D14&""),0))=0,"0",ROUND((IFERROR(VALUE($E14&""),0)-IFERROR(VALUE($D14&""),0)),9-INT(LOG10(ABS((IFERROR(VALUE($E14&""),0)-IFERROR(VALUE($D14&""),0))))))&""),(IFERROR(VALUE($E14&""),0)-IFERROR(VALUE($D14&""),0))&"")&" horas"),9-INT(LOG10(ABS(("Pasa del tope en "&IF(ISNUMBER((IFERROR(VALUE($E14&""),0)-IFERROR(VALUE($D14&""),0))),IF((IFERROR(VALUE($E14&""),0)-IFERROR(VALUE($D14&""),0))=0,"0",ROUND((IFERROR(VALUE($E14&""),0)-IFERROR(VALUE($D14&""),0)),9-INT(LOG10(ABS((IFERROR(VALUE($E14&""),0)-IFERROR(VALUE($D14&""),0))))))&""),(IFERROR(VALUE($E14&""),0)-IFERROR(VALUE($D14&""),0))&"")&" horas")))))&""),("Pasa del tope en "&IF(ISNUMBER((IFERROR(VALUE($E14&""),0)-IFERROR(VALUE($D14&""),0))),IF((IFERROR(VALUE($E14&""),0)-IFERROR(VALUE($D14&""),0))=0,"0",ROUND((IFERROR(VALUE($E14&""),0)-IFERROR(VALUE($D14&""),0)),9-INT(LOG10(ABS((IFERROR(VALUE($E14&""),0)-IFERROR(VALUE($D14&""),0))))))&""),(IFERROR(VALUE($E14&""),0)-IFERROR(VALUE($D14&""),0))&"")&" horas")&""),""),3,32767)) | I14: =IF(OR((IFERROR(VALUE($E14&""),0)>IFERROR(VALUE($D14&""),0))),3,0)
E15: =IF(AND($A15=""),"",SUMPRODUCT(1*(((('Asignacion'!$A$4:$A$34<>""))>0))*((EXACT('Asignacion'!$E$4:$E$34,$A15)))*(IFERROR(VALUE('Asignacion'!$G$4:$G$34&""),0)))) | F15: =IF(AND($A15=""),"",SUMPRODUCT(1*(((('Asignacion'!$A$4:$A$34<>""))>0))*((EXACT('Asignacion'!$E$4:$E$34,$A15)))*(IFERROR(VALUE('Asignacion'!$K$4:$K$34&""),0)))) | G15: =IF(AND($A15=""),"",SUMPRODUCT(1*EXACT(LEFT('Detalle - Lo que imparte'!$A$4:$A$11,LEN(($A15&CHAR(30)))),($A15&CHAR(30))))) | H15: =IF(AND($A15=""),"",MID(IF((IFERROR(VALUE($E15&""),0)>IFERROR(VALUE($D15&""),0)),"; "&IF(ISNUMBER(("Pasa del tope en "&IF(ISNUMBER((IFERROR(VALUE($E15&""),0)-IFERROR(VALUE($D15&""),0))),IF((IFERROR(VALUE($E15&""),0)-IFERROR(VALUE($D15&""),0))=0,"0",ROUND((IFERROR(VALUE($E15&""),0)-IFERROR(VALUE($D15&""),0)),9-INT(LOG10(ABS((IFERROR(VALUE($E15&""),0)-IFERROR(VALUE($D15&""),0))))))&""),(IFERROR(VALUE($E15&""),0)-IFERROR(VALUE($D15&""),0))&"")&" horas")),IF(("Pasa del tope en "&IF(ISNUMBER((IFERROR(VALUE($E15&""),0)-IFERROR(VALUE($D15&""),0))),IF((IFERROR(VALUE($E15&""),0)-IFERROR(VALUE($D15&""),0))=0,"0",ROUND((IFERROR(VALUE($E15&""),0)-IFERROR(VALUE($D15&""),0)),9-INT(LOG10(ABS((IFERROR(VALUE($E15&""),0)-IFERROR(VALUE($D15&""),0))))))&""),(IFERROR(VALUE($E15&""),0)-IFERROR(VALUE($D15&""),0))&"")&" horas")=0,"0",ROUND(("Pasa del tope en "&IF(ISNUMBER((IFERROR(VALUE($E15&""),0)-IFERROR(VALUE($D15&""),0))),IF((IFERROR(VALUE($E15&""),0)-IFERROR(VALUE($D15&""),0))=0,"0",ROUND((IFERROR(VALUE($E15&""),0)-IFERROR(VALUE($D15&""),0)),9-INT(LOG10(ABS((IFERROR(VALUE($E15&""),0)-IFERROR(VALUE($D15&""),0))))))&""),(IFERROR(VALUE($E15&""),0)-IFERROR(VALUE($D15&""),0))&"")&" horas"),9-INT(LOG10(ABS(("Pasa del tope en "&IF(ISNUMBER((IFERROR(VALUE($E15&""),0)-IFERROR(VALUE($D15&""),0))),IF((IFERROR(VALUE($E15&""),0)-IFERROR(VALUE($D15&""),0))=0,"0",ROUND((IFERROR(VALUE($E15&""),0)-IFERROR(VALUE($D15&""),0)),9-INT(LOG10(ABS((IFERROR(VALUE($E15&""),0)-IFERROR(VALUE($D15&""),0))))))&""),(IFERROR(VALUE($E15&""),0)-IFERROR(VALUE($D15&""),0))&"")&" horas")))))&""),("Pasa del tope en "&IF(ISNUMBER((IFERROR(VALUE($E15&""),0)-IFERROR(VALUE($D15&""),0))),IF((IFERROR(VALUE($E15&""),0)-IFERROR(VALUE($D15&""),0))=0,"0",ROUND((IFERROR(VALUE($E15&""),0)-IFERROR(VALUE($D15&""),0)),9-INT(LOG10(ABS((IFERROR(VALUE($E15&""),0)-IFERROR(VALUE($D15&""),0))))))&""),(IFERROR(VALUE($E15&""),0)-IFERROR(VALUE($D15&""),0))&"")&" horas")&""),""),3,32767)) | I15: =IF(OR((IFERROR(VALUE($E15&""),0)>IFERROR(VALUE($D15&""),0))),3,0)
E16: =IF(AND($A16=""),"",SUMPRODUCT(1*(((('Asignacion'!$A$4:$A$34<>""))>0))*((EXACT('Asignacion'!$E$4:$E$34,$A16)))*(IFERROR(VALUE('Asignacion'!$G$4:$G$34&""),0)))) | F16: =IF(AND($A16=""),"",SUMPRODUCT(1*(((('Asignacion'!$A$4:$A$34<>""))>0))*((EXACT('Asignacion'!$E$4:$E$34,$A16)))*(IFERROR(VALUE('Asignacion'!$K$4:$K$34&""),0)))) | G16: =IF(AND($A16=""),"",SUMPRODUCT(1*EXACT(LEFT('Detalle - Lo que imparte'!$A$4:$A$11,LEN(($A16&CHAR(30)))),($A16&CHAR(30))))) | H16: =IF(AND($A16=""),"",MID(IF((IFERROR(VALUE($E16&""),0)>IFERROR(VALUE($D16&""),0)),"; "&IF(ISNUMBER(("Pasa del tope en "&IF(ISNUMBER((IFERROR(VALUE($E16&""),0)-IFERROR(VALUE($D16&""),0))),IF((IFERROR(VALUE($E16&""),0)-IFERROR(VALUE($D16&""),0))=0,"0",ROUND((IFERROR(VALUE($E16&""),0)-IFERROR(VALUE($D16&""),0)),9-INT(LOG10(ABS((IFERROR(VALUE($E16&""),0)-IFERROR(VALUE($D16&""),0))))))&""),(IFERROR(VALUE($E16&""),0)-IFERROR(VALUE($D16&""),0))&"")&" horas")),IF(("Pasa del tope en "&IF(ISNUMBER((IFERROR(VALUE($E16&""),0)-IFERROR(VALUE($D16&""),0))),IF((IFERROR(VALUE($E16&""),0)-IFERROR(VALUE($D16&""),0))=0,"0",ROUND((IFERROR(VALUE($E16&""),0)-IFERROR(VALUE($D16&""),0)),9-INT(LOG10(ABS((IFERROR(VALUE($E16&""),0)-IFERROR(VALUE($D16&""),0))))))&""),(IFERROR(VALUE($E16&""),0)-IFERROR(VALUE($D16&""),0))&"")&" horas")=0,"0",ROUND(("Pasa del tope en "&IF(ISNUMBER((IFERROR(VALUE($E16&""),0)-IFERROR(VALUE($D16&""),0))),IF((IFERROR(VALUE($E16&""),0)-IFERROR(VALUE($D16&""),0))=0,"0",ROUND((IFERROR(VALUE($E16&""),0)-IFERROR(VALUE($D16&""),0)),9-INT(LOG10(ABS((IFERROR(VALUE($E16&""),0)-IFERROR(VALUE($D16&""),0))))))&""),(IFERROR(VALUE($E16&""),0)-IFERROR(VALUE($D16&""),0))&"")&" horas"),9-INT(LOG10(ABS(("Pasa del tope en "&IF(ISNUMBER((IFERROR(VALUE($E16&""),0)-IFERROR(VALUE($D16&""),0))),IF((IFERROR(VALUE($E16&""),0)-IFERROR(VALUE($D16&""),0))=0,"0",ROUND((IFERROR(VALUE($E16&""),0)-IFERROR(VALUE($D16&""),0)),9-INT(LOG10(ABS((IFERROR(VALUE($E16&""),0)-IFERROR(VALUE($D16&""),0))))))&""),(IFERROR(VALUE($E16&""),0)-IFERROR(VALUE($D16&""),0))&"")&" horas")))))&""),("Pasa del tope en "&IF(ISNUMBER((IFERROR(VALUE($E16&""),0)-IFERROR(VALUE($D16&""),0))),IF((IFERROR(VALUE($E16&""),0)-IFERROR(VALUE($D16&""),0))=0,"0",ROUND((IFERROR(VALUE($E16&""),0)-IFERROR(VALUE($D16&""),0)),9-INT(LOG10(ABS((IFERROR(VALUE($E16&""),0)-IFERROR(VALUE($D16&""),0))))))&""),(IFERROR(VALUE($E16&""),0)-IFERROR(VALUE($D16&""),0))&"")&" horas")&""),""),3,32767)) | I16: =IF(OR((IFERROR(VALUE($E16&""),0)>IFERROR(VALUE($D16&""),0))),3,0)
E17: =IF(AND($A17=""),"",SUMPRODUCT(1*(((('Asignacion'!$A$4:$A$34<>""))>0))*((EXACT('Asignacion'!$E$4:$E$34,$A17)))*(IFERROR(VALUE('Asignacion'!$G$4:$G$34&""),0)))) | F17: =IF(AND($A17=""),"",SUMPRODUCT(1*(((('Asignacion'!$A$4:$A$34<>""))>0))*((EXACT('Asignacion'!$E$4:$E$34,$A17)))*(IFERROR(VALUE('Asignacion'!$K$4:$K$34&""),0)))) | G17: =IF(AND($A17=""),"",SUMPRODUCT(1*EXACT(LEFT('Detalle - Lo que imparte'!$A$4:$A$11,LEN(($A17&CHAR(30)))),($A17&CHAR(30))))) | H17: =IF(AND($A17=""),"",MID(IF((IFERROR(VALUE($E17&""),0)>IFERROR(VALUE($D17&""),0)),"; "&IF(ISNUMBER(("Pasa del tope en "&IF(ISNUMBER((IFERROR(VALUE($E17&""),0)-IFERROR(VALUE($D17&""),0))),IF((IFERROR(VALUE($E17&""),0)-IFERROR(VALUE($D17&""),0))=0,"0",ROUND((IFERROR(VALUE($E17&""),0)-IFERROR(VALUE($D17&""),0)),9-INT(LOG10(ABS((IFERROR(VALUE($E17&""),0)-IFERROR(VALUE($D17&""),0))))))&""),(IFERROR(VALUE($E17&""),0)-IFERROR(VALUE($D17&""),0))&"")&" horas")),IF(("Pasa del tope en "&IF(ISNUMBER((IFERROR(VALUE($E17&""),0)-IFERROR(VALUE($D17&""),0))),IF((IFERROR(VALUE($E17&""),0)-IFERROR(VALUE($D17&""),0))=0,"0",ROUND((IFERROR(VALUE($E17&""),0)-IFERROR(VALUE($D17&""),0)),9-INT(LOG10(ABS((IFERROR(VALUE($E17&""),0)-IFERROR(VALUE($D17&""),0))))))&""),(IFERROR(VALUE($E17&""),0)-IFERROR(VALUE($D17&""),0))&"")&" horas")=0,"0",ROUND(("Pasa del tope en "&IF(ISNUMBER((IFERROR(VALUE($E17&""),0)-IFERROR(VALUE($D17&""),0))),IF((IFERROR(VALUE($E17&""),0)-IFERROR(VALUE($D17&""),0))=0,"0",ROUND((IFERROR(VALUE($E17&""),0)-IFERROR(VALUE($D17&""),0)),9-INT(LOG10(ABS((IFERROR(VALUE($E17&""),0)-IFERROR(VALUE($D17&""),0))))))&""),(IFERROR(VALUE($E17&""),0)-IFERROR(VALUE($D17&""),0))&"")&" horas"),9-INT(LOG10(ABS(("Pasa del tope en "&IF(ISNUMBER((IFERROR(VALUE($E17&""),0)-IFERROR(VALUE($D17&""),0))),IF((IFERROR(VALUE($E17&""),0)-IFERROR(VALUE($D17&""),0))=0,"0",ROUND((IFERROR(VALUE($E17&""),0)-IFERROR(VALUE($D17&""),0)),9-INT(LOG10(ABS((IFERROR(VALUE($E17&""),0)-IFERROR(VALUE($D17&""),0))))))&""),(IFERROR(VALUE($E17&""),0)-IFERROR(VALUE($D17&""),0))&"")&" horas")))))&""),("Pasa del tope en "&IF(ISNUMBER((IFERROR(VALUE($E17&""),0)-IFERROR(VALUE($D17&""),0))),IF((IFERROR(VALUE($E17&""),0)-IFERROR(VALUE($D17&""),0))=0,"0",ROUND((IFERROR(VALUE($E17&""),0)-IFERROR(VALUE($D17&""),0)),9-INT(LOG10(ABS((IFERROR(VALUE($E17&""),0)-IFERROR(VALUE($D17&""),0))))))&""),(IFERROR(VALUE($E17&""),0)-IFERROR(VALUE($D17&""),0))&"")&" horas")&""),""),3,32767)) | I17: =IF(OR((IFERROR(VALUE($E17&""),0)>IFERROR(VALUE($D17&""),0))),3,0)
E18: =IF(AND($A18=""),"",SUMPRODUCT(1*(((('Asignacion'!$A$4:$A$34<>""))>0))*((EXACT('Asignacion'!$E$4:$E$34,$A18)))*(IFERROR(VALUE('Asignacion'!$G$4:$G$34&""),0)))) | F18: =IF(AND($A18=""),"",SUMPRODUCT(1*(((('Asignacion'!$A$4:$A$34<>""))>0))*((EXACT('Asignacion'!$E$4:$E$34,$A18)))*(IFERROR(VALUE('Asignacion'!$K$4:$K$34&""),0)))) | G18: =IF(AND($A18=""),"",SUMPRODUCT(1*EXACT(LEFT('Detalle - Lo que imparte'!$A$4:$A$11,LEN(($A18&CHAR(30)))),($A18&CHAR(30))))) | H18: =IF(AND($A18=""),"",MID(IF((IFERROR(VALUE($E18&""),0)>IFERROR(VALUE($D18&""),0)),"; "&IF(ISNUMBER(("Pasa del tope en "&IF(ISNUMBER((IFERROR(VALUE($E18&""),0)-IFERROR(VALUE($D18&""),0))),IF((IFERROR(VALUE($E18&""),0)-IFERROR(VALUE($D18&""),0))=0,"0",ROUND((IFERROR(VALUE($E18&""),0)-IFERROR(VALUE($D18&""),0)),9-INT(LOG10(ABS((IFERROR(VALUE($E18&""),0)-IFERROR(VALUE($D18&""),0))))))&""),(IFERROR(VALUE($E18&""),0)-IFERROR(VALUE($D18&""),0))&"")&" horas")),IF(("Pasa del tope en "&IF(ISNUMBER((IFERROR(VALUE($E18&""),0)-IFERROR(VALUE($D18&""),0))),IF((IFERROR(VALUE($E18&""),0)-IFERROR(VALUE($D18&""),0))=0,"0",ROUND((IFERROR(VALUE($E18&""),0)-IFERROR(VALUE($D18&""),0)),9-INT(LOG10(ABS((IFERROR(VALUE($E18&""),0)-IFERROR(VALUE($D18&""),0))))))&""),(IFERROR(VALUE($E18&""),0)-IFERROR(VALUE($D18&""),0))&"")&" horas")=0,"0",ROUND(("Pasa del tope en "&IF(ISNUMBER((IFERROR(VALUE($E18&""),0)-IFERROR(VALUE($D18&""),0))),IF((IFERROR(VALUE($E18&""),0)-IFERROR(VALUE($D18&""),0))=0,"0",ROUND((IFERROR(VALUE($E18&""),0)-IFERROR(VALUE($D18&""),0)),9-INT(LOG10(ABS((IFERROR(VALUE($E18&""),0)-IFERROR(VALUE($D18&""),0))))))&""),(IFERROR(VALUE($E18&""),0)-IFERROR(VALUE($D18&""),0))&"")&" horas"),9-INT(LOG10(ABS(("Pasa del tope en "&IF(ISNUMBER((IFERROR(VALUE($E18&""),0)-IFERROR(VALUE($D18&""),0))),IF((IFERROR(VALUE($E18&""),0)-IFERROR(VALUE($D18&""),0))=0,"0",ROUND((IFERROR(VALUE($E18&""),0)-IFERROR(VALUE($D18&""),0)),9-INT(LOG10(ABS((IFERROR(VALUE($E18&""),0)-IFERROR(VALUE($D18&""),0))))))&""),(IFERROR(VALUE($E18&""),0)-IFERROR(VALUE($D18&""),0))&"")&" horas")))))&""),("Pasa del tope en "&IF(ISNUMBER((IFERROR(VALUE($E18&""),0)-IFERROR(VALUE($D18&""),0))),IF((IFERROR(VALUE($E18&""),0)-IFERROR(VALUE($D18&""),0))=0,"0",ROUND((IFERROR(VALUE($E18&""),0)-IFERROR(VALUE($D18&""),0)),9-INT(LOG10(ABS((IFERROR(VALUE($E18&""),0)-IFERROR(VALUE($D18&""),0))))))&""),(IFERROR(VALUE($E18&""),0)-IFERROR(VALUE($D18&""),0))&"")&" horas")&""),""),3,32767)) | I18: =IF(OR((IFERROR(VALUE($E18&""),0)>IFERROR(VALUE($D18&""),0))),3,0)
E19: =IF(AND($A19=""),"",SUMPRODUCT(1*(((('Asignacion'!$A$4:$A$34<>""))>0))*((EXACT('Asignacion'!$E$4:$E$34,$A19)))*(IFERROR(VALUE('Asignacion'!$G$4:$G$34&""),0)))) | F19: =IF(AND($A19=""),"",SUMPRODUCT(1*(((('Asignacion'!$A$4:$A$34<>""))>0))*((EXACT('Asignacion'!$E$4:$E$34,$A19)))*(IFERROR(VALUE('Asignacion'!$K$4:$K$34&""),0)))) | G19: =IF(AND($A19=""),"",SUMPRODUCT(1*EXACT(LEFT('Detalle - Lo que imparte'!$A$4:$A$11,LEN(($A19&CHAR(30)))),($A19&CHAR(30))))) | H19: =IF(AND($A19=""),"",MID(IF((IFERROR(VALUE($E19&""),0)>IFERROR(VALUE($D19&""),0)),"; "&IF(ISNUMBER(("Pasa del tope en "&IF(ISNUMBER((IFERROR(VALUE($E19&""),0)-IFERROR(VALUE($D19&""),0))),IF((IFERROR(VALUE($E19&""),0)-IFERROR(VALUE($D19&""),0))=0,"0",ROUND((IFERROR(VALUE($E19&""),0)-IFERROR(VALUE($D19&""),0)),9-INT(LOG10(ABS((IFERROR(VALUE($E19&""),0)-IFERROR(VALUE($D19&""),0))))))&""),(IFERROR(VALUE($E19&""),0)-IFERROR(VALUE($D19&""),0))&"")&" horas")),IF(("Pasa del tope en "&IF(ISNUMBER((IFERROR(VALUE($E19&""),0)-IFERROR(VALUE($D19&""),0))),IF((IFERROR(VALUE($E19&""),0)-IFERROR(VALUE($D19&""),0))=0,"0",ROUND((IFERROR(VALUE($E19&""),0)-IFERROR(VALUE($D19&""),0)),9-INT(LOG10(ABS((IFERROR(VALUE($E19&""),0)-IFERROR(VALUE($D19&""),0))))))&""),(IFERROR(VALUE($E19&""),0)-IFERROR(VALUE($D19&""),0))&"")&" horas")=0,"0",ROUND(("Pasa del tope en "&IF(ISNUMBER((IFERROR(VALUE($E19&""),0)-IFERROR(VALUE($D19&""),0))),IF((IFERROR(VALUE($E19&""),0)-IFERROR(VALUE($D19&""),0))=0,"0",ROUND((IFERROR(VALUE($E19&""),0)-IFERROR(VALUE($D19&""),0)),9-INT(LOG10(ABS((IFERROR(VALUE($E19&""),0)-IFERROR(VALUE($D19&""),0))))))&""),(IFERROR(VALUE($E19&""),0)-IFERROR(VALUE($D19&""),0))&"")&" horas"),9-INT(LOG10(ABS(("Pasa del tope en "&IF(ISNUMBER((IFERROR(VALUE($E19&""),0)-IFERROR(VALUE($D19&""),0))),IF((IFERROR(VALUE($E19&""),0)-IFERROR(VALUE($D19&""),0))=0,"0",ROUND((IFERROR(VALUE($E19&""),0)-IFERROR(VALUE($D19&""),0)),9-INT(LOG10(ABS((IFERROR(VALUE($E19&""),0)-IFERROR(VALUE($D19&""),0))))))&""),(IFERROR(VALUE($E19&""),0)-IFERROR(VALUE($D19&""),0))&"")&" horas")))))&""),("Pasa del tope en "&IF(ISNUMBER((IFERROR(VALUE($E19&""),0)-IFERROR(VALUE($D19&""),0))),IF((IFERROR(VALUE($E19&""),0)-IFERROR(VALUE($D19&""),0))=0,"0",ROUND((IFERROR(VALUE($E19&""),0)-IFERROR(VALUE($D19&""),0)),9-INT(LOG10(ABS((IFERROR(VALUE($E19&""),0)-IFERROR(VALUE($D19&""),0))))))&""),(IFERROR(VALUE($E19&""),0)-IFERROR(VALUE($D19&""),0))&"")&" horas")&""),""),3,32767)) | I19: =IF(OR((IFERROR(VALUE($E19&""),0)>IFERROR(VALUE($D19&""),0))),3,0)
... E27: =IF(AND($A27=""),"",SUMPRODUCT(1*(((('Asignacion'!$A$4:$A$34<>""))>0))*((EXACT('Asignacion'!$E$4:$E$34,$A27)))*(IFERROR(VALUE('Asignacion'!$G$4:$G$34&""),0)))) | F27: =IF(AND($A27=""),"",SUMPRODUCT(1*(((('Asignacion'!$A$4:$A$34<>""))>0))*((EXACT('Asignacion'!$E$4:$E$34,$A27)))*(IFERROR(VALUE('Asignacion'!$K$4:$K$34&""),0)))) | G27: =IF(AND($A27=""),"",SUMPRODUCT(1*EXACT(LEFT('Detalle - Lo que imparte'!$A$4:$A$11,LEN(($A27&CHAR(30)))),($A27&CHAR(30))))) | H27: =IF(AND($A27=""),"",MID(IF((IFERROR(VALUE($E27&""),0)>IFERROR(VALUE($D27&""),0)),"; "&IF(ISNUMBER(("Pasa del tope en "&IF(ISNUMBER((IFERROR(VALUE($E27&""),0)-IFERROR(VALUE($D27&""),0))),IF((IFERROR(VALUE($E27&""),0)-IFERROR(VALUE($D27&""),0))=0,"0",ROUND((IFERROR(VALUE($E27&""),0)-IFERROR(VALUE($D27&""),0)),9-INT(LOG10(ABS((IFERROR(VALUE($E27&""),0)-IFERROR(VALUE($D27&""),0))))))&""),(IFERROR(VALUE($E27&""),0)-IFERROR(VALUE($D27&""),0))&"")&" horas")),IF(("Pasa del tope en "&IF(ISNUMBER((IFERROR(VALUE($E27&""),0)-IFERROR(VALUE($D27&""),0))),IF((IFERROR(VALUE($E27&""),0)-IFERROR(VALUE($D27&""),0))=0,"0",ROUND((IFERROR(VALUE($E27&""),0)-IFERROR(VALUE($D27&""),0)),9-INT(LOG10(ABS((IFERROR(VALUE($E27&""),0)-IFERROR(VALUE($D27&""),0))))))&""),(IFERROR(VALUE($E27&""),0)-IFERROR(VALUE($D27&""),0))&"")&" horas")=0,"0",ROUND(("Pasa del tope en "&IF(ISNUMBER((IFERROR(VALUE($E27&""),0)-IFERROR(VALUE($D27&""),0))),IF((IFERROR(VALUE($E27&""),0)-IFERROR(VALUE($D27&""),0))=0,"0",ROUND((IFERROR(VALUE($E27&""),0)-IFERROR(VALUE($D27&""),0)),9-INT(LOG10(ABS((IFERROR(VALUE($E27&""),0)-IFERROR(VALUE($D27&""),0))))))&""),(IFERROR(VALUE($E27&""),0)-IFERROR(VALUE($D27&""),0))&"")&" horas"),9-INT(LOG10(ABS(("Pasa del tope en "&IF(ISNUMBER((IFERROR(VALUE($E27&""),0)-IFERROR(VALUE($D27&""),0))),IF((IFERROR(VALUE($E27&""),0)-IFERROR(VALUE($D27&""),0))=0,"0",ROUND((IFERROR(VALUE($E27&""),0)-IFERROR(VALUE($D27&""),0)),9-INT(LOG10(ABS((IFERROR(VALUE($E27&""),0)-IFERROR(VALUE($D27&""),0))))))&""),(IFERROR(VALUE($E27&""),0)-IFERROR(VALUE($D27&""),0))&"")&" horas")))))&""),("Pasa del tope en "&IF(ISNUMBER((IFERROR(VALUE($E27&""),0)-IFERROR(VALUE($D27&""),0))),IF((IFERROR(VALUE($E27&""),0)-IFERROR(VALUE($D27&""),0))=0,"0",ROUND((IFERROR(VALUE($E27&""),0)-IFERROR(VALUE($D27&""),0)),9-INT(LOG10(ABS((IFERROR(VALUE($E27&""),0)-IFERROR(VALUE($D27&""),0))))))&""),(IFERROR(VALUE($E27&""),0)-IFERROR(VALUE($D27&""),0))&"")&" horas")&""),""),3,32767)) | I27: =IF(OR((IFERROR(VALUE($E27&""),0)>IFERROR(VALUE($D27&""),0))),3,0)
A29: Leyenda
B30: El profesor pasa de su tope de horas

Sheet Cobertura por asignatura
A1: Cobertura por asignatura
A3: Id | B3: Asignatura | C3: Carrera | D3: Horas Conf | E3: Horas CP | F3: Grupos CP | G3: Horas planificadas | H3: Filas de carga | I3: Horas en filas | J3: Horas asignadas | K3: Sin profesor | L3: Cobertura | M3: Estado | N3: (nivel de las marcas)
A4: EST-CC | B4: Estadistica (CC) | C4: Ciencia de la Computacion | D4: 32 | E4: 32 | F4: 2 | G4: =IF(AND($A4=""),"",(IFERROR(VALUE($D4&""),0)+IFERROR(VALUE((IFERROR(VALUE($E4&""),0)*IFERROR(VALUE($F4&""),0))&""),0))) | H4: =IF(AND($A4=""),"",SUMPRODUCT(1*(((('Asignacion'!$A$4:$A$34<>""))>0))*((EXACT('Asignacion'!$B$4:$B$34,$A4))))) | I4: =IF(AND($A4=""),"",SUMPRODUCT(1*(((('Asignacion'!$A$4:$A$34<>""))>0))*((EXACT('Asignacion'!$B$4:$B$34,$A4)))*(IFERROR(VALUE('Asignacion'!$G$4:$G$34&""),0)))) | J4: =IF(AND($A4=""),"",SUMPRODUCT(1*(((('Asignacion'!$A$4:$A$34<>""))>0))*((EXACT('Asignacion'!$B$4:$B$34,$A4)))*((1-(('Asignacion'!$E$4:$E$34=""))))*(IFERROR(VALUE('Asignacion'!$G$4:$G$34&""),0)))) | K4: =IF(AND($A4=""),"",SUMPRODUCT(1*(((('Asignacion'!$A$4:$A$34<>""))>0))*((EXACT('Asignacion'!$B$4:$B$34,$A4)))*(('Asignacion'!$E$4:$E$34="")))) | L4: =IF(AND($A4=""),"",IF(EXACT($H4,0),"Sin filas de carga",IF((IFERROR(VALUE($I4&""),0)<IFERROR(VALUE($G4&""),0)),(IF(ISNUMBER(IF(IFERROR(VALUE((IFERROR(VALUE($G4&""),0)-IFERROR(VALUE($I4&""),0))&""),0)=1,"Falta","Faltan")),IF(IF(IFERROR(VALUE((IFERROR(VALUE($G4&""),0)-IFERROR(VALUE($I4&""),0))&""),0)=1,"Falta","Faltan")=0,"0",ROUND(IF(IFERROR(VALUE((IFERROR(VALUE($G4&""),0)-IFERROR(VALUE($I4&""),0))&""),0)=1,"Falta","Faltan"),9-INT(LOG10(ABS(IF(IFERROR(VALUE((IFERROR(VALUE($G4&""),0)-IFERROR(VALUE($I4&""),0))&""),0)=1,"Falta","Faltan")))))&""),IF(IFERROR(VALUE((IFERROR(VALUE($G4&""),0)-IFERROR(VALUE($I4&""),0))&""),0)=1,"Falta","Faltan")&"")&" "&IF(ISNUMBER((IFERROR(VALUE($G4&""),0)-IFERROR(VALUE($I4&""),0))),IF((IFERROR(VALUE($G4&""),0)-IFERROR(VALUE($I4&""),0))=0,"0",ROUND((IFERROR(VALUE($G4&""),0)-IFERROR(VALUE($I4&""),0)),9-INT(LOG10(ABS((IFERROR(VALUE($G4&""),0)-IFERROR(VALUE($I4&""),0))))))&""),(IFERROR(VALUE($G4&""),0)-IFERROR(VALUE($I4&""),0))&"")&" horas de carga"),IF((IFERROR(VALUE($K4&""),0)>0),(IF(ISNUMBER(IF(IFERROR(VALUE($K4&""),0)=1,"Falta","Faltan")),IF(IF(IFERROR(VALUE($K4&""),0)=1,"Falta","Faltan")=0,"0",ROUND(IF(IFERROR(VALUE($K4&""),0)=1,"Falta","Faltan"),9-INT(LOG10(ABS(IF(IFERROR(VALUE($K4&""),0)=1,"Falta","Faltan")))))&""),IF(IFERROR(VALUE($K4&""),0)=1,"Falta","Faltan")&"")&" "&IF(ISNUMBER($K4),IF($K4=0,"0",ROUND($K4,9-INT(LOG10(ABS($K4))))&""),$K4&"")&" "&IF(ISNUMBER(IF(IFERROR(VALUE($K4&""),0)=1,"profesor","profesores")),IF(IF(IFERROR(VALUE($K4&""),0)=1,"profesor","profesores")=0,"0",ROUND(IF(IFERROR(VALUE($K4&""),0)=1,"profesor","profesores"),9-INT(LOG10(ABS(IF(IFERROR(VALUE($K4&""),0)=1,"profesor","profesores")))))&""),IF(IFERROR(VALUE($K4&""),0)=1,"profesor","profesores")&"")),"Completa")))) | M4: =IF(AND($A4=""),"",MID(IF(AND(NOT(($A4="")),NOT(EXACT($L4,"Completa"))),"; "&IF(ISNUMBER($L4),IF($L4=0,"0",ROUND($L4,9-INT(LOG10(ABS($L4))))&""),$L4&""),"")&IF(AND(NOT(($A4="")),EXACT($L4,"Completa")),"; "&"cobertura completa",""),3,32767)) | N4: =IF(OR(AND(NOT(($A4="")),NOT(EXACT($L4,"Completa")))),2,IF(OR(AND(NOT(($A4="")),EXACT($L4,"Completa"))),1,0))
A5: EST-MAT | B5: Estadistica (Mat) | C5: Matematica | D5: 32 | E5: 32 | F5: 1 | G5: =IF(AND($A5=""),"",(IFERROR(VALUE($D5&""),0)+IFERROR(VALUE((IFERROR(VALUE($E5&""),0)*IFERROR(VALUE($F5&""),0))&""),0))) | H5: =IF(AND($A5=""),"",SUMPRODUCT(1*(((('Asignacion'!$A$4:$A$34<>""))>0))*((EXACT('Asignacion'!$B$4:$B$34,$A5))))) | I5: =IF(AND($A5=""),"",SUMPRODUCT(1*(((('Asignacion'!$A$4:$A$34<>""))>0))*((EXACT('Asignacion'!$B$4:$B$34,$A5)))*(IFERROR(VALUE('Asignacion'!$G$4:$G$34&""),0)))) | J5: =IF(AND($A5=""),"",SUMPRODUCT(1*(((('Asignacion'!$A$4:$A$34<>""))>0))*((EXACT('Asignacion'!$B$4:$B$34,$A5)))*((1-(('Asignacion'!$E$4:$E$34=""))))*(IFERROR(VALUE('Asignacion'!$G$4:$G$34&""),0)))) | K5: =IF(AND($A5=""),"",SUMPRODUCT(1*(((('Asignacion'!$A$4:$A$34<>""))>0))*((EXACT('Asignacion'!$B$4:$B$34,$A5)))*(('Asignacion'!$E$4:$E$34="")))) | L5: =IF(AND($A5=""),"",IF(EXACT($H5,0),"Sin filas de carga",IF((IFERROR(VALUE($I5&""),0)<IFERROR(VALUE($G5&""),0)),(IF(ISNUMBER(IF(IFERROR(VALUE((IFERROR(VALUE($G5&""),0)-IFERROR(VALUE($I5&""),0))&""),0)=1,"Falta","Faltan")),IF(IF(IFERROR(VALUE((IFERROR(VALUE($G5&""),0)-IFERROR(VALUE($I5&""),0))&""),0)=1,"Falta","Faltan")=0,"0",ROUND(IF(IFERROR(VALUE((IFERROR(VALUE($G5&""),0)-IFERROR(VALUE($I5&""),0))&""),0)=1,"Falta","Faltan"),9-INT(LOG10(ABS(IF(IFERROR(VALUE((IFERROR(VALUE($G5&""),0)-IFERROR(VALUE($I5&""),0))&""),0)=1,"Falta","Faltan")))))&""),IF(IFERROR(VALUE((IFERROR(VALUE($G5&""),0)-IFERROR(VALUE($I5&""),0))&""),0)=1,"Falta","Faltan")&"")&" "&IF(ISNUMBER((IFERROR(VALUE($G5&""),0)-IFERROR(VALUE($I5&""),0))),IF((IFERROR(VALUE($G5&""),0)-IFERROR(VALUE($I5&""),0))=0,"0",ROUND((IFERROR(VALUE($G5&""),0)-IFERROR(VALUE($I5&""),0)),9-INT(LOG10(ABS((IFERROR(VALUE($G5&""),0)-IFERROR(VALUE($I5&""),0))))))&""),(IFERROR(VALUE($G5&""),0)-IFERROR(VALUE($I5&""),0))&"")&" horas de carga"),IF((IFERROR(VALUE($K5&""),0)>0),(IF(ISNUMBER(IF(IFERROR(VALUE($K5&""),0)=1,"Falta","Faltan")),IF(IF(IFERROR(VALUE($K5&""),0)=1,"Falta","Faltan")=0,"0",ROUND(IF(IFERROR(VALUE($K5&""),0)=1,"Falta","Faltan"),9-INT(LOG10(ABS(IF(IFERROR(VALUE($K5&""),0)=1,"Falta","Faltan")))))&""),IF(IFERROR(VALUE($K5&""),0)=1,"Falta","Faltan")&"")&" "&IF(ISNUMBER($K5),IF($K5=0,"0",ROUND($K5,9-INT(LOG10(ABS($K5))))&""),$K5&"")&" "&IF(ISNUMBER(IF(IFERROR(VALUE($K5&""),0)=1,"profesor","profesores")),IF(IF(IFERROR(VALUE($K5&""),0)=1,"profesor","profesores")=0,"0",ROUND(IF(IFERROR(VALUE($K5&""),0)=1,"profesor","profesores"),9-INT(LOG10(ABS(IF(IFERROR(VALUE($K5&""),0)=1,"profesor","profesores")))))&""),IF(IFERROR(VALUE($K5&""),0)=1,"profesor","profesores")&"")),"Completa")))) | M5: =IF(AND($A5=""),"",MID(IF(AND(NOT(($A5="")),NOT(EXACT($L5,"Completa"))),"; "&IF(ISNUMBER($L5),IF($L5=0,"0",ROUND($L5,9-INT(LOG10(ABS($L5))))&""),$L5&""),"")&IF(AND(NOT(($A5="")),EXACT($L5,"Completa")),"; "&"cobertura completa",""),3,32767)) | N5: =IF(OR(AND(NOT(($A5="")),NOT(EXACT($L5,"Completa")))),2,IF(OR(AND(NOT(($A5="")),EXACT($L5,"Completa"))),1,0))
A6: PROB | B6: Probabilidades | C6: Matematica | D6: 48 | E6: 32 | F6: 2 | G6: =IF(AND($A6=""),"",(IFERROR(VALUE($D6&""),0)+IFERROR(VALUE((IFERROR(VALUE($E6&""),0)*IFERROR(VALUE($F6&""),0))&""),0))) | H6: =IF(AND($A6=""),"",SUMPRODUCT(1*(((('Asignacion'!$A$4:$A$34<>""))>0))*((EXACT('Asignacion'!$B$4:$B$34,$A6))))) | I6: =IF(AND($A6=""),"",SUMPRODUCT(1*(((('Asignacion'!$A$4:$A$34<>""))>0))*((EXACT('Asignacion'!$B$4:$B$34,$A6)))*(IFERROR(VALUE('Asignacion'!$G$4:$G$34&""),0)))) | J6: =IF(AND($A6=""),"",SUMPRODUCT(1*(((('Asignacion'!$A$4:$A$34<>""))>0))*((EXACT('Asignacion'!$B$4:$B$34,$A6)))*((1-(('Asignacion'!$E$4:$E$34=""))))*(IFERROR(VALUE('Asignacion'!$G$4:$G$34&""),0)))) | K6: =IF(AND($A6=""),"",SUMPRODUCT(1*(((('Asignacion'!$A$4:$A$34<>""))>0))*((EXACT('Asignacion'!$B$4:$B$34,$A6)))*(('Asignacion'!$E$4:$E$34="")))) | L6: =IF(AND($A6=""),"",IF(EXACT($H6,0),"Sin filas de carga",IF((IFERROR(VALUE($I6&""),0)<IFERROR(VALUE($G6&""),0)),(IF(ISNUMBER(IF(IFERROR(VALUE((IFERROR(VALUE($G6&""),0)-IFERROR(VALUE($I6&""),0))&""),0)=1,"Falta","Faltan")),IF(IF(IFERROR(VALUE((IFERROR(VALUE($G6&""),0)-IFERROR(VALUE($I6&""),0))&""),0)=1,"Falta","Faltan")=0,"0",ROUND(IF(IFERROR(VALUE((IFERROR(VALUE($G6&""),0)-IFERROR(VALUE($I6&""),0))&""),0)=1,"Falta","Faltan"),9-INT(LOG10(ABS(IF(IFERROR(VALUE((IFERROR(VALUE($G6&""),0)-IFERROR(VALUE($I6&""),0))&""),0)=1,"Falta","Faltan")))))&""),IF(IFERROR(VALUE((IFERROR(VALUE($G6&""),0)-IFERROR(VALUE($I6&""),0))&""),0)=1,"Falta","Faltan")&"")&" "&IF(ISNUMBER((IFERROR(VALUE($G6&""),0)-IFERROR(VALUE($I6&""),0))),IF((IFERROR(VALUE($G6&""),0)-IFERROR(VALUE($I6&""),0))=0,"0",ROUND((IFERROR(VALUE($G6&""),0)-IFERROR(VALUE($I6&""),0)),9-INT(LOG10(ABS((IFERROR(VALUE($G6&""),0)-IFERROR(VALUE($I6&""),0))))))&""),(IFERROR(VALUE($G6&""),0)-IFERROR(VALUE($I6&""),0))&"")&" horas de carga"),IF((IFERROR(VALUE($K6&""),0)>0),(IF(ISNUMBER(IF(IFERROR(VALUE($K6&""),0)=1,"Falta","Faltan")),IF(IF(IFERROR(VALUE($K6&""),0)=1,"Falta","Faltan")=0,"0",ROUND(IF(IFERROR(VALUE($K6&""),0)=1,"Falta","Faltan"),9-INT(LOG10(ABS(IF(IFERROR(VALUE($K6&""),0)=1,"Falta","Faltan")))))&""),IF(IFERROR(VALUE($K6&""),0)=1,"Falta","Faltan")&"")&" "&IF(ISNUMBER($K6),IF($K6=0,"0",ROUND($K6,9-INT(LOG10(ABS($K6))))&""),$K6&"")&" "&IF(ISNUMBER(IF(IFERROR(VALUE($K6&""),0)=1,"profesor","profesores")),IF(IF(IFERROR(VALUE($K6&""),0)=1,"profesor","profesores")=0,"0",ROUND(IF(IFERROR(VALUE($K6&""),0)=1,"profesor","profesores"),9-INT(LOG10(ABS(IF(IFERROR(VALUE($K6&""),0)=1,"profesor","profesores")))))&""),IF(IFERROR(VALUE($K6&""),0)=1,"profesor","profesores")&"")),"Completa")))) | M6: =IF(AND($A6=""),"",MID(IF(AND(NOT(($A6="")),NOT(EXACT($L6,"Completa"))),"; "&IF(ISNUMBER($L6),IF($L6=0,"0",ROUND($L6,9-INT(LOG10(ABS($L6))))&""),$L6&""),"")&IF(AND(NOT(($A6="")),EXACT($L6,"Completa")),"; "&"cobertura completa",""),3,32767)) | N6: =IF(OR(AND(NOT(($A6="")),NOT(EXACT($L6,"Completa")))),2,IF(OR(AND(NOT(($A6="")),EXACT($L6,"Completa"))),1,0))
A7: MNUM | B7: Metodos Numericos | C7: Ciencia de la Computacion | D7: 32 | E7: 48 | F7: 1 | G7: =IF(AND($A7=""),"",(IFERROR(VALUE($D7&""),0)+IFERROR(VALUE((IFERROR(VALUE($E7&""),0)*IFERROR(VALUE($F7&""),0))&""),0))) | H7: =IF(AND($A7=""),"",SUMPRODUCT(1*(((('Asignacion'!$A$4:$A$34<>""))>0))*((EXACT('Asignacion'!$B$4:$B$34,$A7))))) | I7: =IF(AND($A7=""),"",SUMPRODUCT(1*(((('Asignacion'!$A$4:$A$34<>""))>0))*((EXACT('Asignacion'!$B$4:$B$34,$A7)))*(IFERROR(VALUE('Asignacion'!$G$4:$G$34&""),0)))) | J7: =IF(AND($A7=""),"",SUMPRODUCT(1*(((('Asignacion'!$A$4:$A$34<>""))>0))*((EXACT('Asignacion'!$B$4:$B$34,$A7)))*((1-(('Asignacion'!$E$4:$E$34=""))))*(IFERROR(VALUE('Asignacion'!$G$4:$G$34&""),0)))) | K7: =IF(AND($A7=""),"",SUMPRODUCT(1*(((('Asignacion'!$A$4:$A$34<>""))>0))*((EXACT('Asignacion'!$B$4:$B$34,$A7)))*(('Asignacion'!$E$4:$E$34="")))) | L7: =IF(AND($A7=""),"",IF(EXACT($H7,0),"Sin filas de carga",IF((IFERROR(VALUE($I7&""),0)<IFERROR(VALUE($G7&""),0)),(IF(ISNUMBER(IF(IFERROR(VALUE((IFERROR(VALUE($G7&""),0)-IFERROR(VALUE($I7&""),0))&""),0)=1,"Falta","Faltan")),IF(IF(IFERROR(VALUE((IFERROR(VALUE($G7&""),0)-IFERROR(VALUE($I7&""),0))&""),0)=1,"Falta","Faltan")=0,"0",ROUND(IF(IFERROR(VALUE((IFERROR(VALUE($G7&""),0)-IFERROR(VALUE($I7&""),0))&""),0)=1,"Falta","Faltan"),9-INT(LOG10(ABS(IF(IFERROR(VALUE((IFERROR(VALUE($G7&""),0)-IFERROR(VALUE($I7&""),0))&""),0)=1,"Falta","Faltan")))))&""),IF(IFERROR(VALUE((IFERROR(VALUE($G7&""),0)-IFERROR(VALUE($I7&""),0))&""),0)=1,"Falta","Faltan")&"")&" "&IF(ISNUMBER((IFERROR(VALUE($G7&""),0)-IFERROR(VALUE($I7&""),0))),IF((IFERROR(VALUE($G7&""),0)-IFERROR(VALUE($I7&""),0))=0,"0",ROUND((IFERROR(VALUE($G7&""),0)-IFERROR(VALUE($I7&""),0)),9-INT(LOG10(ABS((IFERROR(VALUE($G7&""),0)-IFERROR(VALUE($I7&""),0))))))&""),(IFERROR(VALUE($G7&""),0)-IFERROR(VALUE($I7&""),0))&"")&" horas de carga"),IF((IFERROR(VALUE($K7&""),0)>0),(IF(ISNUMBER(IF(IFERROR(VALUE($K7&""),0)=1,"Falta","Faltan")),IF(IF(IFERROR(VALUE($K7&""),0)=1,"Falta","Faltan")=0,"0",ROUND(IF(IFERROR(VALUE($K7&""),0)=1,"Falta","Faltan"),9-INT(LOG10(ABS(IF(IFERROR(VALUE($K7&""),0)=1,"Falta","Faltan")))))&""),IF(IFERROR(VALUE($K7&""),0)=1,"Falta","Faltan")&"")&" "&IF(ISNUMBER($K7),IF($K7=0,"0",ROUND($K7,9-INT(LOG10(ABS($K7))))&""),$K7&"")&" "&IF(ISNUMBER(IF(IFERROR(VALUE($K7&""),0)=1,"profesor","profesores")),IF(IF(IFERROR(VALUE($K7&""),0)=1,"profesor","profesores")=0,"0",ROUND(IF(IFERROR(VALUE($K7&""),0)=1,"profesor","profesores"),9-INT(LOG10(ABS(IF(IFERROR(VALUE($K7&""),0)=1,"profesor","profesores")))))&""),IF(IFERROR(VALUE($K7&""),0)=1,"profesor","profesores")&"")),"Completa")))) | M7: =IF(AND($A7=""),"",MID(IF(AND(NOT(($A7="")),NOT(EXACT($L7,"Completa"))),"; "&IF(ISNUMBER($L7),IF($L7=0,"0",ROUND($L7,9-INT(LOG10(ABS($L7))))&""),$L7&""),"")&IF(AND(NOT(($A7="")),EXACT($L7,"Completa")),"; "&"cobertura completa",""),3,32767)) | N7: =IF(OR(AND(NOT(($A7="")),NOT(EXACT($L7,"Completa")))),2,IF(OR(AND(NOT(($A7="")),EXACT($L7,"Completa"))),1,0))
G8: =IF(AND($A8=""),"",(IFERROR(VALUE($D8&""),0)+IFERROR(VALUE((IFERROR(VALUE($E8&""),0)*IFERROR(VALUE($F8&""),0))&""),0))) | H8: =IF(AND($A8=""),"",SUMPRODUCT(1*(((('Asignacion'!$A$4:$A$34<>""))>0))*((EXACT('Asignacion'!$B$4:$B$34,$A8))))) | I8: =IF(AND($A8=""),"",SUMPRODUCT(1*(((('Asignacion'!$A$4:$A$34<>""))>0))*((EXACT('Asignacion'!$B$4:$B$34,$A8)))*(IFERROR(VALUE('Asignacion'!$G$4:$G$34&""),0)))) | J8: =IF(AND($A8=""),"",SUMPRODUCT(1*(((('Asignacion'!$A$4:$A$34<>""))>0))*((EXACT('Asignacion'!$B$4:$B$34,$A8)))*((1-(('Asignacion'!$E$4:$E$34=""))))*(IFERROR(VALUE('Asignacion'!$G$4:$G$34&""),0)))) | K8: =IF(AND($A8=""),"",SUMPRODUCT(1*(((('Asignacion'!$A$4:$A$34<>""))>0))*((EXACT('Asignacion'!$B$4:$B$34,$A8)))*(('Asignacion'!$E$4:$E$34="")))) | L8: =IF(AND($A8=""),"",IF(EXACT($H8,0),"Sin filas de carga",IF((IFERROR(VALUE($I8&""),0)<IFERROR(VALUE($G8&""),0)),(IF(ISNUMBER(IF(IFERROR(VALUE((IFERROR(VALUE($G8&""),0)-IFERROR(VALUE($I8&""),0))&""),0)=1,"Falta","Faltan")),IF(IF(IFERROR(VALUE((IFERROR(VALUE($G8&""),0)-IFERROR(VALUE($I8&""),0))&""),0)=1,"Falta","Faltan")=0,"0",ROUND(IF(IFERROR(VALUE((IFERROR(VALUE($G8&""),0)-IFERROR(VALUE($I8&""),0))&""),0)=1,"Falta","Faltan"),9-INT(LOG10(ABS(IF(IFERROR(VALUE((IFERROR(VALUE($G8&""),0)-IFERROR(VALUE($I8&""),0))&""),0)=1,"Falta","Faltan")))))&""),IF(IFERROR(VALUE((IFERROR(VALUE($G8&""),0)-IFERROR(VALUE($I8&""),0))&""),0)=1,"Falta","Faltan")&"")&" "&IF(ISNUMBER((IFERROR(VALUE($G8&""),0)-IFERROR(VALUE($I8&""),0))),IF((IFERROR(VALUE($G8&""),0)-IFERROR(VALUE($I8&""),0))=0,"0",ROUND((IFERROR(VALUE($G8&""),0)-IFERROR(VALUE($I8&""),0)),9-INT(LOG10(ABS((IFERROR(VALUE($G8&""),0)-IFERROR(VALUE($I8&""),0))))))&""),(IFERROR(VALUE($G8&""),0)-IFERROR(VALUE($I8&""),0))&"")&" horas de carga"),IF((IFERROR(VALUE($K8&""),0)>0),(IF(ISNUMBER(IF(IFERROR(VALUE($K8&""),0)=1,"Falta","Faltan")),IF(IF(IFERROR(VALUE($K8&""),0)=1,"Falta","Faltan")=0,"0",ROUND(IF(IFERROR(VALUE($K8&""),0)=1,"Falta","Faltan"),9-INT(LOG10(ABS(IF(IFERROR(VALUE($K8&""),0)=1,"Falta","Faltan")))))&""),IF(IFERROR(VALUE($K8&""),0)=1,"Falta","Faltan")&"")&" "&IF(ISNUMBER($K8),IF($K8=0,"0",ROUND($K8,9-INT(LOG10(ABS($K8))))&""),$K8&"")&" "&IF(ISNUMBER(IF(IFERROR(VALUE($K8&""),0)=1,"profesor","profesores")),IF(IF(IFERROR(VALUE($K8&""),0)=1,"profesor","profesores")=0,"0",ROUND(IF(IFERROR(VALUE($K8&""),0)=1,"profesor","profesores"),9-INT(LOG10(ABS(IF(IFERROR(VALUE($K8&""),0)=1,"profesor","profesores")))))&""),IF(IFERROR(VALUE($K8&""),0)=1,"profesor","profesores")&"")),"Completa")))) | M8: =IF(AND($A8=""),"",MID(IF(AND(NOT(($A8="")),NOT(EXACT($L8,"Completa"))),"; "&IF(ISNUMBER($L8),IF($L8=0,"0",ROUND($L8,9-INT(LOG10(ABS($L8))))&""),$L8&""),"")&IF(AND(NOT(($A8="")),EXACT($L8,"Completa")),"; "&"cobertura completa",""),3,32767)) | N8: =IF(OR(AND(NOT(($A8="")),NOT(EXACT($L8,"Completa")))),2,IF(OR(AND(NOT(($A8="")),EXACT($L8,"Completa"))),1,0))
G9: =IF(AND($A9=""),"",(IFERROR(VALUE($D9&""),0)+IFERROR(VALUE((IFERROR(VALUE($E9&""),0)*IFERROR(VALUE($F9&""),0))&""),0))) | H9: =IF(AND($A9=""),"",SUMPRODUCT(1*(((('Asignacion'!$A$4:$A$34<>""))>0))*((EXACT('Asignacion'!$B$4:$B$34,$A9))))) | I9: =IF(AND($A9=""),"",SUMPRODUCT(1*(((('Asignacion'!$A$4:$A$34<>""))>0))*((EXACT('Asignacion'!$B$4:$B$34,$A9)))*(IFERROR(VALUE('Asignacion'!$G$4:$G$34&""),0)))) | J9: =IF(AND($A9=""),"",SUMPRODUCT(1*(((('Asignacion'!$A$4:$A$34<>""))>0))*((EXACT('Asignacion'!$B$4:$B$34,$A9)))*((1-(('Asignacion'!$E$4:$E$34=""))))*(IFERROR(VALUE('Asignacion'!$G$4:$G$34&""),0)))) | K9: =IF(AND($A9=""),"",SUMPRODUCT(1*(((('Asignacion'!$A$4:$A$34<>""))>0))*((EXACT('Asignacion'!$B$4:$B$34,$A9)))*(('Asignacion'!$E$4:$E$34="")))) | L9: =IF(AND($A9=""),"",IF(EXACT($H9,0),"Sin filas de carga",IF((IFERROR(VALUE($I9&""),0)<IFERROR(VALUE($G9&""),0)),(IF(ISNUMBER(IF(IFERROR(VALUE((IFERROR(VALUE($G9&""),0)-IFERROR(VALUE($I9&""),0))&""),0)=1,"Falta","Faltan")),IF(IF(IFERROR(VALUE((IFERROR(VALUE($G9&""),0)-IFERROR(VALUE($I9&""),0))&""),0)=1,"Falta","Faltan")=0,"0",ROUND(IF(IFERROR(VALUE((IFERROR(VALUE($G9&""),0)-IFERROR(VALUE($I9&""),0))&""),0)=1,"Falta","Faltan"),9-INT(LOG10(ABS(IF(IFERROR(VALUE((IFERROR(VALUE($G9&""),0)-IFERROR(VALUE($I9&""),0))&""),0)=1,"Falta","Faltan")))))&""),IF(IFERROR(VALUE((IFERROR(VALUE($G9&""),0)-IFERROR(VALUE($I9&""),0))&""),0)=1,"Falta","Faltan")&"")&" "&IF(ISNUMBER((IFERROR(VALUE($G9&""),0)-IFERROR(VALUE($I9&""),0))),IF((IFERROR(VALUE($G9&""),0)-IFERROR(VALUE($I9&""),0))=0,"0",ROUND((IFERROR(VALUE($G9&""),0)-IFERROR(VALUE($I9&""),0)),9-INT(LOG10(ABS((IFERROR(VALUE($G9&""),0)-IFERROR(VALUE($I9&""),0))))))&""),(IFERROR(VALUE($G9&""),0)-IFERROR(VALUE($I9&""),0))&"")&" horas de carga"),IF((IFERROR(VALUE($K9&""),0)>0),(IF(ISNUMBER(IF(IFERROR(VALUE($K9&""),0)=1,"Falta","Faltan")),IF(IF(IFERROR(VALUE($K9&""),0)=1,"Falta","Faltan")=0,"0",ROUND(IF(IFERROR(VALUE($K9&""),0)=1,"Falta","Faltan"),9-INT(LOG10(ABS(IF(IFERROR(VALUE($K9&""),0)=1,"Falta","Faltan")))))&""),IF(IFERROR(VALUE($K9&""),0)=1,"Falta","Faltan")&"")&" "&IF(ISNUMBER($K9),IF($K9=0,"0",ROUND($K9,9-INT(LOG10(ABS($K9))))&""),$K9&"")&" "&IF(ISNUMBER(IF(IFERROR(VALUE($K9&""),0)=1,"profesor","profesores")),IF(IF(IFERROR(VALUE($K9&""),0)=1,"profesor","profesores")=0,"0",ROUND(IF(IFERROR(VALUE($K9&""),0)=1,"profesor","profesores"),9-INT(LOG10(ABS(IF(IFERROR(VALUE($K9&""),0)=1,"profesor","profesores")))))&""),IF(IFERROR(VALUE($K9&""),0)=1,"profesor","profesores")&"")),"Completa")))) | M9: =IF(AND($A9=""),"",MID(IF(AND(NOT(($A9="")),NOT(EXACT($L9,"Completa"))),"; "&IF(ISNUMBER($L9),IF($L9=0,"0",ROUND($L9,9-INT(LOG10(ABS($L9))))&""),$L9&""),"")&IF(AND(NOT(($A9="")),EXACT($L9,"Completa")),"; "&"cobertura completa",""),3,32767)) | N9: =IF(OR(AND(NOT(($A9="")),NOT(EXACT($L9,"Completa")))),2,IF(OR(AND(NOT(($A9="")),EXACT($L9,"Completa"))),1,0))
G10: =IF(AND($A10=""),"",(IFERROR(VALUE($D10&""),0)+IFERROR(VALUE((IFERROR(VALUE($E10&""),0)*IFERROR(VALUE($F10&""),0))&""),0))) | H10: =IF(AND($A10=""),"",SUMPRODUCT(1*(((('Asignacion'!$A$4:$A$34<>""))>0))*((EXACT('Asignacion'!$B$4:$B$34,$A10))))) | I10: =IF(AND($A10=""),"",SUMPRODUCT(1*(((('Asignacion'!$A$4:$A$34<>""))>0))*((EXACT('Asignacion'!$B$4:$B$34,$A10)))*(IFERROR(VALUE('Asignacion'!$G$4:$G$34&""),0)))) | J10: =IF(AND($A10=""),"",SUMPRODUCT(1*(((('Asignacion'!$A$4:$A$34<>""))>0))*((EXACT('Asignacion'!$B$4:$B$34,$A10)))*((1-(('Asignacion'!$E$4:$E$34=""))))*(IFERROR(VALUE('Asignacion'!$G$4:$G$34&""),0)))) | K10: =IF(AND($A10=""),"",SUMPRODUCT(1*(((('Asignacion'!$A$4:$A$34<>""))>0))*((EXACT('Asignacion'!$B$4:$B$34,$A10)))*(('Asignacion'!$E$4:$E$34="")))) | L10: =IF(AND($A10=""),"",IF(EXACT($H10,0),"Sin filas de carga",IF((IFERROR(VALUE($I10&""),0)<IFERROR(VALUE($G10&""),0)),(IF(ISNUMBER(IF(IFERROR(VALUE((IFERROR(VALUE($G10&""),0)-IFERROR(VALUE($I10&""),0))&""),0)=1,"Falta","Faltan")),IF(IF(IFERROR(VALUE((IFERROR(VALUE($G10&""),0)-IFERROR(VALUE($I10&""),0))&""),0)=1,"Falta","Faltan")=0,"0",ROUND(IF(IFERROR(VALUE((IFERROR(VALUE($G10&""),0)-IFERROR(VALUE($I10&""),0))&""),0)=1,"Falta","Faltan"),9-INT(LOG10(ABS(IF(IFERROR(VALUE((IFERROR(VALUE($G10&""),0)-IFERROR(VALUE($I10&""),0))&""),0)=1,"Falta","Faltan")))))&""),IF(IFERROR(VALUE((IFERROR(VALUE($G10&""),0)-IFERROR(VALUE($I10&""),0))&""),0)=1,"Falta","Faltan")&"")&" "&IF(ISNUMBER((IFERROR(VALUE($G10&""),0)-IFERROR(VALUE($I10&""),0))),IF((IFERROR(VALUE($G10&""),0)-IFERROR(VALUE($I10&""),0))=0,"0",ROUND((IFERROR(VALUE($G10&""),0)-IFERROR(VALUE($I10&""),0)),9-INT(LOG10(ABS((IFERROR(VALUE($G10&""),0)-IFERROR(VALUE($I10&""),0))))))&""),(IFERROR(VALUE($G10&""),0)-IFERROR(VALUE($I10&""),0))&"")&" horas de carga"),IF((IFERROR(VALUE($K10&""),0)>0),(IF(ISNUMBER(IF(IFERROR(VALUE($K10&""),0)=1,"Falta","Faltan")),IF(IF(IFERROR(VALUE($K10&""),0)=1,"Falta","Faltan")=0,"0",ROUND(IF(IFERROR(VALUE($K10&""),0)=1,"Falta","Faltan"),9-INT(LOG10(ABS(IF(IFERROR(VALUE($K10&""),0)=1,"Falta","Faltan")))))&""),IF(IFERROR(VALUE($K10&""),0)=1,"Falta","Faltan")&"")&" "&IF(ISNUMBER($K10),IF($K10=0,"0",ROUND($K10,9-INT(LOG10(ABS($K10))))&""),$K10&"")&" "&IF(ISNUMBER(IF(IFERROR(VALUE($K10&""),0)=1,"profesor","profesores")),IF(IF(IFERROR(VALUE($K10&""),0)=1,"profesor","profesores")=0,"0",ROUND(IF(IFERROR(VALUE($K10&""),0)=1,"profesor","profesores"),9-INT(LOG10(ABS(IF(IFERROR(VALUE($K10&""),0)=1,"profesor","profesores")))))&""),IF(IFERROR(VALUE($K10&""),0)=1,"profesor","profesores")&"")),"Completa")))) | M10: =IF(AND($A10=""),"",MID(IF(AND(NOT(($A10="")),NOT(EXACT($L10,"Completa"))),"; "&IF(ISNUMBER($L10),IF($L10=0,"0",ROUND($L10,9-INT(LOG10(ABS($L10))))&""),$L10&""),"")&IF(AND(NOT(($A10="")),EXACT($L10,"Completa")),"; "&"cobertura completa",""),3,32767)) | N10: =IF(OR(AND(NOT(($A10="")),NOT(EXACT($L10,"Completa")))),2,IF(OR(AND(NOT(($A10="")),EXACT($L10,"Completa"))),1,0))
G11: =IF(AND($A11=""),"",(IFERROR(VALUE($D11&""),0)+IFERROR(VALUE((IFERROR(VALUE($E11&""),0)*IFERROR(VALUE($F11&""),0))&""),0))) | H11: =IF(AND($A11=""),"",SUMPRODUCT(1*(((('Asignacion'!$A$4:$A$34<>""))>0))*((EXACT('Asignacion'!$B$4:$B$34,$A11))))) | I11: =IF(AND($A11=""),"",SUMPRODUCT(1*(((('Asignacion'!$A$4:$A$34<>""))>0))*((EXACT('Asignacion'!$B$4:$B$34,$A11)))*(IFERROR(VALUE('Asignacion'!$G$4:$G$34&""),0)))) | J11: =IF(AND($A11=""),"",SUMPRODUCT(1*(((('Asignacion'!$A$4:$A$34<>""))>0))*((EXACT('Asignacion'!$B$4:$B$34,$A11)))*((1-(('Asignacion'!$E$4:$E$34=""))))*(IFERROR(VALUE('Asignacion'!$G$4:$G$34&""),0)))) | K11: =IF(AND($A11=""),"",SUMPRODUCT(1*(((('Asignacion'!$A$4:$A$34<>""))>0))*((EXACT('Asignacion'!$B$4:$B$34,$A11)))*(('Asignacion'!$E$4:$E$34="")))) | L11: =IF(AND($A11=""),"",IF(EXACT($H11,0),"Sin filas de carga",IF((IFERROR(VALUE($I11&""),0)<IFERROR(VALUE($G11&""),0)),(IF(ISNUMBER(IF(IFERROR(VALUE((IFERROR(VALUE($G11&""),0)-IFERROR(VALUE($I11&""),0))&""),0)=1,"Falta","Faltan")),IF(IF(IFERROR(VALUE((IFERROR(VALUE($G11&""),0)-IFERROR(VALUE($I11&""),0))&""),0)=1,"Falta","Faltan")=0,"0",ROUND(IF(IFERROR(VALUE((IFERROR(VALUE($G11&""),0)-IFERROR(VALUE($I11&""),0))&""),0)=1,"Falta","Faltan"),9-INT(LOG10(ABS(IF(IFERROR(VALUE((IFERROR(VALUE($G11&""),0)-IFERROR(VALUE($I11&""),0))&""),0)=1,"Falta","Faltan")))))&""),IF(IFERROR(VALUE((IFERROR(VALUE($G11&""),0)-IFERROR(VALUE($I11&""),0))&""),0)=1,"Falta","Faltan")&"")&" "&IF(ISNUMBER((IFERROR(VALUE($G11&""),0)-IFERROR(VALUE($I11&""),0))),IF((IFERROR(VALUE($G11&""),0)-IFERROR(VALUE($I11&""),0))=0,"0",ROUND((IFERROR(VALUE($G11&""),0)-IFERROR(VALUE($I11&""),0)),9-INT(LOG10(ABS((IFERROR(VALUE($G11&""),0)-IFERROR(VALUE($I11&""),0))))))&""),(IFERROR(VALUE($G11&""),0)-IFERROR(VALUE($I11&""),0))&"")&" horas de carga"),IF((IFERROR(VALUE($K11&""),0)>0),(IF(ISNUMBER(IF(IFERROR(VALUE($K11&""),0)=1,"Falta","Faltan")),IF(IF(IFERROR(VALUE($K11&""),0)=1,"Falta","Faltan")=0,"0",ROUND(IF(IFERROR(VALUE($K11&""),0)=1,"Falta","Faltan"),9-INT(LOG10(ABS(IF(IFERROR(VALUE($K11&""),0)=1,"Falta","Faltan")))))&""),IF(IFERROR(VALUE($K11&""),0)=1,"Falta","Faltan")&"")&" "&IF(ISNUMBER($K11),IF($K11=0,"0",ROUND($K11,9-INT(LOG10(ABS($K11))))&""),$K11&"")&" "&IF(ISNUMBER(IF(IFERROR(VALUE($K11&""),0)=1,"profesor","profesores")),IF(IF(IFERROR(VALUE($K11&""),0)=1,"profesor","profesores")=0,"0",ROUND(IF(IFERROR(VALUE($K11&""),0)=1,"profesor","profesores"),9-INT(LOG10(ABS(IF(IFERROR(VALUE($K11&""),0)=1,"profesor","profesores")))))&""),IF(IFERROR(VALUE($K11&""),0)=1,"profesor","profesores")&"")),"Completa")))) | M11: =IF(AND($A11=""),"",MID(IF(AND(NOT(($A11="")),NOT(EXACT($L11,"Completa"))),"; "&IF(ISNUMBER($L11),IF($L11=0,"0",ROUND($L11,9-INT(LOG10(ABS($L11))))&""),$L11&""),"")&IF(AND(NOT(($A11="")),EXACT($L11,"Completa")),"; "&"cobertura completa",""),3,32767)) | N11: =IF(OR(AND(NOT(($A11="")),NOT(EXACT($L11,"Completa")))),2,IF(OR(AND(NOT(($A11="")),EXACT($L11,"Completa"))),1,0))
G12: =IF(AND($A12=""),"",(IFERROR(VALUE($D12&""),0)+IFERROR(VALUE((IFERROR(VALUE($E12&""),0)*IFERROR(VALUE($F12&""),0))&""),0))) | H12: =IF(AND($A12=""),"",SUMPRODUCT(1*(((('Asignacion'!$A$4:$A$34<>""))>0))*((EXACT('Asignacion'!$B$4:$B$34,$A12))))) | I12: =IF(AND($A12=""),"",SUMPRODUCT(1*(((('Asignacion'!$A$4:$A$34<>""))>0))*((EXACT('Asignacion'!$B$4:$B$34,$A12)))*(IFERROR(VALUE('Asignacion'!$G$4:$G$34&""),0)))) | J12: =IF(AND($A12=""),"",SUMPRODUCT(1*(((('Asignacion'!$A$4:$A$34<>""))>0))*((EXACT('Asignacion'!$B$4:$B$34,$A12)))*((1-(('Asignacion'!$E$4:$E$34=""))))*(IFERROR(VALUE('Asignacion'!$G$4:$G$34&""),0)))) | K12: =IF(AND($A12=""),"",SUMPRODUCT(1*(((('Asignacion'!$A$4:$A$34<>""))>0))*((EXACT('Asignacion'!$B$4:$B$34,$A12)))*(('Asignacion'!$E$4:$E$34="")))) | L12: =IF(AND($A12=""),"",IF(EXACT($H12,0),"Sin filas de carga",IF((IFERROR(VALUE($I12&""),0)<IFERROR(VALUE($G12&""),0)),(IF(ISNUMBER(IF(IFERROR(VALUE((IFERROR(VALUE($G12&""),0)-IFERROR(VALUE($I12&""),0))&""),0)=1,"Falta","Faltan")),IF(IF(IFERROR(VALUE((IFERROR(VALUE($G12&""),0)-IFERROR(VALUE($I12&""),0))&""),0)=1,"Falta","Faltan")=0,"0",ROUND(IF(IFERROR(VALUE((IFERROR(VALUE($G12&""),0)-IFERROR(VALUE($I12&""),0))&""),0)=1,"Falta","Faltan"),9-INT(LOG10(ABS(IF(IFERROR(VALUE((IFERROR(VALUE($G12&""),0)-IFERROR(VALUE($I12&""),0))&""),0)=1,"Falta","Faltan")))))&""),IF(IFERROR(VALUE((IFERROR(VALUE($G12&""),0)-IFERROR(VALUE($I12&""),0))&""),0)=1,"Falta","Faltan")&"")&" "&IF(ISNUMBER((IFERROR(VALUE($G12&""),0)-IFERROR(VALUE($I12&""),0))),IF((IFERROR(VALUE($G12&""),0)-IFERROR(VALUE($I12&""),0))=0,"0",ROUND((IFERROR(VALUE($G12&""),0)-IFERROR(VALUE($I12&""),0)),9-INT(LOG10(ABS((IFERROR(VALUE($G12&""),0)-IFERROR(VALUE($I12&""),0))))))&""),(IFERROR(VALUE($G12&""),0)-IFERROR(VALUE($I12&""),0))&"")&" horas de carga"),IF((IFERROR(VALUE($K12&""),0)>0),(IF(ISNUMBER(IF(IFERROR(VALUE($K12&""),0)=1,"Falta","Faltan")),IF(IF(IFERROR(VALUE($K12&""),0)=1,"Falta","Faltan")=0,"0",ROUND(IF(IFERROR(VALUE($K12&""),0)=1,"Falta","Faltan"),9-INT(LOG10(ABS(IF(IFERROR(VALUE($K12&""),0)=1,"Falta","Faltan")))))&""),IF(IFERROR(VALUE($K12&""),0)=1,"Falta","Faltan")&"")&" "&IF(ISNUMBER($K12),IF($K12=0,"0",ROUND($K12,9-INT(LOG10(ABS($K12))))&""),$K12&"")&" "&IF(ISNUMBER(IF(IFERROR(VALUE($K12&""),0)=1,"profesor","profesores")),IF(IF(IFERROR(VALUE($K12&""),0)=1,"profesor","profesores")=0,"0",ROUND(IF(IFERROR(VALUE($K12&""),0)=1,"profesor","profesores"),9-INT(LOG10(ABS(IF(IFERROR(VALUE($K12&""),0)=1,"profesor","profesores")))))&""),IF(IFERROR(VALUE($K12&""),0)=1,"profesor","profesores")&"")),"Completa")))) | M12: =IF(AND($A12=""),"",MID(IF(AND(NOT(($A12="")),NOT(EXACT($L12,"Completa"))),"; "&IF(ISNUMBER($L12),IF($L12=0,"0",ROUND($L12,9-INT(LOG10(ABS($L12))))&""),$L12&""),"")&IF(AND(NOT(($A12="")),EXACT($L12,"Completa")),"; "&"cobertura completa",""),3,32767)) | N12: =IF(OR(AND(NOT(($A12="")),NOT(EXACT($L12,"Completa")))),2,IF(OR(AND(NOT(($A12="")),EXACT($L12,"Completa"))),1,0))
G13: =IF(AND($A13=""),"",(IFERROR(VALUE($D13&""),0)+IFERROR(VALUE((IFERROR(VALUE($E13&""),0)*IFERROR(VALUE($F13&""),0))&""),0))) | H13: =IF(AND($A13=""),"",SUMPRODUCT(1*(((('Asignacion'!$A$4:$A$34<>""))>0))*((EXACT('Asignacion'!$B$4:$B$34,$A13))))) | I13: =IF(AND($A13=""),"",SUMPRODUCT(1*(((('Asignacion'!$A$4:$A$34<>""))>0))*((EXACT('Asignacion'!$B$4:$B$34,$A13)))*(IFERROR(VALUE('Asignacion'!$G$4:$G$34&""),0)))) | J13: =IF(AND($A13=""),"",SUMPRODUCT(1*(((('Asignacion'!$A$4:$A$34<>""))>0))*((EXACT('Asignacion'!$B$4:$B$34,$A13)))*((1-(('Asignacion'!$E$4:$E$34=""))))*(IFERROR(VALUE('Asignacion'!$G$4:$G$34&""),0)))) | K13: =IF(AND($A13=""),"",SUMPRODUCT(1*(((('Asignacion'!$A$4:$A$34<>""))>0))*((EXACT('Asignacion'!$B$4:$B$34,$A13)))*(('Asignacion'!$E$4:$E$34="")))) | L13: =IF(AND($A13=""),"",IF(EXACT($H13,0),"Sin filas de carga",IF((IFERROR(VALUE($I13&""),0)<IFERROR(VALUE($G13&""),0)),(IF(ISNUMBER(IF(IFERROR(VALUE((IFERROR(VALUE($G13&""),0)-IFERROR(VALUE($I13&""),0))&""),0)=1,"Falta","Faltan")),IF(IF(IFERROR(VALUE((IFERROR(VALUE($G13&""),0)-IFERROR(VALUE($I13&""),0))&""),0)=1,"Falta","Faltan")=0,"0",ROUND(IF(IFERROR(VALUE((IFERROR(VALUE($G13&""),0)-IFERROR(VALUE($I13&""),0))&""),0)=1,"Falta","Faltan"),9-INT(LOG10(ABS(IF(IFERROR(VALUE((IFERROR(VALUE($G13&""),0)-IFERROR(VALUE($I13&""),0))&""),0)=1,"Falta","Faltan")))))&""),IF(IFERROR(VALUE((IFERROR(VALUE($G13&""),0)-IFERROR(VALUE($I13&""),0))&""),0)=1,"Falta","Faltan")&"")&" "&IF(ISNUMBER((IFERROR(VALUE($G13&""),0)-IFERROR(VALUE($I13&""),0))),IF((IFERROR(VALUE($G13&""),0)-IFERROR(VALUE($I13&""),0))=0,"0",ROUND((IFERROR(VALUE($G13&""),0)-IFERROR(VALUE($I13&""),0)),9-INT(LOG10(ABS((IFERROR(VALUE($G13&""),0)-IFERROR(VALUE($I13&""),0))))))&""),(IFERROR(VALUE($G13&""),0)-IFERROR(VALUE($I13&""),0))&"")&" horas de carga"),IF((IFERROR(VALUE($K13&""),0)>0),(IF(ISNUMBER(IF(IFERROR(VALUE($K13&""),0)=1,"Falta","Faltan")),IF(IF(IFERROR(VALUE($K13&""),0)=1,"Falta","Faltan")=0,"0",ROUND(IF(IFERROR(VALUE($K13&""),0)=1,"Falta","Faltan"),9-INT(LOG10(ABS(IF(IFERROR(VALUE($K13&""),0)=1,"Falta","Faltan")))))&""),IF(IFERROR(VALUE($K13&""),0)=1,"Falta","Faltan")&"")&" "&IF(ISNUMBER($K13),IF($K13=0,"0",ROUND($K13,9-INT(LOG10(ABS($K13))))&""),$K13&"")&" "&IF(ISNUMBER(IF(IFERROR(VALUE($K13&""),0)=1,"profesor","profesores")),IF(IF(IFERROR(VALUE($K13&""),0)=1,"profesor","profesores")=0,"0",ROUND(IF(IFERROR(VALUE($K13&""),0)=1,"profesor","profesores"),9-INT(LOG10(ABS(IF(IFERROR(VALUE($K13&""),0)=1,"profesor","profesores")))))&""),IF(IFERROR(VALUE($K13&""),0)=1,"profesor","profesores")&"")),"Completa")))) | M13: =IF(AND($A13=""),"",MID(IF(AND(NOT(($A13="")),NOT(EXACT($L13,"Completa"))),"; "&IF(ISNUMBER($L13),IF($L13=0,"0",ROUND($L13,9-INT(LOG10(ABS($L13))))&""),$L13&""),"")&IF(AND(NOT(($A13="")),EXACT($L13,"Completa")),"; "&"cobertura completa",""),3,32767)) | N13: =IF(OR(AND(NOT(($A13="")),NOT(EXACT($L13,"Completa")))),2,IF(OR(AND(NOT(($A13="")),EXACT($L13,"Completa"))),1,0))
G14: =IF(AND($A14=""),"",(IFERROR(VALUE($D14&""),0)+IFERROR(VALUE((IFERROR(VALUE($E14&""),0)*IFERROR(VALUE($F14&""),0))&""),0))) | H14: =IF(AND($A14=""),"",SUMPRODUCT(1*(((('Asignacion'!$A$4:$A$34<>""))>0))*((EXACT('Asignacion'!$B$4:$B$34,$A14))))) | I14: =IF(AND($A14=""),"",SUMPRODUCT(1*(((('Asignacion'!$A$4:$A$34<>""))>0))*((EXACT('Asignacion'!$B$4:$B$34,$A14)))*(IFERROR(VALUE('Asignacion'!$G$4:$G$34&""),0)))) | J14: =IF(AND($A14=""),"",SUMPRODUCT(1*(((('Asignacion'!$A$4:$A$34<>""))>0))*((EXACT('Asignacion'!$B$4:$B$34,$A14)))*((1-(('Asignacion'!$E$4:$E$34=""))))*(IFERROR(VALUE('Asignacion'!$G$4:$G$34&""),0)))) | K14: =IF(AND($A14=""),"",SUMPRODUCT(1*(((('Asignacion'!$A$4:$A$34<>""))>0))*((EXACT('Asignacion'!$B$4:$B$34,$A14)))*(('Asignacion'!$E$4:$E$34="")))) | L14: =IF(AND($A14=""),"",IF(EXACT($H14,0),"Sin filas de carga",IF((IFERROR(VALUE($I14&""),0)<IFERROR(VALUE($G14&""),0)),(IF(ISNUMBER(IF(IFERROR(VALUE((IFERROR(VALUE($G14&""),0)-IFERROR(VALUE($I14&""),0))&""),0)=1,"Falta","Faltan")),IF(IF(IFERROR(VALUE((IFERROR(VALUE($G14&""),0)-IFERROR(VALUE($I14&""),0))&""),0)=1,"Falta","Faltan")=0,"0",ROUND(IF(IFERROR(VALUE((IFERROR(VALUE($G14&""),0)-IFERROR(VALUE($I14&""),0))&""),0)=1,"Falta","Faltan"),9-INT(LOG10(ABS(IF(IFERROR(VALUE((IFERROR(VALUE($G14&""),0)-IFERROR(VALUE($I14&""),0))&""),0)=1,"Falta","Faltan")))))&""),IF(IFERROR(VALUE((IFERROR(VALUE($G14&""),0)-IFERROR(VALUE($I14&""),0))&""),0)=1,"Falta","Faltan")&"")&" "&IF(ISNUMBER((IFERROR(VALUE($G14&""),0)-IFERROR(VALUE($I14&""),0))),IF((IFERROR(VALUE($G14&""),0)-IFERROR(VALUE($I14&""),0))=0,"0",ROUND((IFERROR(VALUE($G14&""),0)-IFERROR(VALUE($I14&""),0)),9-INT(LOG10(ABS((IFERROR(VALUE($G14&""),0)-IFERROR(VALUE($I14&""),0))))))&""),(IFERROR(VALUE($G14&""),0)-IFERROR(VALUE($I14&""),0))&"")&" horas de carga"),IF((IFERROR(VALUE($K14&""),0)>0),(IF(ISNUMBER(IF(IFERROR(VALUE($K14&""),0)=1,"Falta","Faltan")),IF(IF(IFERROR(VALUE($K14&""),0)=1,"Falta","Faltan")=0,"0",ROUND(IF(IFERROR(VALUE($K14&""),0)=1,"Falta","Faltan"),9-INT(LOG10(ABS(IF(IFERROR(VALUE($K14&""),0)=1,"Falta","Faltan")))))&""),IF(IFERROR(VALUE($K14&""),0)=1,"Falta","Faltan")&"")&" "&IF(ISNUMBER($K14),IF($K14=0,"0",ROUND($K14,9-INT(LOG10(ABS($K14))))&""),$K14&"")&" "&IF(ISNUMBER(IF(IFERROR(VALUE($K14&""),0)=1,"profesor","profesores")),IF(IF(IFERROR(VALUE($K14&""),0)=1,"profesor","profesores")=0,"0",ROUND(IF(IFERROR(VALUE($K14&""),0)=1,"profesor","profesores"),9-INT(LOG10(ABS(IF(IFERROR(VALUE($K14&""),0)=1,"profesor","profesores")))))&""),IF(IFERROR(VALUE($K14&""),0)=1,"profesor","profesores")&"")),"Completa")))) | M14: =IF(AND($A14=""),"",MID(IF(AND(NOT(($A14="")),NOT(EXACT($L14,"Completa"))),"; "&IF(ISNUMBER($L14),IF($L14=0,"0",ROUND($L14,9-INT(LOG10(ABS($L14))))&""),$L14&""),"")&IF(AND(NOT(($A14="")),EXACT($L14,"Completa")),"; "&"cobertura completa",""),3,32767)) | N14: =IF(OR(AND(NOT(($A14="")),NOT(EXACT($L14,"Completa")))),2,IF(OR(AND(NOT(($A14="")),EXACT($L14,"Completa"))),1,0))
G15: =IF(AND($A15=""),"",(IFERROR(VALUE($D15&""),0)+IFERROR(VALUE((IFERROR(VALUE($E15&""),0)*IFERROR(VALUE($F15&""),0))&""),0))) | H15: =IF(AND($A15=""),"",SUMPRODUCT(1*(((('Asignacion'!$A$4:$A$34<>""))>0))*((EXACT('Asignacion'!$B$4:$B$34,$A15))))) | I15: =IF(AND($A15=""),"",SUMPRODUCT(1*(((('Asignacion'!$A$4:$A$34<>""))>0))*((EXACT('Asignacion'!$B$4:$B$34,$A15)))*(IFERROR(VALUE('Asignacion'!$G$4:$G$34&""),0)))) | J15: =IF(AND($A15=""),"",SUMPRODUCT(1*(((('Asignacion'!$A$4:$A$34<>""))>0))*((EXACT('Asignacion'!$B$4:$B$34,$A15)))*((1-(('Asignacion'!$E$4:$E$34=""))))*(IFERROR(VALUE('Asignacion'!$G$4:$G$34&""),0)))) | K15: =IF(AND($A15=""),"",SUMPRODUCT(1*(((('Asignacion'!$A$4:$A$34<>""))>0))*((EXACT('Asignacion'!$B$4:$B$34,$A15)))*(('Asignacion'!$E$4:$E$34="")))) | L15: =IF(AND($A15=""),"",IF(EXACT($H15,0),"Sin filas de carga",IF((IFERROR(VALUE($I15&""),0)<IFERROR(VALUE($G15&""),0)),(IF(ISNUMBER(IF(IFERROR(VALUE((IFERROR(VALUE($G15&""),0)-IFERROR(VALUE($I15&""),0))&""),0)=1,"Falta","Faltan")),IF(IF(IFERROR(VALUE((IFERROR(VALUE($G15&""),0)-IFERROR(VALUE($I15&""),0))&""),0)=1,"Falta","Faltan")=0,"0",ROUND(IF(IFERROR(VALUE((IFERROR(VALUE($G15&""),0)-IFERROR(VALUE($I15&""),0))&""),0)=1,"Falta","Faltan"),9-INT(LOG10(ABS(IF(IFERROR(VALUE((IFERROR(VALUE($G15&""),0)-IFERROR(VALUE($I15&""),0))&""),0)=1,"Falta","Faltan")))))&""),IF(IFERROR(VALUE((IFERROR(VALUE($G15&""),0)-IFERROR(VALUE($I15&""),0))&""),0)=1,"Falta","Faltan")&"")&" "&IF(ISNUMBER((IFERROR(VALUE($G15&""),0)-IFERROR(VALUE($I15&""),0))),IF((IFERROR(VALUE($G15&""),0)-IFERROR(VALUE($I15&""),0))=0,"0",ROUND((IFERROR(VALUE($G15&""),0)-IFERROR(VALUE($I15&""),0)),9-INT(LOG10(ABS((IFERROR(VALUE($G15&""),0)-IFERROR(VALUE($I15&""),0))))))&""),(IFERROR(VALUE($G15&""),0)-IFERROR(VALUE($I15&""),0))&"")&" horas de carga"),IF((IFERROR(VALUE($K15&""),0)>0),(IF(ISNUMBER(IF(IFERROR(VALUE($K15&""),0)=1,"Falta","Faltan")),IF(IF(IFERROR(VALUE($K15&""),0)=1,"Falta","Faltan")=0,"0",ROUND(IF(IFERROR(VALUE($K15&""),0)=1,"Falta","Faltan"),9-INT(LOG10(ABS(IF(IFERROR(VALUE($K15&""),0)=1,"Falta","Faltan")))))&""),IF(IFERROR(VALUE($K15&""),0)=1,"Falta","Faltan")&"")&" "&IF(ISNUMBER($K15),IF($K15=0,"0",ROUND($K15,9-INT(LOG10(ABS($K15))))&""),$K15&"")&" "&IF(ISNUMBER(IF(IFERROR(VALUE($K15&""),0)=1,"profesor","profesores")),IF(IF(IFERROR(VALUE($K15&""),0)=1,"profesor","profesores")=0,"0",ROUND(IF(IFERROR(VALUE($K15&""),0)=1,"profesor","profesores"),9-INT(LOG10(ABS(IF(IFERROR(VALUE($K15&""),0)=1,"profesor","profesores")))))&""),IF(IFERROR(VALUE($K15&""),0)=1,"profesor","profesores")&"")),"Completa")))) | M15: =IF(AND($A15=""),"",MID(IF(AND(NOT(($A15="")),NOT(EXACT($L15,"Completa"))),"; "&IF(ISNUMBER($L15),IF($L15=0,"0",ROUND($L15,9-INT(LOG10(ABS($L15))))&""),$L15&""),"")&IF(AND(NOT(($A15="")),EXACT($L15,"Completa")),"; "&"cobertura completa",""),3,32767)) | N15: =IF(OR(AND(NOT(($A15="")),NOT(EXACT($L15,"Completa")))),2,IF(OR(AND(NOT(($A15="")),EXACT($L15,"Completa"))),1,0))
G16: =IF(AND($A16=""),"",(IFERROR(VALUE($D16&""),0)+IFERROR(VALUE((IFERROR(VALUE($E16&""),0)*IFERROR(VALUE($F16&""),0))&""),0))) | H16: =IF(AND($A16=""),"",SUMPRODUCT(1*(((('Asignacion'!$A$4:$A$34<>""))>0))*((EXACT('Asignacion'!$B$4:$B$34,$A16))))) | I16: =IF(AND($A16=""),"",SUMPRODUCT(1*(((('Asignacion'!$A$4:$A$34<>""))>0))*((EXACT('Asignacion'!$B$4:$B$34,$A16)))*(IFERROR(VALUE('Asignacion'!$G$4:$G$34&""),0)))) | J16: =IF(AND($A16=""),"",SUMPRODUCT(1*(((('Asignacion'!$A$4:$A$34<>""))>0))*((EXACT('Asignacion'!$B$4:$B$34,$A16)))*((1-(('Asignacion'!$E$4:$E$34=""))))*(IFERROR(VALUE('Asignacion'!$G$4:$G$34&""),0)))) | K16: =IF(AND($A16=""),"",SUMPRODUCT(1*(((('Asignacion'!$A$4:$A$34<>""))>0))*((EXACT('Asignacion'!$B$4:$B$34,$A16)))*(('Asignacion'!$E$4:$E$34="")))) | L16: =IF(AND($A16=""),"",IF(EXACT($H16,0),"Sin filas de carga",IF((IFERROR(VALUE($I16&""),0)<IFERROR(VALUE($G16&""),0)),(IF(ISNUMBER(IF(IFERROR(VALUE((IFERROR(VALUE($G16&""),0)-IFERROR(VALUE($I16&""),0))&""),0)=1,"Falta","Faltan")),IF(IF(IFERROR(VALUE((IFERROR(VALUE($G16&""),0)-IFERROR(VALUE($I16&""),0))&""),0)=1,"Falta","Faltan")=0,"0",ROUND(IF(IFERROR(VALUE((IFERROR(VALUE($G16&""),0)-IFERROR(VALUE($I16&""),0))&""),0)=1,"Falta","Faltan"),9-INT(LOG10(ABS(IF(IFERROR(VALUE((IFERROR(VALUE($G16&""),0)-IFERROR(VALUE($I16&""),0))&""),0)=1,"Falta","Faltan")))))&""),IF(IFERROR(VALUE((IFERROR(VALUE($G16&""),0)-IFERROR(VALUE($I16&""),0))&""),0)=1,"Falta","Faltan")&"")&" "&IF(ISNUMBER((IFERROR(VALUE($G16&""),0)-IFERROR(VALUE($I16&""),0))),IF((IFERROR(VALUE($G16&""),0)-IFERROR(VALUE($I16&""),0))=0,"0",ROUND((IFERROR(VALUE($G16&""),0)-IFERROR(VALUE($I16&""),0)),9-INT(LOG10(ABS((IFERROR(VALUE($G16&""),0)-IFERROR(VALUE($I16&""),0))))))&""),(IFERROR(VALUE($G16&""),0)-IFERROR(VALUE($I16&""),0))&"")&" horas de carga"),IF((IFERROR(VALUE($K16&""),0)>0),(IF(ISNUMBER(IF(IFERROR(VALUE($K16&""),0)=1,"Falta","Faltan")),IF(IF(IFERROR(VALUE($K16&""),0)=1,"Falta","Faltan")=0,"0",ROUND(IF(IFERROR(VALUE($K16&""),0)=1,"Falta","Faltan"),9-INT(LOG10(ABS(IF(IFERROR(VALUE($K16&""),0)=1,"Falta","Faltan")))))&""),IF(IFERROR(VALUE($K16&""),0)=1,"Falta","Faltan")&"")&" "&IF(ISNUMBER($K16),IF($K16=0,"0",ROUND($K16,9-INT(LOG10(ABS($K16))))&""),$K16&"")&" "&IF(ISNUMBER(IF(IFERROR(VALUE($K16&""),0)=1,"profesor","profesores")),IF(IF(IFERROR(VALUE($K16&""),0)=1,"profesor","profesores")=0,"0",ROUND(IF(IFERROR(VALUE($K16&""),0)=1,"profesor","profesores"),9-INT(LOG10(ABS(IF(IFERROR(VALUE($K16&""),0)=1,"profesor","profesores")))))&""),IF(IFERROR(VALUE($K16&""),0)=1,"profesor","profesores")&"")),"Completa")))) | M16: =IF(AND($A16=""),"",MID(IF(AND(NOT(($A16="")),NOT(EXACT($L16,"Completa"))),"; "&IF(ISNUMBER($L16),IF($L16=0,"0",ROUND($L16,9-INT(LOG10(ABS($L16))))&""),$L16&""),"")&IF(AND(NOT(($A16="")),EXACT($L16,"Completa")),"; "&"cobertura completa",""),3,32767)) | N16: =IF(OR(AND(NOT(($A16="")),NOT(EXACT($L16,"Completa")))),2,IF(OR(AND(NOT(($A16="")),EXACT($L16,"Completa"))),1,0))
G17: =IF(AND($A17=""),"",(IFERROR(VALUE($D17&""),0)+IFERROR(VALUE((IFERROR(VALUE($E17&""),0)*IFERROR(VALUE($F17&""),0))&""),0))) | H17: =IF(AND($A17=""),"",SUMPRODUCT(1*(((('Asignacion'!$A$4:$A$34<>""))>0))*((EXACT('Asignacion'!$B$4:$B$34,$A17))))) | I17: =IF(AND($A17=""),"",SUMPRODUCT(1*(((('Asignacion'!$A$4:$A$34<>""))>0))*((EXACT('Asignacion'!$B$4:$B$34,$A17)))*(IFERROR(VALUE('Asignacion'!$G$4:$G$34&""),0)))) | J17: =IF(AND($A17=""),"",SUMPRODUCT(1*(((('Asignacion'!$A$4:$A$34<>""))>0))*((EXACT('Asignacion'!$B$4:$B$34,$A17)))*((1-(('Asignacion'!$E$4:$E$34=""))))*(IFERROR(VALUE('Asignacion'!$G$4:$G$34&""),0)))) | K17: =IF(AND($A17=""),"",SUMPRODUCT(1*(((('Asignacion'!$A$4:$A$34<>""))>0))*((EXACT('Asignacion'!$B$4:$B$34,$A17)))*(('Asignacion'!$E$4:$E$34="")))) | L17: =IF(AND($A17=""),"",IF(EXACT($H17,0),"Sin filas de carga",IF((IFERROR(VALUE($I17&""),0)<IFERROR(VALUE($G17&""),0)),(IF(ISNUMBER(IF(IFERROR(VALUE((IFERROR(VALUE($G17&""),0)-IFERROR(VALUE($I17&""),0))&""),0)=1,"Falta","Faltan")),IF(IF(IFERROR(VALUE((IFERROR(VALUE($G17&""),0)-IFERROR(VALUE($I17&""),0))&""),0)=1,"Falta","Faltan")=0,"0",ROUND(IF(IFERROR(VALUE((IFERROR(VALUE($G17&""),0)-IFERROR(VALUE($I17&""),0))&""),0)=1,"Falta","Faltan"),9-INT(LOG10(ABS(IF(IFERROR(VALUE((IFERROR(VALUE($G17&""),0)-IFERROR(VALUE($I17&""),0))&""),0)=1,"Falta","Faltan")))))&""),IF(IFERROR(VALUE((IFERROR(VALUE($G17&""),0)-IFERROR(VALUE($I17&""),0))&""),0)=1,"Falta","Faltan")&"")&" "&IF(ISNUMBER((IFERROR(VALUE($G17&""),0)-IFERROR(VALUE($I17&""),0))),IF((IFERROR(VALUE($G17&""),0)-IFERROR(VALUE($I17&""),0))=0,"0",ROUND((IFERROR(VALUE($G17&""),0)-IFERROR(VALUE($I17&""),0)),9-INT(LOG10(ABS((IFERROR(VALUE($G17&""),0)-IFERROR(VALUE($I17&""),0))))))&""),(IFERROR(VALUE($G17&""),0)-IFERROR(VALUE($I17&""),0))&"")&" horas de carga"),IF((IFERROR(VALUE($K17&""),0)>0),(IF(ISNUMBER(IF(IFERROR(VALUE($K17&""),0)=1,"Falta","Faltan")),IF(IF(IFERROR(VALUE($K17&""),0)=1,"Falta","Faltan")=0,"0",ROUND(IF(IFERROR(VALUE($K17&""),0)=1,"Falta","Faltan"),9-INT(LOG10(ABS(IF(IFERROR(VALUE($K17&""),0)=1,"Falta","Faltan")))))&""),IF(IFERROR(VALUE($K17&""),0)=1,"Falta","Faltan")&"")&" "&IF(ISNUMBER($K17),IF($K17=0,"0",ROUND($K17,9-INT(LOG10(ABS($K17))))&""),$K17&"")&" "&IF(ISNUMBER(IF(IFERROR(VALUE($K17&""),0)=1,"profesor","profesores")),IF(IF(IFERROR(VALUE($K17&""),0)=1,"profesor","profesores")=0,"0",ROUND(IF(IFERROR(VALUE($K17&""),0)=1,"profesor","profesores"),9-INT(LOG10(ABS(IF(IFERROR(VALUE($K17&""),0)=1,"profesor","profesores")))))&""),IF(IFERROR(VALUE($K17&""),0)=1,"profesor","profesores")&"")),"Completa")))) | M17: =IF(AND($A17=""),"",MID(IF(AND(NOT(($A17="")),NOT(EXACT($L17,"Completa"))),"; "&IF(ISNUMBER($L17),IF($L17=0,"0",ROUND($L17,9-INT(LOG10(ABS($L17))))&""),$L17&""),"")&IF(AND(NOT(($A17="")),EXACT($L17,"Completa")),"; "&"cobertura completa",""),3,32767)) | N17: =IF(OR(AND(NOT(($A17="")),NOT(EXACT($L17,"Completa")))),2,IF(OR(AND(NOT(($A17="")),EXACT($L17,"Completa"))),1,0))
G18: =IF(AND($A18=""),"",(IFERROR(VALUE($D18&""),0)+IFERROR(VALUE((IFERROR(VALUE($E18&""),0)*IFERROR(VALUE($F18&""),0))&""),0))) | H18: =IF(AND($A18=""),"",SUMPRODUCT(1*(((('Asignacion'!$A$4:$A$34<>""))>0))*((EXACT('Asignacion'!$B$4:$B$34,$A18))))) | I18: =IF(AND($A18=""),"",SUMPRODUCT(1*(((('Asignacion'!$A$4:$A$34<>""))>0))*((EXACT('Asignacion'!$B$4:$B$34,$A18)))*(IFERROR(VALUE('Asignacion'!$G$4:$G$34&""),0)))) | J18: =IF(AND($A18=""),"",SUMPRODUCT(1*(((('Asignacion'!$A$4:$A$34<>""))>0))*((EXACT('Asignacion'!$B$4:$B$34,$A18)))*((1-(('Asignacion'!$E$4:$E$34=""))))*(IFERROR(VALUE('Asignacion'!$G$4:$G$34&""),0)))) | K18: =IF(AND($A18=""),"",SUMPRODUCT(1*(((('Asignacion'!$A$4:$A$34<>""))>0))*((EXACT('Asignacion'!$B$4:$B$34,$A18)))*(('Asignacion'!$E$4:$E$34="")))) | L18: =IF(AND($A18=""),"",IF(EXACT($H18,0),"Sin filas de carga",IF((IFERROR(VALUE($I18&""),0)<IFERROR(VALUE($G18&""),0)),(IF(ISNUMBER(IF(IFERROR(VALUE((IFERROR(VALUE($G18&""),0)-IFERROR(VALUE($I18&""),0))&""),0)=1,"Falta","Faltan")),IF(IF(IFERROR(VALUE((IFERROR(VALUE($G18&""),0)-IFERROR(VALUE($I18&""),0))&""),0)=1,"Falta","Faltan")=0,"0",ROUND(IF(IFERROR(VALUE((IFERROR(VALUE($G18&""),0)-IFERROR(VALUE($I18&""),0))&""),0)=1,"Falta","Faltan"),9-INT(LOG10(ABS(IF(IFERROR(VALUE((IFERROR(VALUE($G18&""),0)-IFERROR(VALUE($I18&""),0))&""),0)=1,"Falta","Faltan")))))&""),IF(IFERROR(VALUE((IFERROR(VALUE($G18&""),0)-IFERROR(VALUE($I18&""),0))&""),0)=1,"Falta","Faltan")&"")&" "&IF(ISNUMBER((IFERROR(VALUE($G18&""),0)-IFERROR(VALUE($I18&""),0))),IF((IFERROR(VALUE($G18&""),0)-IFERROR(VALUE($I18&""),0))=0,"0",ROUND((IFERROR(VALUE($G18&""),0)-IFERROR(VALUE($I18&""),0)),9-INT(LOG10(ABS((IFERROR(VALUE($G18&""),0)-IFERROR(VALUE($I18&""),0))))))&""),(IFERROR(VALUE($G18&""),0)-IFERROR(VALUE($I18&""),0))&"")&" horas de carga"),IF((IFERROR(VALUE($K18&""),0)>0),(IF(ISNUMBER(IF(IFERROR(VALUE($K18&""),0)=1,"Falta","Faltan")),IF(IF(IFERROR(VALUE($K18&""),0)=1,"Falta","Faltan")=0,"0",ROUND(IF(IFERROR(VALUE($K18&""),0)=1,"Falta","Faltan"),9-INT(LOG10(ABS(IF(IFERROR(VALUE($K18&""),0)=1,"Falta","Faltan")))))&""),IF(IFERROR(VALUE($K18&""),0)=1,"Falta","Faltan")&"")&" "&IF(ISNUMBER($K18),IF($K18=0,"0",ROUND($K18,9-INT(LOG10(ABS($K18))))&""),$K18&"")&" "&IF(ISNUMBER(IF(IFERROR(VALUE($K18&""),0)=1,"profesor","profesores")),IF(IF(IFERROR(VALUE($K18&""),0)=1,"profesor","profesores")=0,"0",ROUND(IF(IFERROR(VALUE($K18&""),0)=1,"profesor","profesores"),9-INT(LOG10(ABS(IF(IFERROR(VALUE($K18&""),0)=1,"profesor","profesores")))))&""),IF(IFERROR(VALUE($K18&""),0)=1,"profesor","profesores")&"")),"Completa")))) | M18: =IF(AND($A18=""),"",MID(IF(AND(NOT(($A18="")),NOT(EXACT($L18,"Completa"))),"; "&IF(ISNUMBER($L18),IF($L18=0,"0",ROUND($L18,9-INT(LOG10(ABS($L18))))&""),$L18&""),"")&IF(AND(NOT(($A18="")),EXACT($L18,"Completa")),"; "&"cobertura completa",""),3,32767)) | N18: =IF(OR(AND(NOT(($A18="")),NOT(EXACT($L18,"Completa")))),2,IF(OR(AND(NOT(($A18="")),EXACT($L18,"Completa"))),1,0))
G19: =IF(AND($A19=""),"",(IFERROR(VALUE($D19&""),0)+IFERROR(VALUE((IFERROR(VALUE($E19&""),0)*IFERROR(VALUE($F19&""),0))&""),0))) | H19: =IF(AND($A19=""),"",SUMPRODUCT(1*(((('Asignacion'!$A$4:$A$34<>""))>0))*((EXACT('Asignacion'!$B$4:$B$34,$A19))))) | I19: =IF(AND($A19=""),"",SUMPRODUCT(1*(((('Asignacion'!$A$4:$A$34<>""))>0))*((EXACT('Asignacion'!$B$4:$B$34,$A19)))*(IFERROR(VALUE('Asignacion'!$G$4:$G$34&""),0)))) | J19: =IF(AND($A19=""),"",SUMPRODUCT(1*(((('Asignacion'!$A$4:$A$34<>""))>0))*((EXACT('Asignacion'!$B$4:$B$34,$A19)))*((1-(('Asignacion'!$E$4:$E$34=""))))*(IFERROR(VALUE('Asignacion'!$G$4:$G$34&""),0)))) | K19: =IF(AND($A19=""),"",SUMPRODUCT(1*(((('Asignacion'!$A$4:$A$34<>""))>0))*((EXACT('Asignacion'!$B$4:$B$34,$A19)))*(('Asignacion'!$E$4:$E$34="")))) | L19: =IF(AND($A19=""),"",IF(EXACT($H19,0),"Sin filas de carga",IF((IFERROR(VALUE($I19&""),0)<IFERROR(VALUE($G19&""),0)),(IF(ISNUMBER(IF(IFERROR(VALUE((IFERROR(VALUE($G19&""),0)-IFERROR(VALUE($I19&""),0))&""),0)=1,"Falta","Faltan")),IF(IF(IFERROR(VALUE((IFERROR(VALUE($G19&""),0)-IFERROR(VALUE($I19&""),0))&""),0)=1,"Falta","Faltan")=0,"0",ROUND(IF(IFERROR(VALUE((IFERROR(VALUE($G19&""),0)-IFERROR(VALUE($I19&""),0))&""),0)=1,"Falta","Faltan"),9-INT(LOG10(ABS(IF(IFERROR(VALUE((IFERROR(VALUE($G19&""),0)-IFERROR(VALUE($I19&""),0))&""),0)=1,"Falta","Faltan")))))&""),IF(IFERROR(VALUE((IFERROR(VALUE($G19&""),0)-IFERROR(VALUE($I19&""),0))&""),0)=1,"Falta","Faltan")&"")&" "&IF(ISNUMBER((IFERROR(VALUE($G19&""),0)-IFERROR(VALUE($I19&""),0))),IF((IFERROR(VALUE($G19&""),0)-IFERROR(VALUE($I19&""),0))=0,"0",ROUND((IFERROR(VALUE($G19&""),0)-IFERROR(VALUE($I19&""),0)),9-INT(LOG10(ABS((IFERROR(VALUE($G19&""),0)-IFERROR(VALUE($I19&""),0))))))&""),(IFERROR(VALUE($G19&""),0)-IFERROR(VALUE($I19&""),0))&"")&" horas de carga"),IF((IFERROR(VALUE($K19&""),0)>0),(IF(ISNUMBER(IF(IFERROR(VALUE($K19&""),0)=1,"Falta","Faltan")),IF(IF(IFERROR(VALUE($K19&""),0)=1,"Falta","Faltan")=0,"0",ROUND(IF(IFERROR(VALUE($K19&""),0)=1,"Falta","Faltan"),9-INT(LOG10(ABS(IF(IFERROR(VALUE($K19&""),0)=1,"Falta","Faltan")))))&""),IF(IFERROR(VALUE($K19&""),0)=1,"Falta","Faltan")&"")&" "&IF(ISNUMBER($K19),IF($K19=0,"0",ROUND($K19,9-INT(LOG10(ABS($K19))))&""),$K19&"")&" "&IF(ISNUMBER(IF(IFERROR(VALUE($K19&""),0)=1,"profesor","profesores")),IF(IF(IFERROR(VALUE($K19&""),0)=1,"profesor","profesores")=0,"0",ROUND(IF(IFERROR(VALUE($K19&""),0)=1,"profesor","profesores"),9-INT(LOG10(ABS(IF(IFERROR(VALUE($K19&""),0)=1,"profesor","profesores")))))&""),IF(IFERROR(VALUE($K19&""),0)=1,"profesor","profesores")&"")),"Completa")))) | M19: =IF(AND($A19=""),"",MID(IF(AND(NOT(($A19="")),NOT(EXACT($L19,"Completa"))),"; "&IF(ISNUMBER($L19),IF($L19=0,"0",ROUND($L19,9-INT(LOG10(ABS($L19))))&""),$L19&""),"")&IF(AND(NOT(($A19="")),EXACT($L19,"Completa")),"; "&"cobertura completa",""),3,32767)) | N19: =IF(OR(AND(NOT(($A19="")),NOT(EXACT($L19,"Completa")))),2,IF(OR(AND(NOT(($A19="")),EXACT($L19,"Completa"))),1,0))
... G27: =IF(AND($A27=""),"",(IFERROR(VALUE($D27&""),0)+IFERROR(VALUE((IFERROR(VALUE($E27&""),0)*IFERROR(VALUE($F27&""),0))&""),0))) | H27: =IF(AND($A27=""),"",SUMPRODUCT(1*(((('Asignacion'!$A$4:$A$34<>""))>0))*((EXACT('Asignacion'!$B$4:$B$34,$A27))))) | I27: =IF(AND($A27=""),"",SUMPRODUCT(1*(((('Asignacion'!$A$4:$A$34<>""))>0))*((EXACT('Asignacion'!$B$4:$B$34,$A27)))*(IFERROR(VALUE('Asignacion'!$G$4:$G$34&""),0)))) | J27: =IF(AND($A27=""),"",SUMPRODUCT(1*(((('Asignacion'!$A$4:$A$34<>""))>0))*((EXACT('Asignacion'!$B$4:$B$34,$A27)))*((1-(('Asignacion'!$E$4:$E$34=""))))*(IFERROR(VALUE('Asignacion'!$G$4:$G$34&""),0)))) | K27: =IF(AND($A27=""),"",SUMPRODUCT(1*(((('Asignacion'!$A$4:$A$34<>""))>0))*((EXACT('Asignacion'!$B$4:$B$34,$A27)))*(('Asignacion'!$E$4:$E$34="")))) | L27: =IF(AND($A27=""),"",IF(EXACT($H27,0),"Sin filas de carga",IF((IFERROR(VALUE($I27&""),0)<IFERROR(VALUE($G27&""),0)),(IF(ISNUMBER(IF(IFERROR(VALUE((IFERROR(VALUE($G27&""),0)-IFERROR(VALUE($I27&""),0))&""),0)=1,"Falta","Faltan")),IF(IF(IFERROR(VALUE((IFERROR(VALUE($G27&""),0)-IFERROR(VALUE($I27&""),0))&""),0)=1,"Falta","Faltan")=0,"0",ROUND(IF(IFERROR(VALUE((IFERROR(VALUE($G27&""),0)-IFERROR(VALUE($I27&""),0))&""),0)=1,"Falta","Faltan"),9-INT(LOG10(ABS(IF(IFERROR(VALUE((IFERROR(VALUE($G27&""),0)-IFERROR(VALUE($I27&""),0))&""),0)=1,"Falta","Faltan")))))&""),IF(IFERROR(VALUE((IFERROR(VALUE($G27&""),0)-IFERROR(VALUE($I27&""),0))&""),0)=1,"Falta","Faltan")&"")&" "&IF(ISNUMBER((IFERROR(VALUE($G27&""),0)-IFERROR(VALUE($I27&""),0))),IF((IFERROR(VALUE($G27&""),0)-IFERROR(VALUE($I27&""),0))=0,"0",ROUND((IFERROR(VALUE($G27&""),0)-IFERROR(VALUE($I27&""),0)),9-INT(LOG10(ABS((IFERROR(VALUE($G27&""),0)-IFERROR(VALUE($I27&""),0))))))&""),(IFERROR(VALUE($G27&""),0)-IFERROR(VALUE($I27&""),0))&"")&" horas de carga"),IF((IFERROR(VALUE($K27&""),0)>0),(IF(ISNUMBER(IF(IFERROR(VALUE($K27&""),0)=1,"Falta","Faltan")),IF(IF(IFERROR(VALUE($K27&""),0)=1,"Falta","Faltan")=0,"0",ROUND(IF(IFERROR(VALUE($K27&""),0)=1,"Falta","Faltan"),9-INT(LOG10(ABS(IF(IFERROR(VALUE($K27&""),0)=1,"Falta","Faltan")))))&""),IF(IFERROR(VALUE($K27&""),0)=1,"Falta","Faltan")&"")&" "&IF(ISNUMBER($K27),IF($K27=0,"0",ROUND($K27,9-INT(LOG10(ABS($K27))))&""),$K27&"")&" "&IF(ISNUMBER(IF(IFERROR(VALUE($K27&""),0)=1,"profesor","profesores")),IF(IF(IFERROR(VALUE($K27&""),0)=1,"profesor","profesores")=0,"0",ROUND(IF(IFERROR(VALUE($K27&""),0)=1,"profesor","profesores"),9-INT(LOG10(ABS(IF(IFERROR(VALUE($K27&""),0)=1,"profesor","profesores")))))&""),IF(IFERROR(VALUE($K27&""),0)=1,"profesor","profesores")&"")),"Completa")))) | M27: =IF(AND($A27=""),"",MID(IF(AND(NOT(($A27="")),NOT(EXACT($L27,"Completa"))),"; "&IF(ISNUMBER($L27),IF($L27=0,"0",ROUND($L27,9-INT(LOG10(ABS($L27))))&""),$L27&""),"")&IF(AND(NOT(($A27="")),EXACT($L27,"Completa")),"; "&"cobertura completa",""),3,32767)) | N27: =IF(OR(AND(NOT(($A27="")),NOT(EXACT($L27,"Completa")))),2,IF(OR(AND(NOT(($A27="")),EXACT($L27,"Completa"))),1,0))
A29: Leyenda
B30: La asignatura no tiene cubiertas todas sus horas
B31: La asignatura tiene cubiertas todas sus horas

Sheet Detalle - Lo que imparte
A1: Detalle - Lo que imparte
A3: (clave) | B3: No. | C3: Id | D3: Tipo | E3: Grupo | F3: Profesor | G3: Asignatura | H3: Horas | I3: Nombre | J3: Codigo | K3: Primera del par | L3: Cuenta | N3: No. | O3: Id | P3: Tipo | Q3: Grupo | R3: Profesor | S3: Asignatura | T3: Horas | U3: Nombre | V3: Codigo | W3: Primera del par | X3: Cuenta
A4: ="PIAD"&CHAR(30)&"1" | B4: 1 | C4: EST-CC | D4: Conf | F4: PIAD | G4: Estadistica (CC) | H4: 32 | I4: Pedro I. Alonso Diaz | J4: EST-CC Conf | K4: EST-CC Conf | L4: 1 | N4: PIAD
A5: ="PIAD"&CHAR(30)&"2" | B5: 2 | C5: EST-CC | D5: CP | E5: 1 | F5: PIAD | G5: Estadistica (CC) | H5: 32 | I5: Pedro I. Alonso Diaz | J5: EST-CC CP 1 | K5: EST-CC Conf | L5: 0 | N5: =IF(ISNA(MATCH(1,INDEX(EXACT('Detalle - Lo que imparte'!$A$4:$A$11,"PIAD"&CHAR(30)&"1")*1,0),0)),"",IF(ISBLANK(INDEX('Detalle - Lo que imparte'!$B$4:$B$11,MATCH(1,INDEX(EXACT('Detalle - Lo que imparte'!$A$4:$A$11,"PIAD"&CHAR(30)&"1")*1,0),0))),"",INDEX('Detalle - Lo que imparte'!$B$4:$B$11,MATCH(1,INDEX(EXACT('Detalle - Lo que imparte'!$A$4:$A$11,"PIAD"&CHAR(30)&"1")*1,0),0)))) | O5: =IF(ISNA(MATCH(1,INDEX(EXACT('Detalle - Lo que imparte'!$A$4:$A$11,"PIAD"&CHAR(30)&"1")*1,0),0)),"",IF(ISBLANK(INDEX('Detalle - Lo que imparte'!$C$4:$C$11,MATCH(1,INDEX(EXACT('Detalle - Lo que imparte'!$A$4:$A$11,"PIAD"&CHAR(30)&"1")*1,0),0))),"",INDEX('Detalle - Lo que imparte'!$C$4:$C$11,MATCH(1,INDEX(EXACT('Detalle - Lo que imparte'!$A$4:$A$11,"PIAD"&CHAR(30)&"1")*1,0),0)))) | P5: =IF(ISNA(MATCH(1,INDEX(EXACT('Detalle - Lo que imparte'!$A$4:$A$11,"PIAD"&CHAR(30)&"1")*1,0),0)),"",IF(ISBLANK(INDEX('Detalle - Lo que imparte'!$D$4:$D$11,MATCH(1,INDEX(EXACT('Detalle - Lo que imparte'!$A$4:$A$11,"PIAD"&CHAR(30)&"1")*1,0),0))),"",INDEX('Detalle - Lo que imparte'!$D$4:$D$11,MATCH(1,INDEX(EXACT('Detalle - Lo que imparte'!$A$4:$A$11,"PIAD"&CHAR(30)&"1")*1,0),0)))) | Q5: =IF(ISNA(MATCH(1,INDEX(EXACT('Detalle - Lo que imparte'!$A$4:$A$11,"PIAD"&CHAR(30)&"1")*1,0),0)),"",IF(ISBLANK(INDEX('Detalle - Lo que imparte'!$E$4:$E$11,MATCH(1,INDEX(EXACT('Detalle - Lo que imparte'!$A$4:$A$11,"PIAD"&CHAR(30)&"1")*1,0),0))),"",INDEX('Detalle - Lo que imparte'!$E$4:$E$11,MATCH(1,INDEX(EXACT('Detalle - Lo que imparte'!$A$4:$A$11,"PIAD"&CHAR(30)&"1")*1,0),0)))) | R5: =IF(ISNA(MATCH(1,INDEX(EXACT('Detalle - Lo que imparte'!$A$4:$A$11,"PIAD"&CHAR(30)&"1")*1,0),0)),"",IF(ISBLANK(INDEX('Detalle - Lo que imparte'!$F$4:$F$11,MATCH(1,INDEX(EXACT('Detalle - Lo que imparte'!$A$4:$A$11,"PIAD"&CHAR(30)&"1")*1,0),0))),"",INDEX('Detalle - Lo que imparte'!$F$4:$F$11,MATCH(1,INDEX(EXACT('Detalle - Lo que imparte'!$A$4:$A$11,"PIAD"&CHAR(30)&"1")*1,0),0)))) | S5: =IF(ISNA(MATCH(1,INDEX(EXACT('Detalle - Lo que imparte'!$A$4:$A$11,"PIAD"&CHAR(30)&"1")*1,0),0)),"",IF(ISBLANK(INDEX('Detalle - Lo que imparte'!$G$4:$G$11,MATCH(1,INDEX(EXACT('Detalle - Lo que imparte'!$A$4:$A$11,"PIAD"&CHAR(30)&"1")*1,0),0))),"",INDEX('Detalle - Lo que imparte'!$G$4:$G$11,MATCH(1,INDEX(EXACT('Detalle - Lo que imparte'!$A$4:$A$11,"PIAD"&CHAR(30)&"1")*1,0),0)))) | T5: =IF(ISNA(MATCH(1,INDEX(EXACT('Detalle - Lo que imparte'!$A$4:$A$11,"PIAD"&CHAR(30)&"1")*1,0),0)),"",IF(ISBLANK(INDEX('Detalle - Lo que imparte'!$H$4:$H$11,MATCH(1,INDEX(EXACT('Detalle - Lo que imparte'!$A$4:$A$11,"PIAD"&CHAR(30)&"1")*1,0),0))),"",INDEX('Detalle - Lo que imparte'!$H$4:$H$11,MATCH(1,INDEX(EXACT('Detalle - Lo que imparte'!$A$4:$A$11,"PIAD"&CHAR(30)&"1")*1,0),0)))) | U5: =IF(ISNA(MATCH(1,INDEX(EXACT('Detalle - Lo que imparte'!$A$4:$A$11,"PIAD"&CHAR(30)&"1")*1,0),0)),"",IF(ISBLANK(INDEX('Detalle - Lo que imparte'!$I$4:$I$11,MATCH(1,INDEX(EXACT('Detalle - Lo que imparte'!$A$4:$A$11,"PIAD"&CHAR(30)&"1")*1,0),0))),"",INDEX('Detalle - Lo que imparte'!$I$4:$I$11,MATCH(1,INDEX(EXACT('Detalle - Lo que imparte'!$A$4:$A$11,"PIAD"&CHAR(30)&"1")*1,0),0)))) | V5: =IF(ISNA(MATCH(1,INDEX(EXACT('Detalle - Lo que imparte'!$A$4:$A$11,"PIAD"&CHAR(30)&"1")*1,0),0)),"",IF(ISBLANK(INDEX('Detalle - Lo que imparte'!$J$4:$J$11,MATCH(1,INDEX(EXACT('Detalle - Lo que imparte'!$A$4:$A$11,"PIAD"&CHAR(30)&"1")*1,0),0))),"",INDEX('Detalle - Lo que imparte'!$J$4:$J$11,MATCH(1,INDEX(EXACT('Detalle - Lo que imparte'!$A$4:$A$11,"PIAD"&CHAR(30)&"1")*1,0),0)))) | W5: =IF(ISNA(MATCH(1,INDEX(EXACT('Detalle - Lo que imparte'!$A$4:$A$11,"PIAD"&CHAR(30)&"1")*1,0),0)),"",IF(ISBLANK(INDEX('Detalle - Lo que imparte'!$K$4:$K$11,MATCH(1,INDEX(EXACT('Detalle - Lo que imparte'!$A$4:$A$11,"PIAD"&CHAR(30)&"1")*1,0),0))),"",INDEX('Detalle - Lo que imparte'!$K$4:$K$11,MATCH(1,INDEX(EXACT('Detalle - Lo que imparte'!$A$4:$A$11,"PIAD"&CHAR(30)&"1")*1,0),0)))) | X5: =IF(ISNA(MATCH(1,INDEX(EXACT('Detalle - Lo que imparte'!$A$4:$A$11,"PIAD"&CHAR(30)&"1")*1,0),0)),"",IF(ISBLANK(INDEX('Detalle - Lo que imparte'!$L$4:$L$11,MATCH(1,INDEX(EXACT('Detalle - Lo que imparte'!$A$4:$A$11,"PIAD"&CHAR(30)&"1")*1,0),0))),"",INDEX('Detalle - Lo que imparte'!$L$4:$L$11,MATCH(1,INDEX(EXACT('Detalle - Lo que imparte'!$A$4:$A$11,"PIAD"&CHAR(30)&"1")*1,0),0))))
A6: ="PIAD"&CHAR(30)&"3" | B6: 3 | C6: EST-CC | D6: CP | E6: 2 | F6: PIAD | G6: Estadistica (CC) | H6: 32 | I6: Pedro I. Alonso Diaz | J6: EST-CC CP 2 | K6: EST-CC Conf | L6: 0 | N6: =IF(ISNA(MATCH(1,INDEX(EXACT('Detalle - Lo que imparte'!$A$4:$A$11,"PIAD"&CHAR(30)&"2")*1,0),0)),"",IF(ISBLANK(INDEX('Detalle - Lo que imparte'!$B$4:$B$11,MATCH(1,INDEX(EXACT('Detalle - Lo que imparte'!$A$4:$A$11,"PIAD"&CHAR(30)&"2")*1,0),0))),"",INDEX('Detalle - Lo que imparte'!$B$4:$B$11,MATCH(1,INDEX(EXACT('Detalle - Lo que imparte'!$A$4:$A$11,"PIAD"&CHAR(30)&"2")*1,0),0)))) | O6: =IF(ISNA(MATCH(1,INDEX(EXACT('Detalle - Lo que imparte'!$A$4:$A$11,"PIAD"&CHAR(30)&"2")*1,0),0)),"",IF(ISBLANK(INDEX('Detalle - Lo que imparte'!$C$4:$C$11,MATCH(1,INDEX(EXACT('Detalle - Lo que imparte'!$A$4:$A$11,"PIAD"&CHAR(30)&"2")*1,0),0))),"",INDEX('Detalle - Lo que imparte'!$C$4:$C$11,MATCH(1,INDEX(EXACT('Detalle - Lo que imparte'!$A$4:$A$11,"PIAD"&CHAR(30)&"2")*1,0),0)))) | P6: =IF(ISNA(MATCH(1,INDEX(EXACT('Detalle - Lo que imparte'!$A$4:$A$11,"PIAD"&CHAR(30)&"2")*1,0),0)),"",IF(ISBLANK(INDEX('Detalle - Lo que imparte'!$D$4:$D$11,MATCH(1,INDEX(EXACT('Detalle - Lo que imparte'!$A$4:$A$11,"PIAD"&CHAR(30)&"2")*1,0),0))),"",INDEX('Detalle - Lo que imparte'!$D$4:$D$11,MATCH(1,INDEX(EXACT('Detalle - Lo que imparte'!$A$4:$A$11,"PIAD"&CHAR(30)&"2")*1,0),0)))) | Q6: =IF(ISNA(MATCH(1,INDEX(EXACT('Detalle - Lo que imparte'!$A$4:$A$11,"PIAD"&CHAR(30)&"2")*1,0),0)),"",IF(ISBLANK(INDEX('Detalle - Lo que imparte'!$E$4:$E$11,MATCH(1,INDEX(EXACT('Detalle - Lo que imparte'!$A$4:$A$11,"PIAD"&CHAR(30)&"2")*1,0),0))),"",INDEX('Detalle - Lo que imparte'!$E$4:$E$11,MATCH(1,INDEX(EXACT('Detalle - Lo que imparte'!$A$4:$A$11,"PIAD"&CHAR(30)&"2")*1,0),0)))) | R6: =IF(ISNA(MATCH(1,INDEX(EXACT('Detalle - Lo que imparte'!$A$4:$A$11,"PIAD"&CHAR(30)&"2")*1,0),0)),"",IF(ISBLANK(INDEX('Detalle - Lo que imparte'!$F$4:$F$11,MATCH(1,INDEX(EXACT('Detalle - Lo que imparte'!$A$4:$A$11,"PIAD"&CHAR(30)&"2")*1,0),0))),"",INDEX('Detalle - Lo que imparte'!$F$4:$F$11,MATCH(1,INDEX(EXACT('Detalle - Lo que imparte'!$A$4:$A$11,"PIAD"&CHAR(30)&"2")*1,0),0)))) | S6: =IF(ISNA(MATCH(1,INDEX(EXACT('Detalle - Lo que imparte'!$A$4:$A$11,"PIAD"&CHAR(30)&"2")*1,0),0)),"",IF(ISBLANK(INDEX('Detalle - Lo que imparte'!$G$4:$G$11,MATCH(1,INDEX(EXACT('Detalle - Lo que imparte'!$A$4:$A$11,"PIAD"&CHAR(30)&"2")*1,0),0))),"",INDEX('Detalle - Lo que imparte'!$G$4:$G$11,MATCH(1,INDEX(EXACT('Detalle - Lo que imparte'!$A$4:$A$11,"PIAD"&CHAR(30)&"2")*1,0),0)))) | T6: =IF(ISNA(MATCH(1,INDEX(EXACT('Detalle - Lo que imparte'!$A$4:$A$11,"PIAD"&CHAR(30)&"2")*1,0),0)),"",IF(ISBLANK(INDEX('Detalle - Lo que imparte'!$H$4:$H$11,MATCH(1,INDEX(EXACT('Detalle - Lo que imparte'!$A$4:$A$11,"PIAD"&CHAR(30)&"2")*1,0),0))),"",INDEX('Detalle - Lo que imparte'!$H$4:$H$11,MATCH(1,INDEX(EXACT('Detalle - Lo que imparte'!$A$4:$A$11,"PIAD"&CHAR(30)&"2")*1,0),0)))) | U6: =IF(ISNA(MATCH(1,INDEX(EXACT('Detalle - Lo que imparte'!$A$4:$A$11,"PIAD"&CHAR(30)&"2")*1,0),0)),"",IF(ISBLANK(INDEX('Detalle - Lo que imparte'!$I$4:$I$11,MATCH(1,INDEX(EXACT('Detalle - Lo que imparte'!$A$4:$A$11,"PIAD"&CHAR(30)&"2")*1,0),0))),"",INDEX('Detalle - Lo que imparte'!$I$4:$I$11,MATCH(1,INDEX(EXACT('Detalle - Lo que imparte'!$A$4:$A$11,"PIAD"&CHAR(30)&"2")*1,0),0)))) | V6: =IF(ISNA(MATCH(1,INDEX(EXACT('Detalle - Lo que imparte'!$A$4:$A$11,"PIAD"&CHAR(30)&"2")*1,0),0)),"",IF(ISBLANK(INDEX('Detalle - Lo que imparte'!$J$4:$J$11,MATCH(1,INDEX(EXACT('Detalle - Lo que imparte'!$A$4:$A$11,"PIAD"&CHAR(30)&"2")*1,0),0))),"",INDEX('Detalle - Lo que imparte'!$J$4:$J$11,MATCH(1,INDEX(EXACT('Detalle - Lo que imparte'!$A$4:$A$11,"PIAD"&CHAR(30)&"2")*1,0),0)))) | W6: =IF(ISNA(MATCH(1,INDEX(EXACT('Detalle - Lo que imparte'!$A$4:$A$11,"PIAD"&CHAR(30)&"2")*1,0),0)),"",IF(ISBLANK(INDEX('Detalle - Lo que imparte'!$K$4:$K$11,MATCH(1,INDEX(EXACT('Detalle - Lo que imparte'!$A$4:$A$11,"PIAD"&CHAR(30)&"2")*1,0),0))),"",INDEX('Detalle - Lo que imparte'!$K$4:$K$11,MATCH(1,INDEX(EXACT('Detalle - Lo que imparte'!$A$4:$A$11,"PIAD"&CHAR(30)&"2")*1,0),0)))) | X6: =IF(ISNA(MATCH(1,INDEX(EXACT('Detalle - Lo que imparte'!$A$4:$A$11,"PIAD"&CHAR(30)&"2")*1,0),0)),"",IF(ISBLANK(INDEX('Detalle - Lo que imparte'!$L$4:$L$11,MATCH(1,INDEX(EXACT('Detalle - Lo que imparte'!$A$4:$A$11,"PIAD"&CHAR(30)&"2")*1,0),0))),"",INDEX('Detalle - Lo que imparte'!$L$4:$L$11,MATCH(1,INDEX(EXACT('Detalle - Lo que imparte'!$A$4:$A$11,"PIAD"&CHAR(30)&"2")*1,0),0))))
A7: ="PIAD"&CHAR(30)&"4" | B7: 4 | C7: EST-MAT | D7: Conf | F7: PIAD | G7: Estadistica (Mat) | H7: 32 | I7: Pedro I. Alonso Diaz | J7: EST-MAT Conf | K7: EST-MAT Conf | L7: 1 | N7: =IF(ISNA(MATCH(1,INDEX(EXACT('Detalle - Lo que imparte'!$A$4:$A$11,"PIAD"&CHAR(30)&"3")*1,0),0)),"",IF(ISBLANK(INDEX('Detalle - Lo que imparte'!$B$4:$B$11,MATCH(1,INDEX(EXACT('Detalle - Lo que imparte'!$A$4:$A$11,"PIAD"&CHAR(30)&"3")*1,0),0))),"",INDEX('Detalle - Lo que imparte'!$B$4:$B$11,MATCH(1,INDEX(EXACT('Detalle - Lo que imparte'!$A$4:$A$11,"PIAD"&CHAR(30)&"3")*1,0),0)))) | O7: =IF(ISNA(MATCH(1,INDEX(EXACT('Detalle - Lo que imparte'!$A$4:$A$11,"PIAD"&CHAR(30)&"3")*1,0),0)),"",IF(ISBLANK(INDEX('Detalle - Lo que imparte'!$C$4:$C$11,MATCH(1,INDEX(EXACT('Detalle - Lo que imparte'!$A$4:$A$11,"PIAD"&CHAR(30)&"3")*1,0),0))),"",INDEX('Detalle - Lo que imparte'!$C$4:$C$11,MATCH(1,INDEX(EXACT('Detalle - Lo que imparte'!$A$4:$A$11,"PIAD"&CHAR(30)&"3")*1,0),0)))) | P7: =IF(ISNA(MATCH(1,INDEX(EXACT('Detalle - Lo que imparte'!$A$4:$A$11,"PIAD"&CHAR(30)&"3")*1,0),0)),"",IF(ISBLANK(INDEX('Detalle - Lo que imparte'!$D$4:$D$11,MATCH(1,INDEX(EXACT('Detalle - Lo que imparte'!$A$4:$A$11,"PIAD"&CHAR(30)&"3")*1,0),0))),"",INDEX('Detalle - Lo que imparte'!$D$4:$D$11,MATCH(1,INDEX(EXACT('Detalle - Lo que imparte'!$A$4:$A$11,"PIAD"&CHAR(30)&"3")*1,0),0)))) | Q7: =IF(ISNA(MATCH(1,INDEX(EXACT('Detalle - Lo que imparte'!$A$4:$A$11,"PIAD"&CHAR(30)&"3")*1,0),0)),"",IF(ISBLANK(INDEX('Detalle - Lo que imparte'!$E$4:$E$11,MATCH(1,INDEX(EXACT('Detalle - Lo que imparte'!$A$4:$A$11,"PIAD"&CHAR(30)&"3")*1,0),0))),"",INDEX('Detalle - Lo que imparte'!$E$4:$E$11,MATCH(1,INDEX(EXACT('Detalle - Lo que imparte'!$A$4:$A$11,"PIAD"&CHAR(30)&"3")*1,0),0)))) | R7: =IF(ISNA(MATCH(1,INDEX(EXACT('Detalle - Lo que imparte'!$A$4:$A$11,"PIAD"&CHAR(30)&"3")*1,0),0)),"",IF(ISBLANK(INDEX('Detalle - Lo que imparte'!$F$4:$F$11,MATCH(1,INDEX(EXACT('Detalle - Lo que imparte'!$A$4:$A$11,"PIAD"&CHAR(30)&"3")*1,0),0))),"",INDEX('Detalle - Lo que imparte'!$F$4:$F$11,MATCH(1,INDEX(EXACT('Detalle - Lo que imparte'!$A$4:$A$11,"PIAD"&CHAR(30)&"3")*1,0),0)))) | S7: =IF(ISNA(MATCH(1,INDEX(EXACT('Detalle - Lo que imparte'!$A$4:$A$11,"PIAD"&CHAR(30)&"3")*1,0),0)),"",IF(ISBLANK(INDEX('Detalle - Lo que imparte'!$G$4:$G$11,MATCH(1,INDEX(EXACT('Detalle - Lo que imparte'!$A$4:$A$11,"PIAD"&CHAR(30)&"3")*1,0),0))),"",INDEX('Detalle - Lo que imparte'!$G$4:$G$11,MATCH(1,INDEX(EXACT('Detalle - Lo que imparte'!$A$4:$A$11,"PIAD"&CHAR(30)&"3")*1,0),0)))) | T7: =IF(ISNA(MATCH(1,INDEX(EXACT('Detalle - Lo que imparte'!$A$4:$A$11,"PIAD"&CHAR(30)&"3")*1,0),0)),"",IF(ISBLANK(INDEX('Detalle - Lo que imparte'!$H$4:$H$11,MATCH(1,INDEX(EXACT('Detalle - Lo que imparte'!$A$4:$A$11,"PIAD"&CHAR(30)&"3")*1,0),0))),"",INDEX('Detalle - Lo que imparte'!$H$4:$H$11,MATCH(1,INDEX(EXACT('Detalle - Lo que imparte'!$A$4:$A$11,"PIAD"&CHAR(30)&"3")*1,0),0)))) | U7: =IF(ISNA(MATCH(1,INDEX(EXACT('Detalle - Lo que imparte'!$A$4:$A$11,"PIAD"&CHAR(30)&"3")*1,0),0)),"",IF(ISBLANK(INDEX('Detalle - Lo que imparte'!$I$4:$I$11,MATCH(1,INDEX(EXACT('Detalle - Lo que imparte'!$A$4:$A$11,"PIAD"&CHAR(30)&"3")*1,0),0))),"",INDEX('Detalle - Lo que imparte'!$I$4:$I$11,MATCH(1,INDEX(EXACT('Detalle - Lo que imparte'!$A$4:$A$11,"PIAD"&CHAR(30)&"3")*1,0),0)))) | V7: =IF(ISNA(MATCH(1,INDEX(EXACT('Detalle - Lo que imparte'!$A$4:$A$11,"PIAD"&CHAR(30)&"3")*1,0),0)),"",IF(ISBLANK(INDEX('Detalle - Lo que imparte'!$J$4:$J$11,MATCH(1,INDEX(EXACT('Detalle - Lo que imparte'!$A$4:$A$11,"PIAD"&CHAR(30)&"3")*1,0),0))),"",INDEX('Detalle - Lo que imparte'!$J$4:$J$11,MATCH(1,INDEX(EXACT('Detalle - Lo que imparte'!$A$4:$A$11,"PIAD"&CHAR(30)&"3")*1,0),0)))) | W7: =IF(ISNA(MATCH(1,INDEX(EXACT('Detalle - Lo que imparte'!$A$4:$A$11,"PIAD"&CHAR(30)&"3")*1,0),0)),"",IF(ISBLANK(INDEX('Detalle - Lo que imparte'!$K$4:$K$11,MATCH(1,INDEX(EXACT('Detalle - Lo que imparte'!$A$4:$A$11,"PIAD"&CHAR(30)&"3")*1,0),0))),"",INDEX('Detalle - Lo que imparte'!$K$4:$K$11,MATCH(1,INDEX(EXACT('Detalle - Lo que imparte'!$A$4:$A$11,"PIAD"&CHAR(30)&"3")*1,0),0)))) | X7: =IF(ISNA(MATCH(1,INDEX(EXACT('Detalle - Lo que imparte'!$A$4:$A$11,"PIAD"&CHAR(30)&"3")*1,0),0)),"",IF(ISBLANK(INDEX('Detalle - Lo que imparte'!$L$4:$L$11,MATCH(1,INDEX(EXACT('Detalle - Lo que imparte'!$A$4:$A$11,"PIAD"&CHAR(30)&"3")*1,0),0))),"",INDEX('Detalle - Lo que imparte'!$L$4:$L$11,MATCH(1,INDEX(EXACT('Detalle - Lo que imparte'!$A$4:$A$11,"PIAD"&CHAR(30)&"3")*1,0),0))))
A8: ="MARA"&CHAR(30)&"1" | B8: 6 | C8: PROB | D8: Conf | F8: MARA | G8: Probabilidades | H8: 48 | I8: Maria Ramirez | J8: PROB Conf | K8: PROB Conf | L8: 1 | N8: =IF(ISNA(MATCH(1,INDEX(EXACT('Detalle - Lo que imparte'!$A$4:$A$11,"PIAD"&CHAR(30)&"4")*1,0),0)),"",IF(ISBLANK(INDEX('Detalle - Lo que imparte'!$B$4:$B$11,MATCH(1,INDEX(EXACT('Detalle - Lo que imparte'!$A$4:$A$11,"PIAD"&CHAR(30)&"4")*1,0),0))),"",INDEX('Detalle - Lo que imparte'!$B$4:$B$11,MATCH(1,INDEX(EXACT('Detalle - Lo que imparte'!$A$4:$A$11,"PIAD"&CHAR(30)&"4")*1,0),0)))) | O8: =IF(ISNA(MATCH(1,INDEX(EXACT('Detalle - Lo que imparte'!$A$4:$A$11,"PIAD"&CHAR(30)&"4")*1,0),0)),"",IF(ISBLANK(INDEX('Detalle - Lo que imparte'!$C$4:$C$11,MATCH(1,INDEX(EXACT('Detalle - Lo que imparte'!$A$4:$A$11,"PIAD"&CHAR(30)&"4")*1,0),0))),"",INDEX('Detalle - Lo que imparte'!$C$4:$C$11,MATCH(1,INDEX(EXACT('Detalle - Lo que imparte'!$A$4:$A$11,"PIAD"&CHAR(30)&"4")*1,0),0)))) | P8: =IF(ISNA(MATCH(1,INDEX(EXACT('Detalle - Lo que imparte'!$A$4:$A$11,"PIAD"&CHAR(30)&"4")*1,0),0)),"",IF(ISBLANK(INDEX('Detalle - Lo que imparte'!$D$4:$D$11,MATCH(1,INDEX(EXACT('Detalle - Lo que imparte'!$A$4:$A$11,"PIAD"&CHAR(30)&"4")*1,0),0))),"",INDEX('Detalle - Lo que imparte'!$D$4:$D$11,MATCH(1,INDEX(EXACT('Detalle - Lo que imparte'!$A$4:$A$11,"PIAD"&CHAR(30)&"4")*1,0),0)))) | Q8: =IF(ISNA(MATCH(1,INDEX(EXACT('Detalle - Lo que imparte'!$A$4:$A$11,"PIAD"&CHAR(30)&"4")*1,0),0)),"",IF(ISBLANK(INDEX('Detalle - Lo que imparte'!$E$4:$E$11,MATCH(1,INDEX(EXACT('Detalle - Lo que imparte'!$A$4:$A$11,"PIAD"&CHAR(30)&"4")*1,0),0))),"",INDEX('Detalle - Lo que imparte'!$E$4:$E$11,MATCH(1,INDEX(EXACT('Detalle - Lo que imparte'!$A$4:$A$11,"PIAD"&CHAR(30)&"4")*1,0),0)))) | R8: =IF(ISNA(MATCH(1,INDEX(EXACT('Detalle - Lo que imparte'!$A$4:$A$11,"PIAD"&CHAR(30)&"4")*1,0),0)),"",IF(ISBLANK(INDEX('Detalle - Lo que imparte'!$F$4:$F$11,MATCH(1,INDEX(EXACT('Detalle - Lo que imparte'!$A$4:$A$11,"PIAD"&CHAR(30)&"4")*1,0),0))),"",INDEX('Detalle - Lo que imparte'!$F$4:$F$11,MATCH(1,INDEX(EXACT('Detalle - Lo que imparte'!$A$4:$A$11,"PIAD"&CHAR(30)&"4")*1,0),0)))) | S8: =IF(ISNA(MATCH(1,INDEX(EXACT('Detalle - Lo que imparte'!$A$4:$A$11,"PIAD"&CHAR(30)&"4")*1,0),0)),"",IF(ISBLANK(INDEX('Detalle - Lo que imparte'!$G$4:$G$11,MATCH(1,INDEX(EXACT('Detalle - Lo que imparte'!$A$4:$A$11,"PIAD"&CHAR(30)&"4")*1,0),0))),"",INDEX('Detalle - Lo que imparte'!$G$4:$G$11,MATCH(1,INDEX(EXACT('Detalle - Lo que imparte'!$A$4:$A$11,"PIAD"&CHAR(30)&"4")*1,0),0)))) | T8: =IF(ISNA(MATCH(1,INDEX(EXACT('Detalle - Lo que imparte'!$A$4:$A$11,"PIAD"&CHAR(30)&"4")*1,0),0)),"",IF(ISBLANK(INDEX('Detalle - Lo que imparte'!$H$4:$H$11,MATCH(1,INDEX(EXACT('Detalle - Lo que imparte'!$A$4:$A$11,"PIAD"&CHAR(30)&"4")*1,0),0))),"",INDEX('Detalle - Lo que imparte'!$H$4:$H$11,MATCH(1,INDEX(EXACT('Detalle - Lo que imparte'!$A$4:$A$11,"PIAD"&CHAR(30)&"4")*1,0),0)))) | U8: =IF(ISNA(MATCH(1,INDEX(EXACT('Detalle - Lo que imparte'!$A$4:$A$11,"PIAD"&CHAR(30)&"4")*1,0),0)),"",IF(ISBLANK(INDEX('Detalle - Lo que imparte'!$I$4:$I$11,MATCH(1,INDEX(EXACT('Detalle - Lo que imparte'!$A$4:$A$11,"PIAD"&CHAR(30)&"4")*1,0),0))),"",INDEX('Detalle - Lo que imparte'!$I$4:$I$11,MATCH(1,INDEX(EXACT('Detalle - Lo que imparte'!$A$4:$A$11,"PIAD"&CHAR(30)&"4")*1,0),0)))) | V8: =IF(ISNA(MATCH(1,INDEX(EXACT('Detalle - Lo que imparte'!$A$4:$A$11,"PIAD"&CHAR(30)&"4")*1,0),0)),"",IF(ISBLANK(INDEX('Detalle - Lo que imparte'!$J$4:$J$11,MATCH(1,INDEX(EXACT('Detalle - Lo que imparte'!$A$4:$A$11,"PIAD"&CHAR(30)&"4")*1,0),0))),"",INDEX('Detalle - Lo que imparte'!$J$4:$J$11,MATCH(1,INDEX(EXACT('Detalle - Lo que imparte'!$A$4:$A$11,"PIAD"&CHAR(30)&"4")*1,0),0)))) | W8: =IF(ISNA(MATCH(1,INDEX(EXACT('Detalle - Lo que imparte'!$A$4:$A$11,"PIAD"&CHAR(30)&"4")*1,0),0)),"",IF(ISBLANK(INDEX('Detalle - Lo que imparte'!$K$4:$K$11,MATCH(1,INDEX(EXACT('Detalle - Lo que imparte'!$A$4:$A$11,"PIAD"&CHAR(30)&"4")*1,0),0))),"",INDEX('Detalle - Lo que imparte'!$K$4:$K$11,MATCH(1,INDEX(EXACT('Detalle - Lo que imparte'!$A$4:$A$11,"PIAD"&CHAR(30)&"4")*1,0),0)))) | X8: =IF(ISNA(MATCH(1,INDEX(EXACT('Detalle - Lo que imparte'!$A$4:$A$11,"PIAD"&CHAR(30)&"4")*1,0),0)),"",IF(ISBLANK(INDEX('Detalle - Lo que imparte'!$L$4:$L$11,MATCH(1,INDEX(EXACT('Detalle - Lo que imparte'!$A$4:$A$11,"PIAD"&CHAR(30)&"4")*1,0),0))),"",INDEX('Detalle - Lo que imparte'!$L$4:$L$11,MATCH(1,INDEX(EXACT('Detalle - Lo que imparte'!$A$4:$A$11,"PIAD"&CHAR(30)&"4")*1,0),0))))
A9: ="MARA"&CHAR(30)&"2" | B9: 7 | C9: PROB | D9: CP | E9: 1 | F9: MARA | G9: Probabilidades | H9: 32 | I9: Maria Ramirez | J9: PROB CP 1 | K9: PROB Conf | L9: 0 | N9: =IF(ISNA(MATCH(1,INDEX(EXACT('Detalle - Lo que imparte'!$A$4:$A$11,"PIAD"&CHAR(30)&"5")*1,0),0)),"",IF(ISBLANK(INDEX('Detalle - Lo que imparte'!$B$4:$B$11,MATCH(1,INDEX(EXACT('Detalle - Lo que imparte'!$A$4:$A$11,"PIAD"&CHAR(30)&"5")*1,0),0))),"",INDEX('Detalle - Lo que imparte'!$B$4:$B$11,MATCH(1,INDEX(EXACT('Detalle - Lo que imparte'!$A$4:$A$11,"PIAD"&CHAR(30)&"5")*1,0),0)))) | O9: =IF(ISNA(MATCH(1,INDEX(EXACT('Detalle - Lo que imparte'!$A$4:$A$11,"PIAD"&CHAR(30)&"5")*1,0),0)),"",IF(ISBLANK(INDEX('Detalle - Lo que imparte'!$C$4:$C$11,MATCH(1,INDEX(EXACT('Detalle - Lo que imparte'!$A$4:$A$11,"PIAD"&CHAR(30)&"5")*1,0),0))),"",INDEX('Detalle - Lo que imparte'!$C$4:$C$11,MATCH(1,INDEX(EXACT('Detalle - Lo que imparte'!$A$4:$A$11,"PIAD"&CHAR(30)&"5")*1,0),0)))) | P9: =IF(ISNA(MATCH(1,INDEX(EXACT('Detalle - Lo que imparte'!$A$4:$A$11,"PIAD"&CHAR(30)&"5")*1,0),0)),"",IF(ISBLANK(INDEX('Detalle - Lo que imparte'!$D$4:$D$11,MATCH(1,INDEX(EXACT('Detalle - Lo que imparte'!$A$4:$A$11,"PIAD"&CHAR(30)&"5")*1,0),0))),"",INDEX('Detalle - Lo que imparte'!$D$4:$D$11,MATCH(1,INDEX(EXACT('Detalle - Lo que imparte'!$A$4:$A$11,"PIAD"&CHAR(30)&"5")*1,0),0)))) | Q9: =IF(ISNA(MATCH(1,INDEX(EXACT('Detalle - Lo que imparte'!$A$4:$A$11,"PIAD"&CHAR(30)&"5")*1,0),0)),"",IF(ISBLANK(INDEX('Detalle - Lo que imparte'!$E$4:$E$11,MATCH(1,INDEX(EXACT('Detalle - Lo que imparte'!$A$4:$A$11,"PIAD"&CHAR(30)&"5")*1,0),0))),"",INDEX('Detalle - Lo que imparte'!$E$4:$E$11,MATCH(1,INDEX(EXACT('Detalle - Lo que imparte'!$A$4:$A$11,"PIAD"&CHAR(30)&"5")*1,0),0)))) | R9: =IF(ISNA(MATCH(1,INDEX(EXACT('Detalle - Lo que imparte'!$A$4:$A$11,"PIAD"&CHAR(30)&"5")*1,0),0)),"",IF(ISBLANK(INDEX('Detalle - Lo que imparte'!$F$4:$F$11,MATCH(1,INDEX(EXACT('Detalle - Lo que imparte'!$A$4:$A$11,"PIAD"&CHAR(30)&"5")*1,0),0))),"",INDEX('Detalle - Lo que imparte'!$F$4:$F$11,MATCH(1,INDEX(EXACT('Detalle - Lo que imparte'!$A$4:$A$11,"PIAD"&CHAR(30)&"5")*1,0),0)))) | S9: =IF(ISNA(MATCH(1,INDEX(EXACT('Detalle - Lo que imparte'!$A$4:$A$11,"PIAD"&CHAR(30)&"5")*1,0),0)),"",IF(ISBLANK(INDEX('Detalle - Lo que imparte'!$G$4:$G$11,MATCH(1,INDEX(EXACT('Detalle - Lo que imparte'!$A$4:$A$11,"PIAD"&CHAR(30)&"5")*1,0),0))),"",INDEX('Detalle - Lo que imparte'!$G$4:$G$11,MATCH(1,INDEX(EXACT('Detalle - Lo que imparte'!$A$4:$A$11,"PIAD"&CHAR(30)&"5")*1,0),0)))) | T9: =IF(ISNA(MATCH(1,INDEX(EXACT('Detalle - Lo que imparte'!$A$4:$A$11,"PIAD"&CHAR(30)&"5")*1,0),0)),"",IF(ISBLANK(INDEX('Detalle - Lo que imparte'!$H$4:$H$11,MATCH(1,INDEX(EXACT('Detalle - Lo que imparte'!$A$4:$A$11,"PIAD"&CHAR(30)&"5")*1,0),0))),"",INDEX('Detalle - Lo que imparte'!$H$4:$H$11,MATCH(1,INDEX(EXACT('Detalle - Lo que imparte'!$A$4:$A$11,"PIAD"&CHAR(30)&"5")*1,0),0)))) | U9: =IF(ISNA(MATCH(1,INDEX(EXACT('Detalle - Lo que imparte'!$A$4:$A$11,"PIAD"&CHAR(30)&"5")*1,0),0)),"",IF(ISBLANK(INDEX('Detalle - Lo que imparte'!$I$4:$I$11,MATCH(1,INDEX(EXACT('Detalle - Lo que imparte'!$A$4:$A$11,"PIAD"&CHAR(30)&"5")*1,0),0))),"",INDEX('Detalle - Lo que imparte'!$I$4:$I$11,MATCH(1,INDEX(EXACT('Detalle - Lo que imparte'!$A$4:$A$11,"PIAD"&CHAR(30)&"5")*1,0),0)))) | V9: =IF(ISNA(MATCH(1,INDEX(EXACT('Detalle - Lo que imparte'!$A$4:$A$11,"PIAD"&CHAR(30)&"5")*1,0),0)),"",IF(ISBLANK(INDEX('Detalle - Lo que imparte'!$J$4:$J$11,MATCH(1,INDEX(EXACT('Detalle - Lo que imparte'!$A$4:$A$11,"PIAD"&CHAR(30)&"5")*1,0),0))),"",INDEX('Detalle - Lo que imparte'!$J$4:$J$11,MATCH(1,INDEX(EXACT('Detalle - Lo que imparte'!$A$4:$A$11,"PIAD"&CHAR(30)&"5")*1,0),0)))) | W9: =IF(ISNA(MATCH(1,INDEX(EXACT('Detalle - Lo que imparte'!$A$4:$A$11,"PIAD"&CHAR(30)&"5")*1,0),0)),"",IF(ISBLANK(INDEX('Detalle - Lo que imparte'!$K$4:$K$11,MATCH(1,INDEX(EXACT('Detalle - Lo que imparte'!$A$4:$A$11,"PIAD"&CHAR(30)&"5")*1,0),0))),"",INDEX('Detalle - Lo que imparte'!$K$4:$K$11,MATCH(1,INDEX(EXACT('Detalle - Lo que imparte'!$A$4:$A$11,"PIAD"&CHAR(30)&"5")*1,0),0)))) | X9: =IF(ISNA(MATCH(1,INDEX(EXACT('Detalle - Lo que imparte'!$A$4:$A$11,"PIAD"&CHAR(30)&"5")*1,0),0)),"",IF(ISBLANK(INDEX('Detalle - Lo que imparte'!$L$4:$L$11,MATCH(1,INDEX(EXACT('Detalle - Lo que imparte'!$A$4:$A$11,"PIAD"&CHAR(30)&"5")*1,0),0))),"",INDEX('Detalle - Lo que imparte'!$L$4:$L$11,MATCH(1,INDEX(EXACT('Detalle - Lo que imparte'!$A$4:$A$11,"PIAD"&CHAR(30)&"5")*1,0),0))))
A10: ="MARA"&CHAR(30)&"3" | B10: 9 | C10: MNUM | D10: Conf | F10: MARA | G10: Metodos Numericos | H10: 32 | I10: Maria Ramirez | J10: MNUM Conf | K10: MNUM Conf | L10: 1 | N10: MARA
A11: ="LUGO"&CHAR(30)&"1" | B11: 5 | C11: EST-MAT | D11: CP | E11: 1 | F11: LUGO | G11: Estadistica (Mat) | H11: 32 | I11: Luis Gomez | J11: EST-MAT CP 1 | K11: EST-MAT CP 1 | L11: 1 | N11: =IF(ISNA(MATCH(1,INDEX(EXACT('Detalle - Lo que imparte'!$A$4:$A$11,"MARA"&CHAR(30)&"1")*1,0),0)),"",IF(ISBLANK(INDEX('Detalle - Lo que imparte'!$B$4:$B$11,MATCH(1,INDEX(EXACT('Detalle - Lo que imparte'!$A$4:$A$11,"MARA"&CHAR(30)&"1")*1,0),0))),"",INDEX('Detalle - Lo que imparte'!$B$4:$B$11,MATCH(1,INDEX(EXACT('Detalle - Lo que imparte'!$A$4:$A$11,"MARA"&CHAR(30)&"1")*1,0),0)))) | O11: =IF(ISNA(MATCH(1,INDEX(EXACT('Detalle - Lo que imparte'!$A$4:$A$11,"MARA"&CHAR(30)&"1")*1,0),0)),"",IF(ISBLANK(INDEX('Detalle - Lo que imparte'!$C$4:$C$11,MATCH(1,INDEX(EXACT('Detalle - Lo que imparte'!$A$4:$A$11,"MARA"&CHAR(30)&"1")*1,0),0))),"",INDEX('Detalle - Lo que imparte'!$C$4:$C$11,MATCH(1,INDEX(EXACT('Detalle - Lo que imparte'!$A$4:$A$11,"MARA"&CHAR(30)&"1")*1,0),0)))) | P11: =IF(ISNA(MATCH(1,INDEX(EXACT('Detalle - Lo que imparte'!$A$4:$A$11,"MARA"&CHAR(30)&"1")*1,0),0)),"",IF(ISBLANK(INDEX('Detalle - Lo que imparte'!$D$4:$D$11,MATCH(1,INDEX(EXACT('Detalle - Lo que imparte'!$A$4:$A$11,"MARA"&CHAR(30)&"1")*1,0),0))),"",INDEX('Detalle - Lo que imparte'!$D$4:$D$11,MATCH(1,INDEX(EXACT('Detalle - Lo que imparte'!$A$4:$A$11,"MARA"&CHAR(30)&"1")*1,0),0)))) | Q11: =IF(ISNA(MATCH(1,INDEX(EXACT('Detalle - Lo que imparte'!$A$4:$A$11,"MARA"&CHAR(30)&"1")*1,0),0)),"",IF(ISBLANK(INDEX('Detalle - Lo que imparte'!$E$4:$E$11,MATCH(1,INDEX(EXACT('Detalle - Lo que imparte'!$A$4:$A$11,"MARA"&CHAR(30)&"1")*1,0),0))),"",INDEX('Detalle - Lo que imparte'!$E$4:$E$11,MATCH(1,INDEX(EXACT('Detalle - Lo que imparte'!$A$4:$A$11,"MARA"&CHAR(30)&"1")*1,0),0)))) | R11: =IF(ISNA(MATCH(1,INDEX(EXACT('Detalle - Lo que imparte'!$A$4:$A$11,"MARA"&CHAR(30)&"1")*1,0),0)),"",IF(ISBLANK(INDEX('Detalle - Lo que imparte'!$F$4:$F$11,MATCH(1,INDEX(EXACT('Detalle - Lo que imparte'!$A$4:$A$11,"MARA"&CHAR(30)&"1")*1,0),0))),"",INDEX('Detalle - Lo que imparte'!$F$4:$F$11,MATCH(1,INDEX(EXACT('Detalle - Lo que imparte'!$A$4:$A$11,"MARA"&CHAR(30)&"1")*1,0),0)))) | S11: =IF(ISNA(MATCH(1,INDEX(EXACT('Detalle - Lo que imparte'!$A$4:$A$11,"MARA"&CHAR(30)&"1")*1,0),0)),"",IF(ISBLANK(INDEX('Detalle - Lo que imparte'!$G$4:$G$11,MATCH(1,INDEX(EXACT('Detalle - Lo que imparte'!$A$4:$A$11,"MARA"&CHAR(30)&"1")*1,0),0))),"",INDEX('Detalle - Lo que imparte'!$G$4:$G$11,MATCH(1,INDEX(EXACT('Detalle - Lo que imparte'!$A$4:$A$11,"MARA"&CHAR(30)&"1")*1,0),0)))) | T11: =IF(ISNA(MATCH(1,INDEX(EXACT('Detalle - Lo que imparte'!$A$4:$A$11,"MARA"&CHAR(30)&"1")*1,0),0)),"",IF(ISBLANK(INDEX('Detalle - Lo que imparte'!$H$4:$H$11,MATCH(1,INDEX(EXACT('Detalle - Lo que imparte'!$A$4:$A$11,"MARA"&CHAR(30)&"1")*1,0),0))),"",INDEX('Detalle - Lo que imparte'!$H$4:$H$11,MATCH(1,INDEX(EXACT('Detalle - Lo que imparte'!$A$4:$A$11,"MARA"&CHAR(30)&"1")*1,0),0)))) | U11: =IF(ISNA(MATCH(1,INDEX(EXACT('Detalle - Lo que imparte'!$A$4:$A$11,"MARA"&CHAR(30)&"1")*1,0),0)),"",IF(ISBLANK(INDEX('Detalle - Lo que imparte'!$I$4:$I$11,MATCH(1,INDEX(EXACT('Detalle - Lo que imparte'!$A$4:$A$11,"MARA"&CHAR(30)&"1")*1,0),0))),"",INDEX('Detalle - Lo que imparte'!$I$4:$I$11,MATCH(1,INDEX(EXACT('Detalle - Lo que imparte'!$A$4:$A$11,"MARA"&CHAR(30)&"1")*1,0),0)))) | V11: =IF(ISNA(MATCH(1,INDEX(EXACT('Detalle - Lo que imparte'!$A$4:$A$11,"MARA"&CHAR(30)&"1")*1,0),0)),"",IF(ISBLANK(INDEX('Detalle - Lo que imparte'!$J$4:$J$11,MATCH(1,INDEX(EXACT('Detalle - Lo que imparte'!$A$4:$A$11,"MARA"&CHAR(30)&"1")*1,0),0))),"",INDEX('Detalle - Lo que imparte'!$J$4:$J$11,MATCH(1,INDEX(EXACT('Detalle - Lo que imparte'!$A$4:$A$11,"MARA"&CHAR(30)&"1")*1,0),0)))) | W11: =IF(ISNA(MATCH(1,INDEX(EXACT('Detalle - Lo que imparte'!$A$4:$A$11,"MARA"&CHAR(30)&"1")*1,0),0)),"",IF(ISBLANK(INDEX('Detalle - Lo que imparte'!$K$4:$K$11,MATCH(1,INDEX(EXACT('Detalle - Lo que imparte'!$A$4:$A$11,"MARA"&CHAR(30)&"1")*1,0),0))),"",INDEX('Detalle - Lo que imparte'!$K$4:$K$11,MATCH(1,INDEX(EXACT('Detalle - Lo que imparte'!$A$4:$A$11,"MARA"&CHAR(30)&"1")*1,0),0)))) | X11: =IF(ISNA(MATCH(1,INDEX(EXACT('Detalle - Lo que imparte'!$A$4:$A$11,"MARA"&CHAR(30)&"1")*1,0),0)),"",IF(ISBLANK(INDEX('Detalle - Lo que imparte'!$L$4:$L$11,MATCH(1,INDEX(EXACT('Detalle - Lo que imparte'!$A$4:$A$11,"MARA"&CHAR(30)&"1")*1,0),0))),"",INDEX('Detalle - Lo que imparte'!$L$4:$L$11,MATCH(1,INDEX(EXACT('Detalle - Lo que imparte'!$A$4:$A$11,"MARA"&CHAR(30)&"1")*1,0),0))))
N12: =IF(ISNA(MATCH(1,INDEX(EXACT('Detalle - Lo que imparte'!$A$4:$A$11,"MARA"&CHAR(30)&"2")*1,0),0)),"",IF(ISBLANK(INDEX('Detalle - Lo que imparte'!$B$4:$B$11,MATCH(1,INDEX(EXACT('Detalle - Lo que imparte'!$A$4:$A$11,"MARA"&CHAR(30)&"2")*1,0),0))),"",INDEX('Detalle - Lo que imparte'!$B$4:$B$11,MATCH(1,INDEX(EXACT('Detalle - Lo que imparte'!$A$4:$A$11,"MARA"&CHAR(30)&"2")*1,0),0)))) | O12: =IF(ISNA(MATCH(1,INDEX(EXACT('Detalle - Lo que imparte'!$A$4:$A$11,"MARA"&CHAR(30)&"2")*1,0),0)),"",IF(ISBLANK(INDEX('Detalle - Lo que imparte'!$C$4:$C$11,MATCH(1,INDEX(EXACT('Detalle - Lo que imparte'!$A$4:$A$11,"MARA"&CHAR(30)&"2")*1,0),0))),"",INDEX('Detalle - Lo que imparte'!$C$4:$C$11,MATCH(1,INDEX(EXACT('Detalle - Lo que imparte'!$A$4:$A$11,"MARA"&CHAR(30)&"2")*1,0),0)))) | P12: =IF(ISNA(MATCH(1,INDEX(EXACT('Detalle - Lo que imparte'!$A$4:$A$11,"MARA"&CHAR(30)&"2")*1,0),0)),"",IF(ISBLANK(INDEX('Detalle - Lo que imparte'!$D$4:$D$11,MATCH(1,INDEX(EXACT('Detalle - Lo que imparte'!$A$4:$A$11,"MARA"&CHAR(30)&"2")*1,0),0))),"",INDEX('Detalle - Lo que imparte'!$D$4:$D$11,MATCH(1,INDEX(EXACT('Detalle - Lo que imparte'!$A$4:$A$11,"MARA"&CHAR(30)&"2")*1,0),0)))) | Q12: =IF(ISNA(MATCH(1,INDEX(EXACT('Detalle - Lo que imparte'!$A$4:$A$11,"MARA"&CHAR(30)&"2")*1,0),0)),"",IF(ISBLANK(INDEX('Detalle - Lo que imparte'!$E$4:$E$11,MATCH(1,INDEX(EXACT('Detalle - Lo que imparte'!$A$4:$A$11,"MARA"&CHAR(30)&"2")*1,0),0))),"",INDEX('Detalle - Lo que imparte'!$E$4:$E$11,MATCH(1,INDEX(EXACT('Detalle - Lo que imparte'!$A$4:$A$11,"MARA"&CHAR(30)&"2")*1,0),0)))) | R12: =IF(ISNA(MATCH(1,INDEX(EXACT('Detalle - Lo que imparte'!$A$4:$A$11,"MARA"&CHAR(30)&"2")*1,0),0)),"",IF(ISBLANK(INDEX('Detalle - Lo que imparte'!$F$4:$F$11,MATCH(1,INDEX(EXACT('Detalle - Lo que imparte'!$A$4:$A$11,"MARA"&CHAR(30)&"2")*1,0),0))),"",INDEX('Detalle - Lo que imparte'!$F$4:$F$11,MATCH(1,INDEX(EXACT('Detalle - Lo que imparte'!$A$4:$A$11,"MARA"&CHAR(30)&"2")*1,0),0)))) | S12: =IF(ISNA(MATCH(1,INDEX(EXACT('Detalle - Lo que imparte'!$A$4:$A$11,"MARA"&CHAR(30)&"2")*1,0),0)),"",IF(ISBLANK(INDEX('Detalle - Lo que imparte'!$G$4:$G$11,MATCH(1,INDEX(EXACT('Detalle - Lo que imparte'!$A$4:$A$11,"MARA"&CHAR(30)&"2")*1,0),0))),"",INDEX('Detalle - Lo que imparte'!$G$4:$G$11,MATCH(1,INDEX(EXACT('Detalle - Lo que imparte'!$A$4:$A$11,"MARA"&CHAR(30)&"2")*1,0),0)))) | T12: =IF(ISNA(MATCH(1,INDEX(EXACT('Detalle - Lo que imparte'!$A$4:$A$11,"MARA"&CHAR(30)&"2")*1,0),0)),"",IF(ISBLANK(INDEX('Detalle - Lo que imparte'!$H$4:$H$11,MATCH(1,INDEX(EXACT('Detalle - Lo que imparte'!$A$4:$A$11,"MARA"&CHAR(30)&"2")*1,0),0))),"",INDEX('Detalle - Lo que imparte'!$H$4:$H$11,MATCH(1,INDEX(EXACT('Detalle - Lo que imparte'!$A$4:$A$11,"MARA"&CHAR(30)&"2")*1,0),0)))) | U12: =IF(ISNA(MATCH(1,INDEX(EXACT('Detalle - Lo que imparte'!$A$4:$A$11,"MARA"&CHAR(30)&"2")*1,0),0)),"",IF(ISBLANK(INDEX('Detalle - Lo que imparte'!$I$4:$I$11,MATCH(1,INDEX(EXACT('Detalle - Lo que imparte'!$A$4:$A$11,"MARA"&CHAR(30)&"2")*1,0),0))),"",INDEX('Detalle - Lo que imparte'!$I$4:$I$11,MATCH(1,INDEX(EXACT('Detalle - Lo que imparte'!$A$4:$A$11,"MARA"&CHAR(30)&"2")*1,0),0)))) | V12: =IF(ISNA(MATCH(1,INDEX(EXACT('Detalle - Lo que imparte'!$A$4:$A$11,"MARA"&CHAR(30)&"2")*1,0),0)),"",IF(ISBLANK(INDEX('Detalle - Lo que imparte'!$J$4:$J$11,MATCH(1,INDEX(EXACT('Detalle - Lo que imparte'!$A$4:$A$11,"MARA"&CHAR(30)&"2")*1,0),0))),"",INDEX('Detalle - Lo que imparte'!$J$4:$J$11,MATCH(1,INDEX(EXACT('Detalle - Lo que imparte'!$A$4:$A$11,"MARA"&CHAR(30)&"2")*1,0),0)))) | W12: =IF(ISNA(MATCH(1,INDEX(EXACT('Detalle - Lo que imparte'!$A$4:$A$11,"MARA"&CHAR(30)&"2")*1,0),0)),"",IF(ISBLANK(INDEX('Detalle - Lo que imparte'!$K$4:$K$11,MATCH(1,INDEX(EXACT('Detalle - Lo que imparte'!$A$4:$A$11,"MARA"&CHAR(30)&"2")*1,0),0))),"",INDEX('Detalle - Lo que imparte'!$K$4:$K$11,MATCH(1,INDEX(EXACT('Detalle - Lo que imparte'!$A$4:$A$11,"MARA"&CHAR(30)&"2")*1,0),0)))) | X12: =IF(ISNA(MATCH(1,INDEX(EXACT('Detalle - Lo que imparte'!$A$4:$A$11,"MARA"&CHAR(30)&"2")*1,0),0)),"",IF(ISBLANK(INDEX('Detalle - Lo que imparte'!$L$4:$L$11,MATCH(1,INDEX(EXACT('Detalle - Lo que imparte'!$A$4:$A$11,"MARA"&CHAR(30)&"2")*1,0),0))),"",INDEX('Detalle - Lo que imparte'!$L$4:$L$11,MATCH(1,INDEX(EXACT('Detalle - Lo que imparte'!$A$4:$A$11,"MARA"&CHAR(30)&"2")*1,0),0))))
