Workbook
Name Casillas: 'Casillas del horario'!$A$4:$Q$73
Name Asignaturas: Asignaturas!$A$4:$G$18
Name PlanPorGrupo: 'Plan por grupo'!$A$4:$H$33
Name Profesores: Profesores!$A$4:$C$33
Name Disponibilidad: 'Dias que asisten los contratados'!$A$4:$D$4
Name CargaDiaria: 'Carga diaria por profesor'!$A$4:$C$153

Sheet Horario del grupo - 10-3
A1: Horario del grupo - 10-3
A3: Turno | B3: L | C3: M | D3: MI | E3: J | F3: V
A4: 1 | B4: =IFERROR(IF(INDEX('Casillas del horario'!$D$4:$D$73,MATCH("10-3"&"|"&$A4&"|"&B$3,'Casillas del horario'!$R$4:$R$73,0))="","",INDEX('Casillas del horario'!$D$4:$D$73,MATCH("10-3"&"|"&$A4&"|"&B$3,'Casillas del horario'!$R$4:$R$73,0))),"") | C4: =IFERROR(IF(INDEX('Casillas del horario'!$D$4:$D$73,MATCH("10-3"&"|"&$A4&"|"&C$3,'Casillas del horario'!$R$4:$R$73,0))="","",INDEX('Casillas del horario'!$D$4:$D$73,MATCH("10-3"&"|"&$A4&"|"&C$3,'Casillas del horario'!$R$4:$R$73,0))),"") | D4: =IFERROR(IF(INDEX('Casillas del horario'!$D$4:$D$73,MATCH("10-3"&"|"&$A4&"|"&D$3,'Casillas del horario'!$R$4:$R$73,0))="","",INDEX('Casillas del horario'!$D$4:$D$73,MATCH("10-3"&"|"&$A4&"|"&D$3,'Casillas del horario'!$R$4:$R$73,0))),"") | E4: =IFERROR(IF(INDEX('Casillas del horario'!$D$4:$D$73,MATCH("10-3"&"|"&$A4&"|"&E$3,'Casillas del horario'!$R$4:$R$73,0))="","",INDEX('Casillas del horario'!$D$4:$D$73,MATCH("10-3"&"|"&$A4&"|"&E$3,'Casillas del horario'!$R$4:$R$73,0))),"") | F4: =IFERROR(IF(INDEX('Casillas del horario'!$D$4:$D$73,MATCH("10-3"&"|"&$A4&"|"&F$3,'Casillas del horario'!$R$4:$R$73,0))="","",INDEX('Casillas del horario'!$D$4:$D$73,MATCH("10-3"&"|"&$A4&"|"&F$3,'Casillas del horario'!$R$4:$R$73,0))),"")
A5: 2 | B5: =IFERROR(IF(INDEX('Casillas del horario'!$D$4:$D$73,MATCH("10-3"&"|"&$A5&"|"&B$3,'Casillas del horario'!$R$4:$R$73,0))="","",INDEX('Casillas del horario'!$D$4:$D$73,MATCH("10-3"&"|"&$A5&"|"&B$3,'Casillas del horario'!$R$4:$R$73,0))),"") | C5: =IFERROR(IF(INDEX('Casillas del horario'!$D$4:$D$73,MATCH("10-3"&"|"&$A5&"|"&C$3,'Casillas del horario'!$R$4:$R$73,0))="","",INDEX('Casillas del horario'!$D$4:$D$73,MATCH("10-3"&"|"&$A5&"|"&C$3,'Casillas del horario'!$R$4:$R$73,0))),"") | D5: =IFERROR(IF(INDEX('Casillas del horario'!$D$4:$D$73,MATCH("10-3"&"|"&$A5&"|"&D$3,'Casillas del horario'!$R$4:$R$73,0))="","",INDEX('Casillas del horario'!$D$4:$D$73,MATCH("10-3"&"|"&$A5&"|"&D$3,'Casillas del horario'!$R$4:$R$73,0))),"") | E5: =IFERROR(IF(INDEX('Casillas del horario'!$D$4:$D$73,MATCH("10-3"&"|"&$A5&"|"&E$3,'Casillas del horario'!$R$4:$R$73,0))="","",INDEX('Casillas del horario'!$D$4:$D$73,MATCH("10-3"&"|"&$A5&"|"&E$3,'Casillas del horario'!$R$4:$R$73,0))),"") | F5: =IFERROR(IF(INDEX('Casillas del horario'!$D$4:$D$73,MATCH("10-3"&"|"&$A5&"|"&F$3,'Casillas del horario'!$R$4:$R$73,0))="","",INDEX('Casillas del horario'!$D$4:$D$73,MATCH("10-3"&"|"&$A5&"|"&F$3,'Casillas del horario'!$R$4:$R$73,0))),"")
A6: 3 | B6: =IFERROR(IF(INDEX('Casillas del horario'!$D$4:$D$73,MATCH("10-3"&"|"&$A6&"|"&B$3,'Casillas del horario'!$R$4:$R$73,0))="","",INDEX('Casillas del horario'!$D$4:$D$73,MATCH("10-3"&"|"&$A6&"|"&B$3,'Casillas del horario'!$R$4:$R$73,0))),"") | C6: =IFERROR(IF(INDEX('Casillas del horario'!$D$4:$D$73,MATCH("10-3"&"|"&$A6&"|"&C$3,'Casillas del horario'!$R$4:$R$73,0))="","",INDEX('Casillas del horario'!$D$4:$D$73,MATCH("10-3"&"|"&$A6&"|"&C$3,'Casillas del horario'!$R$4:$R$73,0))),"") | D6: =IFERROR(IF(INDEX('Casillas del horario'!$D$4:$D$73,MATCH("10-3"&"|"&$A6&"|"&D$3,'Casillas del horario'!$R$4:$R$73,0))="","",INDEX('Casillas del horario'!$D$4:$D$73,MATCH("10-3"&"|"&$A6&"|"&D$3,'Casillas del horario'!$R$4:$R$73,0))),"") | E6: =IFERROR(IF(INDEX('Casillas del horario'!$D$4:$D$73,MATCH("10-3"&"|"&$A6&"|"&E$3,'Casillas del horario'!$R$4:$R$73,0))="","",INDEX('Casillas del horario'!$D$4:$D$73,MATCH("10-3"&"|"&$A6&"|"&E$3,'Casillas del horario'!$R$4:$R$73,0))),"") | F6: =IFERROR(IF(INDEX('Casillas del horario'!$D$4:$D$73,MATCH("10-3"&"|"&$A6&"|"&F$3,'Casillas del horario'!$R$4:$R$73,0))="","",INDEX('Casillas del horario'!$D$4:$D$73,MATCH("10-3"&"|"&$A6&"|"&F$3,'Casillas del horario'!$R$4:$R$73,0))),"")
A7: 4 | B7: =IFERROR(IF(INDEX('Casillas del horario'!$D$4:$D$73,MATCH("10-3"&"|"&$A7&"|"&B$3,'Casillas del horario'!$R$4:$R$73,0))="","",INDEX('Casillas del horario'!$D$4:$D$73,MATCH("10-3"&"|"&$A7&"|"&B$3,'Casillas del horario'!$R$4:$R$73,0))),"") | C7: =IFERROR(IF(INDEX('Casillas del horario'!$D$4:$D$73,MATCH("10-3"&"|"&$A7&"|"&C$3,'Casillas del horario'!$R$4:$R$73,0))="","",INDEX('Casillas del horario'!$D$4:$D$73,MATCH("10-3"&"|"&$A7&"|"&C$3,'Casillas del horario'!$R$4:$R$73,0))),"") | D7: =IFERROR(IF(INDEX('Casillas del horario'!$D$4:$D$73,MATCH("10-3"&"|"&$A7&"|"&D$3,'Casillas del horario'!$R$4:$R$73,0))="","",INDEX('Casillas del horario'!$D$4:$D$73,MATCH("10-3"&"|"&$A7&"|"&D$3,'Casillas del horario'!$R$4:$R$73,0))),"") | E7: =IFERROR(IF(INDEX('Casillas del horario'!$D$4:$D$73,MATCH("10-3"&"|"&$A7&"|"&E$3,'Casillas del horario'!$R$4:$R$73,0))="","",INDEX('Casillas del horario'!$D$4:$D$73,MATCH("10-3"&"|"&$A7&"|"&E$3,'Casillas del horario'!$R$4:$R$73,0))),"") | F7: =IFERROR(IF(INDEX('Casillas del horario'!$D$4:$D$73,MATCH("10-3"&"|"&$A7&"|"&F$3,'Casillas del horario'!$R$4:$R$73,0))="","",INDEX('Casillas del horario'!$D$4:$D$73,MATCH("10-3"&"|"&$A7&"|"&F$3,'Casillas del horario'!$R$4:$R$73,0))),"")
A8: 5 | B8: =IFERROR(IF(INDEX('Casillas del horario'!$D$4:$D$73,MATCH("10-3"&"|"&$A8&"|"&B$3,'Casillas del horario'!$R$4:$R$73,0))="","",INDEX('Casillas del horario'!$D$4:$D$73,MATCH("10-3"&"|"&$A8&"|"&B$3,'Casillas del horario'!$R$4:$R$73,0))),"") | C8: =IFERROR(IF(INDEX('Casillas del horario'!$D$4:$D$73,MATCH("10-3"&"|"&$A8&"|"&C$3,'Casillas del horario'!$R$4:$R$73,0))="","",INDEX('Casillas del horario'!$D$4:$D$73,MATCH("10-3"&"|"&$A8&"|"&C$3,'Casillas del horario'!$R$4:$R$73,0))),"") | D8: =IFERROR(IF(INDEX('Casillas del horario'!$D$4:$D$73,MATCH("10-3"&"|"&$A8&"|"&D$3,'Casillas del horario'!$R$4:$R$73,0))="","",INDEX('Casillas del horario'!$D$4:$D$73,MATCH("10-3"&"|"&$A8&"|"&D$3,'Casillas del horario'!$R$4:$R$73,0))),"") | E8: =IFERROR(IF(INDEX('Casillas del horario'!$D$4:$D$73,MATCH("10-3"&"|"&$A8&"|"&E$3,'Casillas del horario'!$R$4:$R$73,0))="","",INDEX('Casillas del horario'!$D$4:$D$73,MATCH("10-3"&"|"&$A8&"|"&E$3,'Casillas del horario'!$R$4:$R$73,0))),"") | F8: =IFERROR(IF(INDEX('Casillas del horario'!$D$4:$D$73,MATCH("10-3"&"|"&$A8&"|"&F$3,'Casillas del horario'!$R$4:$R$73,0))="","",INDEX('Casillas del horario'!$D$4:$D$73,MATCH("10-3"&"|"&$A8&"|"&F$3,'Casillas del horario'!$R$4:$R$73,0))),"")
A9: 6 | B9: =IFERROR(IF(INDEX('Casillas del horario'!$D$4:$D$73,MATCH("10-3"&"|"&$A9&"|"&B$3,'Casillas del horario'!$R$4:$R$73,0))="","",INDEX('Casillas del horario'!$D$4:$D$73,MATCH("10-3"&"|"&$A9&"|"&B$3,'Casillas del horario'!$R$4:$R$73,0))),"") | C9: =IFERROR(IF(INDEX('Casillas del horario'!$D$4:$D$73,MATCH("10-3"&"|"&$A9&"|"&C$3,'Casillas del horario'!$R$4:$R$73,0))="","",INDEX('Casillas del horario'!$D$4:$D$73,MATCH("10-3"&"|"&$A9&"|"&C$3,'Casillas del horario'!$R$4:$R$73,0))),"") | D9: =IFERROR(IF(INDEX('Casillas del horario'!$D$4:$D$73,MATCH("10-3"&"|"&$A9&"|"&D$3,'Casillas del horario'!$R$4:$R$73,0))="","",INDEX('Casillas del horario'!$D$4:$D$73,MATCH("10-3"&"|"&$A9&"|"&D$3,'Casillas del horario'!$R$4:$R$73,0))),"") | E9: =IFERROR(IF(INDEX('Casillas del horario'!$D$4:$D$73,MATCH("10-3"&"|"&$A9&"|"&E$3,'Casillas del horario'!$R$4:$R$73,0))="","",INDEX('Casillas del horario'!$D$4:$D$73,MATCH("10-3"&"|"&$A9&"|"&E$3,'Casillas del horario'!$R$4:$R$73,0))),"") | F9: =IFERROR(IF(INDEX('Casillas del horario'!$D$4:$D$73,MATCH("10-3"&"|"&$A9&"|"&F$3,'Casillas del horario'!$R$4:$R$73,0))="","",INDEX('Casillas del horario'!$D$4:$D$73,MATCH("10-3"&"|"&$A9&"|"&F$3,'Casillas del horario'!$R$4:$R$73,0))),"")
A10: 7 | B10: =IFERROR(IF(INDEX('Casillas del horario'!$D$4:$D$73,MATCH("10-3"&"|"&$A10&"|"&B$3,'Casillas del horario'!$R$4:$R$73,0))="","",INDEX('Casillas del horario'!$D$4:$D$73,MATCH("10-3"&"|"&$A10&"|"&B$3,'Casillas del horario'!$R$4:$R$73,0))),"") | C10: =IFERROR(IF(INDEX('Casillas del horario'!$D$4:$D$73,MATCH("10-3"&"|"&$A10&"|"&C$3,'Casillas del horario'!$R$4:$R$73,0))="","",INDEX('Casillas del horario'!$D$4:$D$73,MATCH("10-3"&"|"&$A10&"|"&C$3,'Casillas del horario'!$R$4:$R$73,0))),"") | D10: =IFERROR(IF(INDEX('Casillas del horario'!$D$4:$D$73,MATCH("10-3"&"|"&$A10&"|"&D$3,'Casillas del horario'!$R$4:$R$73,0))="","",INDEX('Casillas del horario'!$D$4:$D$73,MATCH("10-3"&"|"&$A10&"|"&D$3,'Casillas del horario'!$R$4:$R$73,0))),"") | E10: =IFERROR(IF(INDEX('Casillas del horario'!$D$4:$D$73,MATCH("10-3"&"|"&$A10&"|"&E$3,'Casillas del horario'!$R$4:$R$73,0))="","",INDEX('Casillas del horario'!$D$4:$D$73,MATCH("10-3"&"|"&$A10&"|"&E$3,'Casillas del horario'!$R$4:$R$73,0))),"") | F10: =IFERROR(IF(INDEX('Casillas del horario'!$D$4:$D$73,MATCH("10-3"&"|"&$A10&"|"&F$3,'Casillas del horario'!$R$4:$R$73,0))="","",INDEX('Casillas del horario'!$D$4:$D$73,MATCH("10-3"&"|"&$A10&"|"&F$3,'Casillas del horario'!$R$4:$R$73,0))),"")

Sheet Horario del grupo - 10-4
A1: Horario del grupo - 10-4
A3: Turno | B3: L | C3: M | D3: MI | E3: J | F3: V
A4: 1 | B4: =IFERROR(IF(INDEX('Casillas del horario'!$D$4:$D$73,MATCH("10-4"&"|"&$A4&"|"&B$3,'Casillas del horario'!$R$4:$R$73,0))="","",INDEX('Casillas del horario'!$D$4:$D$73,MATCH("10-4"&"|"&$A4&"|"&B$3,'Casillas del horario'!$R$4:$R$73,0))),"") | C4: =IFERROR(IF(INDEX('Casillas del horario'!$D$4:$D$73,MATCH("10-4"&"|"&$A4&"|"&C$3,'Casillas del horario'!$R$4:$R$73,0))="","",INDEX('Casillas del horario'!$D$4:$D$73,MATCH("10-4"&"|"&$A4&"|"&C$3,'Casillas del horario'!$R$4:$R$73,0))),"") | D4: =IFERROR(IF(INDEX('Casillas del horario'!$D$4:$D$73,MATCH("10-4"&"|"&$A4&"|"&D$3,'Casillas del horario'!$R$4:$R$73,0))="","",INDEX('Casillas del horario'!$D$4:$D$73,MATCH("10-4"&"|"&$A4&"|"&D$3,'Casillas del horario'!$R$4:$R$73,0))),"") | E4: =IFERROR(IF(INDEX('Casillas del horario'!$D$4:$D$73,MATCH("10-4"&"|"&$A4&"|"&E$3,'Casillas del horario'!$R$4:$R$73,0))="","",INDEX('Casillas del horario'!$D$4:$D$73,MATCH("10-4"&"|"&$A4&"|"&E$3,'Casillas del horario'!$R$4:$R$73,0))),"") | F4: =IFERROR(IF(INDEX('Casillas del horario'!$D$4:$D$73,MATCH("10-4"&"|"&$A4&"|"&F$3,'Casillas del horario'!$R$4:$R$73,0))="","",INDEX('Casillas del horario'!$D$4:$D$73,MATCH("10-4"&"|"&$A4&"|"&F$3,'Casillas del horario'!$R$4:$R$73,0))),"")
A5: 2 | B5: =IFERROR(IF(INDEX('Casillas del horario'!$D$4:$D$73,MATCH("10-4"&"|"&$A5&"|"&B$3,'Casillas del horario'!$R$4:$R$73,0))="","",INDEX('Casillas del horario'!$D$4:$D$73,MATCH("10-4"&"|"&$A5&"|"&B$3,'Casillas del horario'!$R$4:$R$73,0))),"") | C5: =IFERROR(IF(INDEX('Casillas del horario'!$D$4:$D$73,MATCH("10-4"&"|"&$A5&"|"&C$3,'Casillas del horario'!$R$4:$R$73,0))="","",INDEX('Casillas del horario'!$D$4:$D$73,MATCH("10-4"&"|"&$A5&"|"&C$3,'Casillas del horario'!$R$4:$R$73,0))),"") | D5: =IFERROR(IF(INDEX('Casillas del horario'!$D$4:$D$73,MATCH("10-4"&"|"&$A5&"|"&D$3,'Casillas del horario'!$R$4:$R$73,0))="","",INDEX('Casillas del horario'!$D$4:$D$73,MATCH("10-4"&"|"&$A5&"|"&D$3,'Casillas del horario'!$R$4:$R$73,0))),"") | E5: =IFERROR(IF(INDEX('Casillas del horario'!$D$4:$D$73,MATCH("10-4"&"|"&$A5&"|"&E$3,'Casillas del horario'!$R$4:$R$73,0))="","",INDEX('Casillas del horario'!$D$4:$D$73,MATCH("10-4"&"|"&$A5&"|"&E$3,'Casillas del horario'!$R$4:$R$73,0))),"") | F5: =IFERROR(IF(INDEX('Casillas del horario'!$D$4:$D$73,MATCH("10-4"&"|"&$A5&"|"&F$3,'Casillas del horario'!$R$4:$R$73,0))="","",INDEX('Casillas del horario'!$D$4:$D$73,MATCH("10-4"&"|"&$A5&"|"&F$3,'Casillas del horario'!$R$4:$R$73,0))),"")
A6: 3 | B6: =IFERROR(IF(INDEX('Casillas del horario'!$D$4:$D$73,MATCH("10-4"&"|"&$A6&"|"&B$3,'Casillas del horario'!$R$4:$R$73,0))="","",INDEX('Casillas del horario'!$D$4:$D$73,MATCH("10-4"&"|"&$A6&"|"&B$3,'Casillas del horario'!$R$4:$R$73,0))),"") | C6: =IFERROR(IF(INDEX('Casillas del horario'!$D$4:$D$73,MATCH("10-4"&"|"&$A6&"|"&C$3,'Casillas del horario'!$R$4:$R$73,0))="","",INDEX('Casillas del horario'!$D$4:$D$73,MATCH("10-4"&"|"&$A6&"|"&C$3,'Casillas del horario'!$R$4:$R$73,0))),"") | D6: =IFERROR(IF(INDEX('Casillas del horario'!$D$4:$D$73,MATCH("10-4"&"|"&$A6&"|"&D$3,'Casillas del horario'!$R$4:$R$73,0))="","",INDEX('Casillas del horario'!$D$4:$D$73,MATCH("10-4"&"|"&$A6&"|"&D$3,'Casillas del horario'!$R$4:$R$73,0))),"") | E6: =IFERROR(IF(INDEX('Casillas del horario'!$D$4:$D$73,MATCH("10-4"&"|"&$A6&"|"&E$3,'Casillas del horario'!$R$4:$R$73,0))="","",INDEX('Casillas del horario'!$D$4:$D$73,MATCH("10-4"&"|"&$A6&"|"&E$3,'Casillas del horario'!$R$4:$R$73,0))),"") | F6: =IFERROR(IF(INDEX('Casillas del horario'!$D$4:$D$73,MATCH("10-4"&"|"&$A6&"|"&F$3,'Casillas del horario'!$R$4:$R$73,0))="","",INDEX('Casillas del horario'!$D$4:$D$73,MATCH("10-4"&"|"&$A6&"|"&F$3,'Casillas del horario'!$R$4:$R$73,0))),"")
A7: 4 | B7: =IFERROR(IF(INDEX('Casillas del horario'!$D$4:$D$73,MATCH("10-4"&"|"&$A7&"|"&B$3,'Casillas del horario'!$R$4:$R$73,0))="","",INDEX('Casillas del horario'!$D$4:$D$73,MATCH("10-4"&"|"&$A7&"|"&B$3,'Casillas del horario'!$R$4:$R$73,0))),"") | C7: =IFERROR(IF(INDEX('Casillas del horario'!$D$4:$D$73,MATCH("10-4"&"|"&$A7&"|"&C$3,'Casillas del horario'!$R$4:$R$73,0))="","",INDEX('Casillas del horario'!$D$4:$D$73,MATCH("10-4"&"|"&$A7&"|"&C$3,'Casillas del horario'!$R$4:$R$73,0))),"") | D7: =IFERROR(IF(INDEX('Casillas del horario'!$D$4:$D$73,MATCH("10-4"&"|"&$A7&"|"&D$3,'Casillas del horario'!$R$4:$R$73,0))="","",INDEX('Casillas del horario'!$D$4:$D$73,MATCH("10-4"&"|"&$A7&"|"&D$3,'Casillas del horario'!$R$4:$R$73,0))),"") | E7: =IFERROR(IF(INDEX('Casillas del horario'!$D$4:$D$73,MATCH("10-4"&"|"&$A7&"|"&E$3,'Casillas del horario'!$R$4:$R$73,0))="","",INDEX('Casillas del horario'!$D$4:$D$73,MATCH("10-4"&"|"&$A7&"|"&E$3,'Casillas del horario'!$R$4:$R$73,0))),"") | F7: =IFERROR(IF(INDEX('Casillas del horario'!$D$4:$D$73,MATCH("10-4"&"|"&$A7&"|"&F$3,'Casillas del horario'!$R$4:$R$73,0))="","",INDEX('Casillas del horario'!$D$4:$D$73,MATCH("10-4"&"|"&$A7&"|"&F$3,'Casillas del horario'!$R$4:$R$73,0))),"")
A8: 5 | B8: =IFERROR(IF(INDEX('Casillas del horario'!$D$4:$D$73,MATCH("10-4"&"|"&$A8&"|"&B$3,'Casillas del horario'!$R$4:$R$73,0))="","",INDEX('Casillas del horario'!$D$4:$D$73,MATCH("10-4"&"|"&$A8&"|"&B$3,'Casillas del horario'!$R$4:$R$73,0))),"") | C8: =IFERROR(IF(INDEX('Casillas del horario'!$D$4:$D$73,MATCH("10-4"&"|"&$A8&"|"&C$3,'Casillas del horario'!$R$4:$R$73,0))="","",INDEX('Casillas del horario'!$D$4:$D$73,MATCH("10-4"&"|"&$A8&"|"&C$3,'Casillas del horario'!$R$4:$R$73,0))),"") | D8: =IFERROR(IF(INDEX('Casillas del horario'!$D$4:$D$73,MATCH("10-4"&"|"&$A8&"|"&D$3,'Casillas del horario'!$R$4:$R$73,0))="","",INDEX('Casillas del horario'!$D$4:$D$73,MATCH("10-4"&"|"&$A8&"|"&D$3,'Casillas del horario'!$R$4:$R$73,0))),"") | E8: =IFERROR(IF(INDEX('Casillas del horario'!$D$4:$D$73,MATCH("10-4"&"|"&$A8&"|"&E$3,'Casillas del horario'!$R$4:$R$73,0))="","",INDEX('Casillas del horario'!$D$4:$D$73,MATCH("10-4"&"|"&$A8&"|"&E$3,'Casillas del horario'!$R$4:$R$73,0))),"") | F8: =IFERROR(IF(INDEX('Casillas del horario'!$D$4:$D$73,MATCH("10-4"&"|"&$A8&"|"&F$3,'Casillas del horario'!$R$4:$R$73,0))="","",INDEX('Casillas del horario'!$D$4:$D$73,MATCH("10-4"&"|"&$A8&"|"&F$3,'Casillas del horario'!$R$4:$R$73,0))),"")
A9: 6 | B9: =IFERROR(IF(INDEX('Casillas del horario'!$D$4:$D$73,MATCH("10-4"&"|"&$A9&"|"&B$3,'Casillas del horario'!$R$4:$R$73,0))="","",INDEX('Casillas del horario'!$D$4:$D$73,MATCH("10-4"&"|"&$A9&"|"&B$3,'Casillas del horario'!$R$4:$R$73,0))),"") | C9: =IFERROR(IF(INDEX('Casillas del horario'!$D$4:$D$73,MATCH("10-4"&"|"&$A9&"|"&C$3,'Casillas del horario'!$R$4:$R$73,0))="","",INDEX('Casillas del horario'!$D$4:$D$73,MATCH("10-4"&"|"&$A9&"|"&C$3,'Casillas del horario'!$R$4:$R$73,0))),"") | D9: =IFERROR(IF(INDEX('Casillas del horario'!$D$4:$D$73,MATCH("10-4"&"|"&$A9&"|"&D$3,'Casillas del horario'!$R$4:$R$73,0))="","",INDEX('Casillas del horario'!$D$4:$D$73,MATCH("10-4"&"|"&$A9&"|"&D$3,'Casillas del horario'!$R$4:$R$73,0))),"") | E9: =IFERROR(IF(INDEX('Casillas del horario'!$D$4:$D$73,MATCH("10-4"&"|"&$A9&"|"&E$3,'Casillas del horario'!$R$4:$R$73,0))="","",INDEX('Casillas del horario'!$D$4:$D$73,MATCH("10-4"&"|"&$A9&"|"&E$3,'Casillas del horario'!$R$4:$R$73,0))),"") | F9: =IFERROR(IF(INDEX('Casillas del horario'!$D$4:$D$73,MATCH("10-4"&"|"&$A9&"|"&F$3,'Casillas del horario'!$R$4:$R$73,0))="","",INDEX('Casillas del horario'!$D$4:$D$73,MATCH("10-4"&"|"&$A9&"|"&F$3,'Casillas del horario'!$R$4:$R$73,0))),"")
A10: 7 | B10: =IFERROR(IF(INDEX('Casillas del horario'!$D$4:$D$73,MATCH("10-4"&"|"&$A10&"|"&B$3,'Casillas del horario'!$R$4:$R$73,0))="","",INDEX('Casillas del horario'!$D$4:$D$73,MATCH("10-4"&"|"&$A10&"|"&B$3,'Casillas del horario'!$R$4:$R$73,0))),"") | C10: =IFERROR(IF(INDEX('Casillas del horario'!$D$4:$D$73,MATCH("10-4"&"|"&$A10&"|"&C$3,'Casillas del horario'!$R$4:$R$73,0))="","",INDEX('Casillas del horario'!$D$4:$D$73,MATCH("10-4"&"|"&$A10&"|"&C$3,'Casillas del horario'!$R$4:$R$73,0))),"") | D10: =IFERROR(IF(INDEX('Casillas del horario'!$D$4:$D$73,MATCH("10-4"&"|"&$A10&"|"&D$3,'Casillas del horario'!$R$4:$R$73,0))="","",INDEX('Casillas del horario'!$D$4:$D$73,MATCH("10-4"&"|"&$A10&"|"&D$3,'Casillas del horario'!$R$4:$R$73,0))),"") | E10: =IFERROR(IF(INDEX('Casillas del horario'!$D$4:$D$73,MATCH("10-4"&"|"&$A10&"|"&E$3,'Casillas del horario'!$R$4:$R$73,0))="","",INDEX('Casillas del horario'!$D$4:$D$73,MATCH("10-4"&"|"&$A10&"|"&E$3,'Casillas del horario'!$R$4:$R$73,0))),"") | F10: =IFERROR(IF(INDEX('Casillas del horario'!$D$4:$D$73,MATCH("10-4"&"|"&$A10&"|"&F$3,'Casillas del horario'!$R$4:$R$73,0))="","",INDEX('Casillas del horario'!$D$4:$D$73,MATCH("10-4"&"|"&$A10&"|"&F$3,'Casillas del horario'!$R$4:$R$73,0))),"")

Sheet Profesor de EF en 10-3
A1: Profesor de EF en 10-3
A3: Turno | B3: L | C3: MI
A4: 1 | B4: =IF(COUNTIF('Casillas del horario'!$S$4:$S$73,"Profesor de EF en 10-3"&"|"&$A4&"|"&B$3)>1,IFERROR(IF(INDEX('Casillas del horario'!$A$4:$A$73,MATCH("Profesor de EF en 10-3"&"|"&$A4&"|"&B$3,'Casillas del horario'!$S$4:$S$73,0))="","",INDEX('Casillas del horario'!$A$4:$A$73,MATCH("Profesor de EF en 10-3"&"|"&$A4&"|"&B$3,'Casillas del horario'!$S$4:$S$73,0))),"")&" (+"&(COUNTIF('Casillas del horario'!$S$4:$S$73,"Profesor de EF en 10-3"&"|"&$A4&"|"&B$3)-1)&")",IFERROR(IF(INDEX('Casillas del horario'!$A$4:$A$73,MATCH("Profesor de EF en 10-3"&"|"&$A4&"|"&B$3,'Casillas del horario'!$S$4:$S$73,0))="","",INDEX('Casillas del horario'!$A$4:$A$73,MATCH("Profesor de EF en 10-3"&"|"&$A4&"|"&B$3,'Casillas del horario'!$S$4:$S$73,0))),"")) | C4: =IF(COUNTIF('Casillas del horario'!$S$4:$S$73,"Profesor de EF en 10-3"&"|"&$A4&"|"&C$3)>1,IFERROR(IF(INDEX('Casillas del horario'!$A$4:$A$73,MATCH("Profesor de EF en 10-3"&"|"&$A4&"|"&C$3,'Casillas del horario'!$S$4:$S$73,0))="","",INDEX('Casillas del horario'!$A$4:$A$73,MATCH("Profesor de EF en 10-3"&"|"&$A4&"|"&C$3,'Casillas del horario'!$S$4:$S$73,0))),"")&" (+"&(COUNTIF('Casillas del horario'!$S$4:$S$73,"Profesor de EF en 10-3"&"|"&$A4&"|"&C$3)-1)&")",IFERROR(IF(INDEX('Casillas del horario'!$A$4:$A$73,MATCH("Profesor de EF en 10-3"&"|"&$A4&"|"&C$3,'Casillas del horario'!$S$4:$S$73,0))="","",INDEX('Casillas del horario'!$A$4:$A$73,MATCH("Profesor de EF en 10-3"&"|"&$A4&"|"&C$3,'Casillas del horario'!$S$4:$S$73,0))),""))

Sheet Horario - Profesor de H en 10-3
A1: Horario - Profesor de H en 10-3
A3: Turno | B3: M | C3: MI | D3: J
A4: 1 | B4: =IF(COUNTIF('Casillas del horario'!$S$4:$S$73,"Profesor de H en 10-3"&"|"&$A4&"|"&B$3)>1,IFERROR(IF(INDEX('Casillas del horario'!$A$4:$A$73,MATCH("Profesor de H en 10-3"&"|"&$A4&"|"&B$3,'Casillas del horario'!$S$4:$S$73,0))="","",INDEX('Casillas del horario'!$A$4:$A$73,MATCH("Profesor de H en 10-3"&"|"&$A4&"|"&B$3,'Casillas del horario'!$S$4:$S$73,0))),"")&" (+"&(COUNTIF('Casillas del horario'!$S$4:$S$73,"Profesor de H en 10-3"&"|"&$A4&"|"&B$3)-1)&")",IFERROR(IF(INDEX('Casillas del horario'!$A$4:$A$73,MATCH("Profesor de H en 10-3"&"|"&$A4&"|"&B$3,'Casillas del horario'!$S$4:$S$73,0))="","",INDEX('Casillas del horario'!$A$4:$A$73,MATCH("Profesor de H en 10-3"&"|"&$A4&"|"&B$3,'Casillas del horario'!$S$4:$S$73,0))),"")) | C4: =IF(COUNTIF('Casillas del horario'!$S$4:$S$73,"Profesor de H en 10-3"&"|"&$A4&"|"&C$3)>1,IFERROR(IF(INDEX('Casillas del horario'!$A$4:$A$73,MATCH("Profesor de H en 10-3"&"|"&$A4&"|"&C$3,'Casillas del horario'!$S$4:$S$73,0))="","",INDEX('Casillas del horario'!$A$4:$A$73,MATCH("Profesor de H en 10-3"&"|"&$A4&"|"&C$3,'Casillas del horario'!$S$4:$S$73,0))),"")&" (+"&(COUNTIF('Casillas del horario'!$S$4:$S$73,"Profesor de H en 10-3"&"|"&$A4&"|"&C$3)-1)&")",IFERROR(IF(INDEX('Casillas del horario'!$A$4:$A$73,MATCH("Profesor de H en 10-3"&"|"&$A4&"|"&C$3,'Casillas del horario'!$S$4:$S$73,0))="","",INDEX('Casillas del horario'!$A$4:$A$73,MATCH("Profesor de H en 10-3"&"|"&$A4&"|"&C$3,'Casillas del horario'!$S$4:$S$73,0))),"")) | D4: =IF(COUNTIF('Casillas del horario'!$S$4:$S$73,"Profesor de H en 10-3"&"|"&$A4&"|"&D$3)>1,IFERROR(IF(INDEX('Casillas del horario'!$A$4:$A$73,MATCH("Profesor de H en 10-3"&"|"&$A4&"|"&D$3,'Casillas del horario'!$S$4:$S$73,0))="","",INDEX('Casillas del horario'!$A$4:$A$73,MATCH("Profesor de H en 10-3"&"|"&$A4&"|"&D$3,'Casillas del horario'!$S$4:$S$73,0))),"")&" (+"&(COUNTIF('Casillas del horario'!$S$4:$S$73,"Profesor de H en 10-3"&"|"&$A4&"|"&D$3)-1)&")",IFERROR(IF(INDEX('Casillas del horario'!$A$4:$A$73,MATCH("Profesor de H en 10-3"&"|"&$A4&"|"&D$3,'Casillas del horario'!$S$4:$S$73,0))="","",INDEX('Casillas del horario'!$A$4:$A$73,MATCH("Profesor de H en 10-3"&"|"&$A4&"|"&D$3,'Casillas del horario'!$S$4:$S$73,0))),""))
A5: 4 | B5: =IF(COUNTIF('Casillas del horario'!$S$4:$S$73,"Profesor de H en 10-3"&"|"&$A5&"|"&B$3)>1,IFERROR(IF(INDEX('Casillas del horario'!$A$4:$A$73,MATCH("Profesor de H en 10-3"&"|"&$A5&"|"&B$3,'Casillas del horario'!$S$4:$S$73,0))="","",INDEX('Casillas del horario'!$A$4:$A$73,MATCH("Profesor de H en 10-3"&"|"&$A5&"|"&B$3,'Casillas del horario'!$S$4:$S$73,0))),"")&" (+"&(COUNTIF('Casillas del horario'!$S$4:$S$73,"Profesor de H en 10-3"&"|"&$A5&"|"&B$3)-1)&")",IFERROR(IF(INDEX('Casillas del horario'!$A$4:$A$73,MATCH("Profesor de H en 10-3"&"|"&$A5&"|"&B$3,'Casillas del horario'!$S$4:$S$73,0))="","",INDEX('Casillas del horario'!$A$4:$A$73,MATCH("Profesor de H en 10-3"&"|"&$A5&"|"&B$3,'Casillas del horario'!$S$4:$S$73,0))),"")) | C5: =IF(COUNTIF('Casillas del horario'!$S$4:$S$73,"Profesor de H en 10-3"&"|"&$A5&"|"&C$3)>1,IFERROR(IF(INDEX('Casillas del horario'!$A$4:$A$73,MATCH("Profesor de H en 10-3"&"|"&$A5&"|"&C$3,'Casillas del horario'!$S$4:$S$73,0))="","",INDEX('Casillas del horario'!$A$4:$A$73,MATCH("Profesor de H en 10-3"&"|"&$A5&"|"&C$3,'Casillas del horario'!$S$4:$S$73,0))),"")&" (+"&(COUNTIF('Casillas del horario'!$S$4:$S$73,"Profesor de H en 10-3"&"|"&$A5&"|"&C$3)-1)&")",IFERROR(IF(INDEX('Casillas del horario'!$A$4:$A$73,MATCH("Profesor de H en 10-3"&"|"&$A5&"|"&C$3,'Casillas del horario'!$S$4:$S$73,0))="","",INDEX('Casillas del horario'!$A$4:$A$73,MATCH("Profesor de H en 10-3"&"|"&$A5&"|"&C$3,'Casillas del horario'!$S$4:$S$73,0))),"")) | D5: =IF(COUNTIF('Casillas del horario'!$S$4:$S$73,"Profesor de H en 10-3"&"|"&$A5&"|"&D$3)>1,IFERROR(IF(INDEX('Casillas del horario'!$A$4:$A$73,MATCH("Profesor de H en 10-3"&"|"&$A5&"|"&D$3,'Casillas del horario'!$S$4:$S$73,0))="","",INDEX('Casillas del horario'!$A$4:$A$73,MATCH("Profesor de H en 10-3"&"|"&$A5&"|"&D$3,'Casillas del horario'!$S$4:$S$73,0))),"")&" (+"&(COUNTIF('Casillas del horario'!$S$4:$S$73,"Profesor de H en 10-3"&"|"&$A5&"|"&D$3)-1)&")",IFERROR(IF(INDEX('Casillas del horario'!$A$4:$A$73,MATCH("Profesor de H en 10-3"&"|"&$A5&"|"&D$3,'Casillas del horario'!$S$4:$S$73,0))="","",INDEX('Casillas del horario'!$A$4:$A$73,MATCH("Profesor de H en 10-3"&"|"&$A5&"|"&D$3,'Casillas del horario'!$S$4:$S$73,0))),""))
A6: 6 | B6: =IF(COUNTIF('Casillas del horario'!$S$4:$S$73,"Profesor de H en 10-3"&"|"&$A6&"|"&B$3)>1,IFERROR(IF(INDEX('Casillas del horario'!$A$4:$A$73,MATCH("Profesor de H en 10-3"&"|"&$A6&"|"&B$3,'Casillas del horario'!$S$4:$S$73,0))="","",INDEX('Casillas del horario'!$A$4:$A$73,MATCH("Profesor de H en 10-3"&"|"&$A6&"|"&B$3,'Casillas del horario'!$S$4:$S$73,0))),"")&" (+"&(COUNTIF('Casillas del horario'!$S$4:$S$73,"Profesor de H en 10-3"&"|"&$A6&"|"&B$3)-1)&")",IFERROR(IF(INDEX('Casillas del horario'!$A$4:$A$73,MATCH("Profesor de H en 10-3"&"|"&$A6&"|"&B$3,'Casillas del horario'!$S$4:$S$73,0))="","",INDEX('Casillas del horario'!$A$4:$A$73,MATCH("Profesor de H en 10-3"&"|"&$A6&"|"&B$3,'Casillas del horario'!$S$4:$S$73,0))),"")) | C6: =IF(COUNTIF('Casillas del horario'!$S$4:$S$73,"Profesor de H en 10-3"&"|"&$A6&"|"&C$3)>1,IFERROR(IF(INDEX('Casillas del horario'!$A$4:$A$73,MATCH("Profesor de H en 10-3"&"|"&$A6&"|"&C$3,'Casillas del horario'!$S$4:$S$73,0))="","",INDEX('Casillas del horario'!$A$4:$A$73,MATCH("Profesor de H en 10-3"&"|"&$A6&"|"&C$3,'Casillas del horario'!$S$4:$S$73,0))),"")&" (+"&(COUNTIF('Casillas del horario'!$S$4:$S$73,"Profesor de H en 10-3"&"|"&$A6&"|"&C$3)-1)&")",IFERROR(IF(INDEX('Casillas del horario'!$A$4:$A$73,MATCH("Profesor de H en 10-3"&"|"&$A6&"|"&C$3,'Casillas del horario'!$S$4:$S$73,0))="","",INDEX('Casillas del horario'!$A$4:$A$73,MATCH("Profesor de H en 10-3"&"|"&$A6&"|"&C$3,'Casillas del horario'!$S$4:$S$73,0))),"")) | D6: =IF(COUNTIF('Casillas del horario'!$S$4:$S$73,"Profesor de H en 10-3"&"|"&$A6&"|"&D$3)>1,IFERROR(IF(INDEX('Casillas del horario'!$A$4:$A$73,MATCH("Profesor de H en 10-3"&"|"&$A6&"|"&D$3,'Casillas del horario'!$S$4:$S$73,0))="","",INDEX('Casillas del horario'!$A$4:$A$73,MATCH("Profesor de H en 10-3"&"|"&$A6&"|"&D$3,'Casillas del horario'!$S$4:$S$73,0))),"")&" (+"&(COUNTIF('Casillas del horario'!$S$4:$S$73,"Profesor de H en 10-3"&"|"&$A6&"|"&D$3)-1)&")",IFERROR(IF(INDEX('Casillas del horario'!$A$4:$A$73,MATCH("Profesor de H en 10-3"&"|"&$A6&"|"&D$3,'Casillas del horario'!$S$4:$S$73,0))="","",INDEX('Casillas del horario'!$A$4:$A$73,MATCH("Profesor de H en 10-3"&"|"&$A6&"|"&D$3,'Casillas del horario'!$S$4:$S$73,0))),""))

Sheet Profesor de INF en 10-3
A1: Profesor de INF en 10-3
A3: Turno | B3: J
A4: 1 | B4: =IF(COUNTIF('Casillas del horario'!$S$4:$S$73,"Profesor de INF en 10-3"&"|"&$A4&"|"&B$3)>1,IFERROR(IF(INDEX('Casillas del horario'!$A$4:$A$73,MATCH("Profesor de INF en 10-3"&"|"&$A4&"|"&B$3,'Casillas del horario'!$S$4:$S$73,0))="","",INDEX('Casillas del horario'!$A$4:$A$73,MATCH("Profesor de INF en 10-3"&"|"&$A4&"|"&B$3,'Casillas del horario'!$S$4:$S$73,0))),"")&" (+"&(COUNTIF('Casillas del horario'!$S$4:$S$73,"Profesor de INF en 10-3"&"|"&$A4&"|"&B$3)-1)&")",IFERROR(IF(INDEX('Casillas del horario'!$A$4:$A$73,MATCH("Profesor de INF en 10-3"&"|"&$A4&"|"&B$3,'Casillas del horario'!$S$4:$S$73,0))="","",INDEX('Casillas del horario'!$A$4:$A$73,MATCH("Profesor de INF en 10-3"&"|"&$A4&"|"&B$3,'Casillas del horario'!$S$4:$S$73,0))),""))

Sheet Horario - Profesor de F en 10-3
A1: Horario - Profesor de F en 10-3
A3: Turno | B3: V | C3: J | D3: MI
A4: 1 | B4: =IF(COUNTIF('Casillas del horario'!$S$4:$S$73,"Profesor de F en 10-3"&"|"&$A4&"|"&B$3)>1,IFERROR(IF(INDEX('Casillas del horario'!$A$4:$A$73,MATCH("Profesor de F en 10-3"&"|"&$A4&"|"&B$3,'Casillas del horario'!$S$4:$S$73,0))="","",INDEX('Casillas del horario'!$A$4:$A$73,MATCH("Profesor de F en 10-3"&"|"&$A4&"|"&B$3,'Casillas del horario'!$S$4:$S$73,0))),"")&" (+"&(COUNTIF('Casillas del horario'!$S$4:$S$73,"Profesor de F en 10-3"&"|"&$A4&"|"&B$3)-1)&")",IFERROR(IF(INDEX('Casillas del horario'!$A$4:$A$73,MATCH("Profesor de F en 10-3"&"|"&$A4&"|"&B$3,'Casillas del horario'!$S$4:$S$73,0))="","",INDEX('Casillas del horario'!$A$4:$A$73,MATCH("Profesor de F en 10-3"&"|"&$A4&"|"&B$3,'Casillas del horario'!$S$4:$S$73,0))),"")) | C4: =IF(COUNTIF('Casillas del horario'!$S$4:$S$73,"Profesor de F en 10-3"&"|"&$A4&"|"&C$3)>1,IFERROR(IF(INDEX('Casillas del horario'!$A$4:$A$73,MATCH("Profesor de F en 10-3"&"|"&$A4&"|"&C$3,'Casillas del horario'!$S$4:$S$73,0))="","",INDEX('Casillas del horario'!$A$4:$A$73,MATCH("Profesor de F en 10-3"&"|"&$A4&"|"&C$3,'Casillas del horario'!$S$4:$S$73,0))),"")&" (+"&(COUNTIF('Casillas del horario'!$S$4:$S$73,"Profesor de F en 10-3"&"|"&$A4&"|"&C$3)-1)&")",IFERROR(IF(INDEX('Casillas del horario'!$A$4:$A$73,MATCH("Profesor de F en 10-3"&"|"&$A4&"|"&C$3,'Casillas del horario'!$S$4:$S$73,0))="","",INDEX('Casillas del horario'!$A$4:$A$73,MATCH("Profesor de F en 10-3"&"|"&$A4&"|"&C$3,'Casillas del horario'!$S$4:$S$73,0))),"")) | D4: =IF(COUNTIF('Casillas del horario'!$S$4:$S$73,"Profesor de F en 10-3"&"|"&$A4&"|"&D$3)>1,IFERROR(IF(INDEX('Casillas del horario'!$A$4:$A$73,MATCH("Profesor de F en 10-3"&"|"&$A4&"|"&D$3,'Casillas del horario'!$S$4:$S$73,0))="","",INDEX('Casillas del horario'!$A$4:$A$73,MATCH("Profesor de F en 10-3"&"|"&$A4&"|"&D$3,'Casillas del horario'!$S$4:$S$73,0))),"")&" (+"&(COUNTIF('Casillas del horario'!$S$4:$S$73,"Profesor de F en 10-3"&"|"&$A4&"|"&D$3)-1)&")",IFERROR(IF(INDEX('Casillas del horario'!$A$4:$A$73,MATCH("Profesor de F en 10-3"&"|"&$A4&"|"&D$3,'Casillas del horario'!$S$4:$S$73,0))="","",INDEX('Casillas del horario'!$A$4:$A$73,MATCH("Profesor de F en 10-3"&"|"&$A4&"|"&D$3,'Casillas del horario'!$S$4:$S$73,0))),""))
A5: 2 | B5: =IF(COUNTIF('Casillas del horario'!$S$4:$S$73,"Profesor de F en 10-3"&"|"&$A5&"|"&B$3)>1,IFERROR(IF(INDEX('Casillas del horario'!$A$4:$A$73,MATCH("Profesor de F en 10-3"&"|"&$A5&"|"&B$3,'Casillas del horario'!$S$4:$S$73,0))="","",INDEX('Casillas del horario'!$A$4:$A$73,MATCH("Profesor de F en 10-3"&"|"&$A5&"|"&B$3,'Casillas del horario'!$S$4:$S$73,0))),"")&" (+"&(COUNTIF('Casillas del horario'!$S$4:$S$73,"Profesor de F en 10-3"&"|"&$A5&"|"&B$3)-1)&")",IFERROR(IF(INDEX('Casillas del horario'!$A$4:$A$73,MATCH("Profesor de F en 10-3"&"|"&$A5&"|"&B$3,'Casillas del horario'!$S$4:$S$73,0))="","",INDEX('Casillas del horario'!$A$4:$A$73,MATCH("Profesor de F en 10-3"&"|"&$A5&"|"&B$3,'Casillas del horario'!$S$4:$S$73,0))),"")) | C5: =IF(COUNTIF('Casillas del horario'!$S$4:$S$73,"Profesor de F en 10-3"&"|"&$A5&"|"&C$3)>1,IFERROR(IF(INDEX('Casillas del horario'!$A$4:$A$73,MATCH("Profesor de F en 10-3"&"|"&$A5&"|"&C$3,'Casillas del horario'!$S$4:$S$73,0))="","",INDEX('Casillas del horario'!$A$4:$A$73,MATCH("Profesor de F en 10-3"&"|"&$A5&"|"&C$3,'Casillas del horario'!$S$4:$S$73,0))),"")&" (+"&(COUNTIF('Casillas del horario'!$S$4:$S$73,"Profesor de F en 10-3"&"|"&$A5&"|"&C$3)-1)&")",IFERROR(IF(INDEX('Casillas del horario'!$A$4:$A$73,MATCH("Profesor de F en 10-3"&"|"&$A5&"|"&C$3,'Casillas del horario'!$S$4:$S$73,0))="","",INDEX('Casillas del horario'!$A$4:$A$73,MATCH("Profesor de F en 10-3"&"|"&$A5&"|"&C$3,'Casillas del horario'!$S$4:$S$73,0))),"")) | D5: =IF(COUNTIF('Casillas del horario'!$S$4:$S$73,"Profesor de F en 10-3"&"|"&$A5&"|"&D$3)>1,IFERROR(IF(INDEX('Casillas del horario'!$A$4:$A$73,MATCH("Profesor de F en 10-3"&"|"&$A5&"|"&D$3,'Casillas del horario'!$S$4:$S$73,0))="","",INDEX('Casillas del horario'!$A$4:$A$73,MATCH("Profesor de F en 10-3"&"|"&$A5&"|"&D$3,'Casillas del horario'!$S$4:$S$73,0))),"")&" (+"&(COUNTIF('Casillas del horario'!$S$4:$S$73,"Profesor de F en 10-3"&"|"&$A5&"|"&D$3)-1)&")",IFERROR(IF(INDEX('Casillas del horario'!$A$4:$A$73,MATCH("Profesor de F en 10-3"&"|"&$A5&"|"&D$3,'Casillas del horario'!$S$4:$S$73,0))="","",INDEX('Casillas del horario'!$A$4:$A$73,MATCH("Profesor de F en 10-3"&"|"&$A5&"|"&D$3,'Casillas del horario'!$S$4:$S$73,0))),""))
A6: 6 | B6: =IF(COUNTIF('Casillas del horario'!$S$4:$S$73,"Profesor de F en 10-3"&"|"&$A6&"|"&B$3)>1,IFERROR(IF(INDEX('Casillas del horario'!$A$4:$A$73,MATCH("Profesor de F en 10-3"&"|"&$A6&"|"&B$3,'Casillas del horario'!$S$4:$S$73,0))="","",INDEX('Casillas del horario'!$A$4:$A$73,MATCH("Profesor de F en 10-3"&"|"&$A6&"|"&B$3,'Casillas del horario'!$S$4:$S$73,0))),"")&" (+"&(COUNTIF('Casillas del horario'!$S$4:$S$73,"Profesor de F en 10-3"&"|"&$A6&"|"&B$3)-1)&")",IFERROR(IF(INDEX('Casillas del horario'!$A$4:$A$73,MATCH("Profesor de F en 10-3"&"|"&$A6&"|"&B$3,'Casillas del horario'!$S$4:$S$73,0))="","",INDEX('Casillas del horario'!$A$4:$A$73,MATCH("Profesor de F en 10-3"&"|"&$A6&"|"&B$3,'Casillas del horario'!$S$4:$S$73,0))),"")) | C6: =IF(COUNTIF('Casillas del horario'!$S$4:$S$73,"Profesor de F en 10-3"&"|"&$A6&"|"&C$3)>1,IFERROR(IF(INDEX('Casillas del horario'!$A$4:$A$73,MATCH("Profesor de F en 10-3"&"|"&$A6&"|"&C$3,'Casillas del horario'!$S$4:$S$73,0))="","",INDEX('Casillas del horario'!$A$4:$A$73,MATCH("Profesor de F en 10-3"&"|"&$A6&"|"&C$3,'Casillas del horario'!$S$4:$S$73,0))),"")&" (+"&(COUNTIF('Casillas del horario'!$S$4:$S$73,"Profesor de F en 10-3"&"|"&$A6&"|"&C$3)-1)&")",IFERROR(IF(INDEX('Casillas del horario'!$A$4:$A$73,MATCH("Profesor de F en 10-3"&"|"&$A6&"|"&C$3,'Casillas del horario'!$S$4:$S$73,0))="","",INDEX('Casillas del horario'!$A$4:$A$73,MATCH("Profesor de F en 10-3"&"|"&$A6&"|"&C$3,'Casillas del horario'!$S$4:$S$73,0))),"")) | D6: =IF(COUNTIF('Casillas del horario'!$S$4:$S$73,"Profesor de F en 10-3"&"|"&$A6&"|"&D$3)>1,IFERROR(IF(INDEX('Casillas del horario'!$A$4:$A$73,MATCH("Profesor de F en 10-3"&"|"&$A6&"|"&D$3,'Casillas del horario'!$S$4:$S$73,0))="","",INDEX('Casillas del horario'!$A$4:$A$73,MATCH("Profesor de F en 10-3"&"|"&$A6&"|"&D$3,'Casillas del horario'!$S$4:$S$73,0))),"")&" (+"&(COUNTIF('Casillas del horario'!$S$4:$S$73,"Profesor de F en 10-3"&"|"&$A6&"|"&D$3)-1)&")",IFERROR(IF(INDEX('Casillas del horario'!$A$4:$A$73,MATCH("Profesor de F en 10-3"&"|"&$A6&"|"&D$3,'Casillas del horario'!$S$4:$S$73,0))="","",INDEX('Casillas del horario'!$A$4:$A$73,MATCH("Profesor de F en 10-3"&"|"&$A6&"|"&D$3,'Casillas del horario'!$S$4:$S$73,0))),""))

Sheet Horario - Profesor de M en 10-4
A1: Horario - Profesor de M en 10-4
A3: Turno | B3: L | C3: MI | D3: J | E3: V
A4: 1 | B4: =IF(COUNTIF('Casillas del horario'!$S$4:$S$73,"Profesor de M en 10-4"&"|"&$A4&"|"&B$3)>1,IFERROR(IF(INDEX('Casillas del horario'!$A$4:$A$73,MATCH("Profesor de M en 10-4"&"|"&$A4&"|"&B$3,'Casillas del horario'!$S$4:$S$73,0))="","",INDEX('Casillas del horario'!$A$4:$A$73,MATCH("Profesor de M en 10-4"&"|"&$A4&"|"&B$3,'Casillas del horario'!$S$4:$S$73,0))),"")&" (+"&(COUNTIF('Casillas del horario'!$S$4:$S$73,"Profesor de M en 10-4"&"|"&$A4&"|"&B$3)-1)&")",IFERROR(IF(INDEX('Casillas del horario'!$A$4:$A$73,MATCH("Profesor de M en 10-4"&"|"&$A4&"|"&B$3,'Casillas del horario'!$S$4:$S$73,0))="","",INDEX('Casillas del horario'!$A$4:$A$73,MATCH("Profesor de M en 10-4"&"|"&$A4&"|"&B$3,'Casillas del horario'!$S$4:$S$73,0))),"")) | C4: =IF(COUNTIF('Casillas del horario'!$S$4:$S$73,"Profesor de M en 10-4"&"|"&$A4&"|"&C$3)>1,IFERROR(IF(INDEX('Casillas del horario'!$A$4:$A$73,MATCH("Profesor de M en 10-4"&"|"&$A4&"|"&C$3,'Casillas del horario'!$S$4:$S$73,0))="","",INDEX('Casillas del horario'!$A$4:$A$73,MATCH("Profesor de M en 10-4"&"|"&$A4&"|"&C$3,'Casillas del horario'!$S$4:$S$73,0))),"")&" (+"&(COUNTIF('Casillas del horario'!$S$4:$S$73,"Profesor de M en 10-4"&"|"&$A4&"|"&C$3)-1)&")",IFERROR(IF(INDEX('Casillas del horario'!$A$4:$A$73,MATCH("Profesor de M en 10-4"&"|"&$A4&"|"&C$3,'Casillas del horario'!$S$4:$S$73,0))="","",INDEX('Casillas del horario'!$A$4:$A$73,MATCH("Profesor de M en 10-4"&"|"&$A4&"|"&C$3,'Casillas del horario'!$S$4:$S$73,0))),"")) | D4: =IF(COUNTIF('Casillas del horario'!$S$4:$S$73,"Profesor de M en 10-4"&"|"&$A4&"|"&D$3)>1,IFERROR(IF(INDEX('Casillas del horario'!$A$4:$A$73,MATCH("Profesor de M en 10-4"&"|"&$A4&"|"&D$3,'Casillas del horario'!$S$4:$S$73,0))="","",INDEX('Casillas del horario'!$A$4:$A$73,MATCH("Profesor de M en 10-4"&"|"&$A4&"|"&D$3,'Casillas del horario'!$S$4:$S$73,0))),"")&" (+"&(COUNTIF('Casillas del horario'!$S$4:$S$73,"Profesor de M en 10-4"&"|"&$A4&"|"&D$3)-1)&")",IFERROR(IF(INDEX('Casillas del horario'!$A$4:$A$73,MATCH("Profesor de M en 10-4"&"|"&$A4&"|"&D$3,'Casillas del horario'!$S$4:$S$73,0))="","",INDEX('Casillas del horario'!$A$4:$A$73,MATCH("Profesor de M en 10-4"&"|"&$A4&"|"&D$3,'Casillas del horario'!$S$4:$S$73,0))),"")) | E4: =IF(COUNTIF('Casillas del horario'!$S$4:$S$73,"Profesor de M en 10-4"&"|"&$A4&"|"&E$3)>1,IFERROR(IF(INDEX('Casillas del horario'!$A$4:$A$73,MATCH("Profesor de M en 10-4"&"|"&$A4&"|"&E$3,'Casillas del horario'!$S$4:$S$73,0))="","",INDEX('Casillas del horario'!$A$4:$A$73,MATCH("Profesor de M en 10-4"&"|"&$A4&"|"&E$3,'Casillas del horario'!$S$4:$S$73,0))),"")&" (+"&(COUNTIF('Casillas del horario'!$S$4:$S$73,"Profesor de M en 10-4"&"|"&$A4&"|"&E$3)-1)&")",IFERROR(IF(INDEX('Casillas del horario'!$A$4:$A$73,MATCH("Profesor de M en 10-4"&"|"&$A4&"|"&E$3,'Casillas del horario'!$S$4:$S$73,0))="","",INDEX('Casillas del horario'!$A$4:$A$73,MATCH("Profesor de M en 10-4"&"|"&$A4&"|"&E$3,'Casillas del horario'!$S$4:$S$73,0))),""))
A5: 2 | B5: =IF(COUNTIF('Casillas del horario'!$S$4:$S$73,"Profesor de M en 10-4"&"|"&$A5&"|"&B$3)>1,IFERROR(IF(INDEX('Casillas del horario'!$A$4:$A$73,MATCH("Profesor de M en 10-4"&"|"&$A5&"|"&B$3,'Casillas del horario'!$S$4:$S$73,0))="","",INDEX('Casillas del horario'!$A$4:$A$73,MATCH("Profesor de M en 10-4"&"|"&$A5&"|"&B$3,'Casillas del horario'!$S$4:$S$73,0))),"")&" (+"&(COUNTIF('Casillas del horario'!$S$4:$S$73,"Profesor de M en 10-4"&"|"&$A5&"|"&B$3)-1)&")",IFERROR(IF(INDEX('Casillas del horario'!$A$4:$A$73,MATCH("Profesor de M en 10-4"&"|"&$A5&"|"&B$3,'Casillas del horario'!$S$4:$S$73,0))="","",INDEX('Casillas del horario'!$A$4:$A$73,MATCH("Profesor de M en 10-4"&"|"&$A5&"|"&B$3,'Casillas del horario'!$S$4:$S$73,0))),"")) | C5: =IF(COUNTIF('Casillas del horario'!$S$4:$S$73,"Profesor de M en 10-4"&"|"&$A5&"|"&C$3)>1,IFERROR(IF(INDEX('Casillas del horario'!$A$4:$A$73,MATCH("Profesor de M en 10-4"&"|"&$A5&"|"&C$3,'Casillas del horario'!$S$4:$S$73,0))="","",INDEX('Casillas del horario'!$A$4:$A$73,MATCH("Profesor de M en 10-4"&"|"&$A5&"|"&C$3,'Casillas del horario'!$S$4:$S$73,0))),"")&" (+"&(COUNTIF('Casillas del horario'!$S$4:$S$73,"Profesor de M en 10-4"&"|"&$A5&"|"&C$3)-1)&")",IFERROR(IF(INDEX('Casillas del horario'!$A$4:$A$73,MATCH("Profesor de M en 10-4"&"|"&$A5&"|"&C$3,'Casillas del horario'!$S$4:$S$73,0))="","",INDEX('Casillas del horario'!$A$4:$A$73,MATCH("Profesor de M en 10-4"&"|"&$A5&"|"&C$3,'Casillas del horario'!$S$4:$S$73,0))),"")) | D5: =IF(COUNTIF('Casillas del horario'!$S$4:$S$73,"Profesor de M en 10-4"&"|"&$A5&"|"&D$3)>1,IFERROR(IF(INDEX('Casillas del horario'!$A$4:$A$73,MATCH("Profesor de M en 10-4"&"|"&$A5&"|"&D$3,'Casillas del horario'!$S$4:$S$73,0))="","",INDEX('Casillas del horario'!$A$4:$A$73,MATCH("Profesor de M en 10-4"&"|"&$A5&"|"&D$3,'Casillas del horario'!$S$4:$S$73,0))),"")&" (+"&(COUNTIF('Casillas del horario'!$S$4:$S$73,"Profesor de M en 10-4"&"|"&$A5&"|"&D$3)-1)&")",IFERROR(IF(INDEX('Casillas del horario'!$A$4:$A$73,MATCH("Profesor de M en 10-4"&"|"&$A5&"|"&D$3,'Casillas del horario'!$S$4:$S$73,0))="","",INDEX('Casillas del horario'!$A$4:$A$73,MATCH("Profesor de M en 10-4"&"|"&$A5&"|"&D$3,'Casillas del horario'!$S$4:$S$73,0))),"")) | E5: =IF(COUNTIF('Casillas del horario'!$S$4:$S$73,"Profesor de M en 10-4"&"|"&$A5&"|"&E$3)>1,IFERROR(IF(INDEX('Casillas del horario'!$A$4:$A$73,MATCH("Profesor de M en 10-4"&"|"&$A5&"|"&E$3,'Casillas del horario'!$S$4:$S$73,0))="","",INDEX('Casillas del horario'!$A$4:$A$73,MATCH("Profesor de M en 10-4"&"|"&$A5&"|"&E$3,'Casillas del horario'!$S$4:$S$73,0))),"")&" (+"&(COUNTIF('Casillas del horario'!$S$4:$S$73,"Profesor de M en 10-4"&"|"&$A5&"|"&E$3)-1)&")",IFERROR(IF(INDEX('Casillas del horario'!$A$4:$A$73,MATCH("Profesor de M en 10-4"&"|"&$A5&"|"&E$3,'Casillas del horario'!$S$4:$S$73,0))="","",INDEX('Casillas del horario'!$A$4:$A$73,MATCH("Profesor de M en 10-4"&"|"&$A5&"|"&E$3,'Casillas del horario'!$S$4:$S$73,0))),""))
A6: 3 | B6: =IF(COUNTIF('Casillas del horario'!$S$4:$S$73,"Profesor de M en 10-4"&"|"&$A6&"|"&B$3)>1,IFERROR(IF(INDEX('Casillas del horario'!$A$4:$A$73,MATCH("Profesor de M en 10-4"&"|"&$A6&"|"&B$3,'Casillas del horario'!$S$4:$S$73,0))="","",INDEX('Casillas del horario'!$A$4:$A$73,MATCH("Profesor de M en 10-4"&"|"&$A6&"|"&B$3,'Casillas del horario'!$S$4:$S$73,0))),"")&" (+"&(COUNTIF('Casillas del horario'!$S$4:$S$73,"Profesor de M en 10-4"&"|"&$A6&"|"&B$3)-1)&")",IFERROR(IF(INDEX('Casillas del horario'!$A$4:$A$73,MATCH("Profesor de M en 10-4"&"|"&$A6&"|"&B$3,'Casillas del horario'!$S$4:$S$73,0))="","",INDEX('Casillas del horario'!$A$4:$A$73,MATCH("Profesor de M en 10-4"&"|"&$A6&"|"&B$3,'Casillas del horario'!$S$4:$S$73,0))),"")) | C6: =IF(COUNTIF('Casillas del horario'!$S$4:$S$73,"Profesor de M en 10-4"&"|"&$A6&"|"&C$3)>1,IFERROR(IF(INDEX('Casillas del horario'!$A$4:$A$73,MATCH("Profesor de M en 10-4"&"|"&$A6&"|"&C$3,'Casillas del horario'!$S$4:$S$73,0))="","",INDEX('Casillas del horario'!$A$4:$A$73,MATCH("Profesor de M en 10-4"&"|"&$A6&"|"&C$3,'Casillas del horario'!$S$4:$S$73,0))),"")&" (+"&(COUNTIF('Casillas del horario'!$S$4:$S$73,"Profesor de M en 10-4"&"|"&$A6&"|"&C$3)-1)&")",IFERROR(IF(INDEX('Casillas del horario'!$A$4:$A$73,MATCH("Profesor de M en 10-4"&"|"&$A6&"|"&C$3,'Casillas del horario'!$S$4:$S$73,0))="","",INDEX('Casillas del horario'!$A$4:$A$73,MATCH("Profesor de M en 10-4"&"|"&$A6&"|"&C$3,'Casillas del horario'!$S$4:$S$73,0))),"")) | D6: =IF(COUNTIF('Casillas del horario'!$S$4:$S$73,"Profesor de M en 10-4"&"|"&$A6&"|"&D$3)>1,IFERROR(IF(INDEX('Casillas del horario'!$A$4:$A$73,MATCH("Profesor de M en 10-4"&"|"&$A6&"|"&D$3,'Casillas del horario'!$S$4:$S$73,0))="","",INDEX('Casillas del horario'!$A$4:$A$73,MATCH("Profesor de M en 10-4"&"|"&$A6&"|"&D$3,'Casillas del horario'!$S$4:$S$73,0))),"")&" (+"&(COUNTIF('Casillas del horario'!$S$4:$S$73,"Profesor de M en 10-4"&"|"&$A6&"|"&D$3)-1)&")",IFERROR(IF(INDEX('Casillas del horario'!$A$4:$A$73,MATCH("Profesor de M en 10-4"&"|"&$A6&"|"&D$3,'Casillas del horario'!$S$4:$S$73,0))="","",INDEX('Casillas del horario'!$A$4:$A$73,MATCH("Profesor de M en 10-4"&"|"&$A6&"|"&D$3,'Casillas del horario'!$S$4:$S$73,0))),"")) | E6: =IF(COUNTIF('Casillas del horario'!$S$4:$S$73,"Profesor de M en 10-4"&"|"&$A6&"|"&E$3)>1,IFERROR(IF(INDEX('Casillas del horario'!$A$4:$A$73,MATCH("Profesor de M en 10-4"&"|"&$A6&"|"&E$3,'Casillas del horario'!$S$4:$S$73,0))="","",INDEX('Casillas del horario'!$A$4:$A$73,MATCH("Profesor de M en 10-4"&"|"&$A6&"|"&E$3,'Casillas del horario'!$S$4:$S$73,0))),"")&" (+"&(COUNTIF('Casillas del horario'!$S$4:$S$73,"Profesor de M en 10-4"&"|"&$A6&"|"&E$3)-1)&")",IFERROR(IF(INDEX('Casillas del horario'!$A$4:$A$73,MATCH("Profesor de M en 10-4"&"|"&$A6&"|"&E$3,'Casillas del horario'!$S$4:$S$73,0))="","",INDEX('Casillas del horario'!$A$4:$A$73,MATCH("Profesor de M en 10-4"&"|"&$A6&"|"&E$3,'Casillas del horario'!$S$4:$S$73,0))),""))
A7: 6 | B7: =IF(COUNTIF('Casillas del horario'!$S$4:$S$73,"Profesor de M en 10-4"&"|"&$A7&"|"&B$3)>1,IFERROR(IF(INDEX('Casillas del horario'!$A$4:$A$73,MATCH("Profesor de M en 10-4"&"|"&$A7&"|"&B$3,'Casillas del horario'!$S$4:$S$73,0))="","",INDEX('Casillas del horario'!$A$4:$A$73,MATCH("Profesor de M en 10-4"&"|"&$A7&"|"&B$3,'Casillas del horario'!$S$4:$S$73,0))),"")&" (+"&(COUNTIF('Casillas del horario'!$S$4:$S$73,"Profesor de M en 10-4"&"|"&$A7&"|"&B$3)-1)&")",IFERROR(IF(INDEX('Casillas del horario'!$A$4:$A$73,MATCH("Profesor de M en 10-4"&"|"&$A7&"|"&B$3,'Casillas del horario'!$S$4:$S$73,0))="","",INDEX('Casillas del horario'!$A$4:$A$73,MATCH("Profesor de M en 10-4"&"|"&$A7&"|"&B$3,'Casillas del horario'!$S$4:$S$73,0))),"")) | C7: =IF(COUNTIF('Casillas del horario'!$S$4:$S$73,"Profesor de M en 10-4"&"|"&$A7&"|"&C$3)>1,IFERROR(IF(INDEX('Casillas del horario'!$A$4:$A$73,MATCH("Profesor de M en 10-4"&"|"&$A7&"|"&C$3,'Casillas del horario'!$S$4:$S$73,0))="","",INDEX('Casillas del horario'!$A$4:$A$73,MATCH("Profesor de M en 10-4"&"|"&$A7&"|"&C$3,'Casillas del horario'!$S$4:$S$73,0))),"")&" (+"&(COUNTIF('Casillas del horario'!$S$4:$S$73,"Profesor de M en 10-4"&"|"&$A7&"|"&C$3)-1)&")",IFERROR(IF(INDEX('Casillas del horario'!$A$4:$A$73,MATCH("Profesor de M en 10-4"&"|"&$A7&"|"&C$3,'Casillas del horario'!$S$4:$S$73,0))="","",INDEX('Casillas del horario'!$A$4:$A$73,MATCH("Profesor de M en 10-4"&"|"&$A7&"|"&C$3,'Casillas del horario'!$S$4:$S$73,0))),"")) | D7: =IF(COUNTIF('Casillas del horario'!$S$4:$S$73,"Profesor de M en 10-4"&"|"&$A7&"|"&D$3)>1,IFERROR(IF(INDEX('Casillas del horario'!$A$4:$A$73,MATCH("Profesor de M en 10-4"&"|"&$A7&"|"&D$3,'Casillas del horario'!$S$4:$S$73,0))="","",INDEX('Casillas del horario'!$A$4:$A$73,MATCH("Profesor de M en 10-4"&"|"&$A7&"|"&D$3,'Casillas del horario'!$S$4:$S$73,0))),"")&" (+"&(COUNTIF('Casillas del horario'!$S$4:$S$73,"Profesor de M en 10-4"&"|"&$A7&"|"&D$3)-1)&")",IFERROR(IF(INDEX('Casillas del horario'!$A$4:$A$73,MATCH("Profesor de M en 10-4"&"|"&$A7&"|"&D$3,'Casillas del horario'!$S$4:$S$73,0))="","",INDEX('Casillas del horario'!$A$4:$A$73,MATCH("Profesor de M en 10-4"&"|"&$A7&"|"&D$3,'Casillas del horario'!$S$4:$S$73,0))),"")) | E7: =IF(COUNTIF('Casillas del horario'!$S$4:$S$73,"Profesor de M en 10-4"&"|"&$A7&"|"&E$3)>1,IFERROR(IF(INDEX('Casillas del horario'!$A$4:$A$73,MATCH("Profesor de M en 10-4"&"|"&$A7&"|"&E$3,'Casillas del horario'!$S$4:$S$73,0))="","",INDEX('Casillas del horario'!$A$4:$A$73,MATCH("Profesor de M en 10-4"&"|"&$A7&"|"&E$3,'Casillas del horario'!$S$4:$S$73,0))),"")&" (+"&(COUNTIF('Casillas del horario'!$S$4:$S$73,"Profesor de M en 10-4"&"|"&$A7&"|"&E$3)-1)&")",IFERROR(IF(INDEX('Casillas del horario'!$A$4:$A$73,MATCH("Profesor de M en 10-4"&"|"&$A7&"|"&E$3,'Casillas del horario'!$S$4:$S$73,0))="","",INDEX('Casillas del horario'!$A$4:$A$73,MATCH("Profesor de M en 10-4"&"|"&$A7&"|"&E$3,'Casillas del horario'!$S$4:$S$73,0))),""))

Sheet Profesor de Lit-L en 10-4
A1: Profesor de Lit-L en 10-4
A3: Turno | B3: M | C3: V | D3: J
A4: 1 | B4: =IF(COUNTIF('Casillas del horario'!$S$4:$S$73,"Profesor de Lit-L en 10-4"&"|"&$A4&"|"&B$3)>1,IFERROR(IF(INDEX('Casillas del horario'!$A$4:$A$73,MATCH("Profesor de Lit-L en 10-4"&"|"&$A4&"|"&B$3,'Casillas del horario'!$S$4:$S$73,0))="","",INDEX('Casillas del horario'!$A$4:$A$73,MATCH("Profesor de Lit-L en 10-4"&"|"&$A4&"|"&B$3,'Casillas del horario'!$S$4:$S$73,0))),"")&" (+"&(COUNTIF('Casillas del horario'!$S$4:$S$73,"Profesor de Lit-L en 10-4"&"|"&$A4&"|"&B$3)-1)&")",IFERROR(IF(INDEX('Casillas del horario'!$A$4:$A$73,MATCH("Profesor de Lit-L en 10-4"&"|"&$A4&"|"&B$3,'Casillas del horario'!$S$4:$S$73,0))="","",INDEX('Casillas del horario'!$A$4:$A$73,MATCH("Profesor de Lit-L en 10-4"&"|"&$A4&"|"&B$3,'Casillas del horario'!$S$4:$S$73,0))),"")) | C4: =IF(COUNTIF('Casillas del horario'!$S$4:$S$73,"Profesor de Lit-L en 10-4"&"|"&$A4&"|"&C$3)>1,IFERROR(IF(INDEX('Casillas del horario'!$A$4:$A$73,MATCH("Profesor de Lit-L en 10-4"&"|"&$A4&"|"&C$3,'Casillas del horario'!$S$4:$S$73,0))="","",INDEX('Casillas del horario'!$A$4:$A$73,MATCH("Profesor de Lit-L en 10-4"&"|"&$A4&"|"&C$3,'Casillas del horario'!$S$4:$S$73,0))),"")&" (+"&(COUNTIF('Casillas del horario'!$S$4:$S$73,"Profesor de Lit-L en 10-4"&"|"&$A4&"|"&C$3)-1)&")",IFERROR(IF(INDEX('Casillas del horario'!$A$4:$A$73,MATCH("Profesor de Lit-L en 10-4"&"|"&$A4&"|"&C$3,'Casillas del horario'!$S$4:$S$73,0))="","",INDEX('Casillas del horario'!$A$4:$A$73,MATCH("Profesor de Lit-L en 10-4"&"|"&$A4&"|"&C$3,'Casillas del horario'!$S$4:$S$73,0))),"")) | D4: =IF(COUNTIF('Casillas del horario'!$S$4:$S$73,"Profesor de Lit-L en 10-4"&"|"&$A4&"|"&D$3)>1,IFERROR(IF(INDEX('Casillas del horario'!$A$4:$A$73,MATCH("Profesor de Lit-L en 10-4"&"|"&$A4&"|"&D$3,'Casillas del horario'!$S$4:$S$73,0))="","",INDEX('Casillas del horario'!$A$4:$A$73,MATCH("Profesor de Lit-L en 10-4"&"|"&$A4&"|"&D$3,'Casillas del horario'!$S$4:$S$73,0))),"")&" (+"&(COUNTIF('Casillas del horario'!$S$4:$S$73,"Profesor de Lit-L en 10-4"&"|"&$A4&"|"&D$3)-1)&")",IFERROR(IF(INDEX('Casillas del horario'!$A$4:$A$73,MATCH("Profesor de Lit-L en 10-4"&"|"&$A4&"|"&D$3,'Casillas del horario'!$S$4:$S$73,0))="","",INDEX('Casillas del horario'!$A$4:$A$73,MATCH("Profesor de Lit-L en 10-4"&"|"&$A4&"|"&D$3,'Casillas del horario'!$S$4:$S$73,0))),""))
A5: 2 | B5: =IF(COUNTIF('Casillas del horario'!$S$4:$S$73,"Profesor de Lit-L en 10-4"&"|"&$A5&"|"&B$3)>1,IFERROR(IF(INDEX('Casillas del horario'!$A$4:$A$73,MATCH("Profesor de Lit-L en 10-4"&"|"&$A5&"|"&B$3,'Casillas del horario'!$S$4:$S$73,0))="","",INDEX('Casillas del horario'!$A$4:$A$73,MATCH("Profesor de Lit-L en 10-4"&"|"&$A5&"|"&B$3,'Casillas del horario'!$S$4:$S$73,0))),"")&" (+"&(COUNTIF('Casillas del horario'!$S$4:$S$73,"Profesor de Lit-L en 10-4"&"|"&$A5&"|"&B$3)-1)&")",IFERROR(IF(INDEX('Casillas del horario'!$A$4:$A$73,MATCH("Profesor de Lit-L en 10-4"&"|"&$A5&"|"&B$3,'Casillas del horario'!$S$4:$S$73,0))="","",INDEX('Casillas del horario'!$A$4:$A$73,MATCH("Profesor de Lit-L en 10-4"&"|"&$A5&"|"&B$3,'Casillas del horario'!$S$4:$S$73,0))),"")) | C5: =IF(COUNTIF('Casillas del horario'!$S$4:$S$73,"Profesor de Lit-L en 10-4"&"|"&$A5&"|"&C$3)>1,IFERROR(IF(INDEX('Casillas del horario'!$A$4:$A$73,MATCH("Profesor de Lit-L en 10-4"&"|"&$A5&"|"&C$3,'Casillas del horario'!$S$4:$S$73,0))="","",INDEX('Casillas del horario'!$A$4:$A$73,MATCH("Profesor de Lit-L en 10-4"&"|"&$A5&"|"&C$3,'Casillas del horario'!$S$4:$S$73,0))),"")&" (+"&(COUNTIF('Casillas del horario'!$S$4:$S$73,"Profesor de Lit-L en 10-4"&"|"&$A5&"|"&C$3)-1)&")",IFERROR(IF(INDEX('Casillas del horario'!$A$4:$A$73,MATCH("Profesor de Lit-L en 10-4"&"|"&$A5&"|"&C$3,'Casillas del horario'!$S$4:$S$73,0))="","",INDEX('Casillas del horario'!$A$4:$A$73,MATCH("Profesor de Lit-L en 10-4"&"|"&$A5&"|"&C$3,'Casillas del horario'!$S$4:$S$73,0))),"")) | D5: =IF(COUNTIF('Casillas del horario'!$S$4:$S$73,"Profesor de Lit-L en 10-4"&"|"&$A5&"|"&D$3)>1,IFERROR(IF(INDEX('Casillas del horario'!$A$4:$A$73,MATCH("Profesor de Lit-L en 10-4"&"|"&$A5&"|"&D$3,'Casillas del horario'!$S$4:$S$73,0))="","",INDEX('Casillas del horario'!$A$4:$A$73,MATCH("Profesor de Lit-L en 10-4"&"|"&$A5&"|"&D$3,'Casillas del horario'!$S$4:$S$73,0))),"")&" (+"&(COUNTIF('Casillas del horario'!$S$4:$S$73,"Profesor de Lit-L en 10-4"&"|"&$A5&"|"&D$3)-1)&")",IFERROR(IF(INDEX('Casillas del horario'!$A$4:$A$73,MATCH("Profesor de Lit-L en 10-4"&"|"&$A5&"|"&D$3,'Casillas del horario'!$S$4:$S$73,0))="","",INDEX('Casillas del horario'!$A$4:$A$73,MATCH("Profesor de Lit-L en 10-4"&"|"&$A5&"|"&D$3,'Casillas del horario'!$S$4:$S$73,0))),""))
A6: 6 | B6: =IF(COUNTIF('Casillas del horario'!$S$4:$S$73,"Profesor de Lit-L en 10-4"&"|"&$A6&"|"&B$3)>1,IFERROR(IF(INDEX('Casillas del horario'!$A$4:$A$73,MATCH("Profesor de Lit-L en 10-4"&"|"&$A6&"|"&B$3,'Casillas del horario'!$S$4:$S$73,0))="","",INDEX('Casillas del horario'!$A$4:$A$73,MATCH("Profesor de Lit-L en 10-4"&"|"&$A6&"|"&B$3,'Casillas del horario'!$S$4:$S$73,0))),"")&" (+"&(COUNTIF('Casillas del horario'!$S$4:$S$73,"Profesor de Lit-L en 10-4"&"|"&$A6&"|"&B$3)-1)&")",IFERROR(IF(INDEX('Casillas del horario'!$A$4:$A$73,MATCH("Profesor de Lit-L en 10-4"&"|"&$A6&"|"&B$3,'Casillas del horario'!$S$4:$S$73,0))="","",INDEX('Casillas del horario'!$A$4:$A$73,MATCH("Profesor de Lit-L en 10-4"&"|"&$A6&"|"&B$3,'Casillas del horario'!$S$4:$S$73,0))),"")) | C6: =IF(COUNTIF('Casillas del horario'!$S$4:$S$73,"Profesor de Lit-L en 10-4"&"|"&$A6&"|"&C$3)>1,IFERROR(IF(INDEX('Casillas del horario'!$A$4:$A$73,MATCH("Profesor de Lit-L en 10-4"&"|"&$A6&"|"&C$3,'Casillas del horario'!$S$4:$S$73,0))="","",INDEX('Casillas del horario'!$A$4:$A$73,MATCH("Profesor de Lit-L en 10-4"&"|"&$A6&"|"&C$3,'Casillas del horario'!$S$4:$S$73,0))),"")&" (+"&(COUNTIF('Casillas del horario'!$S$4:$S$73,"Profesor de Lit-L en 10-4"&"|"&$A6&"|"&C$3)-1)&")",IFERROR(IF(INDEX('Casillas del horario'!$A$4:$A$73,MATCH("Profesor de Lit-L en 10-4"&"|"&$A6&"|"&C$3,'Casillas del horario'!$S$4:$S$73,0))="","",INDEX('Casillas del horario'!$A$4:$A$73,MATCH("Profesor de Lit-L en 10-4"&"|"&$A6&"|"&C$3,'Casillas del horario'!$S$4:$S$73,0))),"")) | D6: =IF(COUNTIF('Casillas del horario'!$S$4:$S$73,"Profesor de Lit-L en 10-4"&"|"&$A6&"|"&D$3)>1,IFERROR(IF(INDEX('Casillas del horario'!$A$4:$A$73,MATCH("Profesor de Lit-L en 10-4"&"|"&$A6&"|"&D$3,'Casillas del horario'!$S$4:$S$73,0))="","",INDEX('Casillas del horario'!$A$4:$A$73,MATCH("Profesor de Lit-L en 10-4"&"|"&$A6&"|"&D$3,'Casillas del horario'!$S$4:$S$73,0))),"")&" (+"&(COUNTIF('Casillas del horario'!$S$4:$S$73,"Profesor de Lit-L en 10-4"&"|"&$A6&"|"&D$3)-1)&")",IFERROR(IF(INDEX('Casillas del horario'!$A$4:$A$73,MATCH("Profesor de Lit-L en 10-4"&"|"&$A6&"|"&D$3,'Casillas del horario'!$S$4:$S$73,0))="","",INDEX('Casillas del horario'!$A$4:$A$73,MATCH("Profesor de Lit-L en 10-4"&"|"&$A6&"|"&D$3,'Casillas del horario'!$S$4:$S$73,0))),""))

Sheet Profesor de CP en 10-4
A1: Profesor de CP en 10-4
A3: Turno | B3: MI
A4: 1 | B4: =IF(COUNTIF('Casillas del horario'!$S$4:$S$73,"Profesor de CP en 10-4"&"|"&$A4&"|"&B$3)>1,IFERROR(IF(INDEX('Casillas del horario'!$A$4:$A$73,MATCH("Profesor de CP en 10-4"&"|"&$A4&"|"&B$3,'Casillas del horario'!$S$4:$S$73,0))="","",INDEX('Casillas del horario'!$A$4:$A$73,MATCH("Profesor de CP en 10-4"&"|"&$A4&"|"&B$3,'Casillas del horario'!$S$4:$S$73,0))),"")&" (+"&(COUNTIF('Casillas del horario'!$S$4:$S$73,"Profesor de CP en 10-4"&"|"&$A4&"|"&B$3)-1)&")",IFERROR(IF(INDEX('Casillas del horario'!$A$4:$A$73,MATCH("Profesor de CP en 10-4"&"|"&$A4&"|"&B$3,'Casillas del horario'!$S$4:$S$73,0))="","",INDEX('Casillas del horario'!$A$4:$A$73,MATCH("Profesor de CP en 10-4"&"|"&$A4&"|"&B$3,'Casillas del horario'!$S$4:$S$73,0))),""))

Sheet Horario - Profesor de F en 10-4
A1: Horario - Profesor de F en 10-4
A3: Turno | B3: J | C3: V | D3: MI
A4: 1 | B4: =IF(COUNTIF('Casillas del horario'!$S$4:$S$73,"Profesor de F en 10-4"&"|"&$A4&"|"&B$3)>1,IFERROR(IF(INDEX('Casillas del horario'!$A$4:$A$73,MATCH("Profesor de F en 10-4"&"|"&$A4&"|"&B$3,'Casillas del horario'!$S$4:$S$73,0))="","",INDEX('Casillas del horario'!$A$4:$A$73,MATCH("Profesor de F en 10-4"&"|"&$A4&"|"&B$3,'Casillas del horario'!$S$4:$S$73,0))),"")&" (+"&(COUNTIF('Casillas del horario'!$S$4:$S$73,"Profesor de F en 10-4"&"|"&$A4&"|"&B$3)-1)&")",IFERROR(IF(INDEX('Casillas del horario'!$A$4:$A$73,MATCH("Profesor de F en 10-4"&"|"&$A4&"|"&B$3,'Casillas del horario'!$S$4:$S$73,0))="","",INDEX('Casillas del horario'!$A$4:$A$73,MATCH("Profesor de F en 10-4"&"|"&$A4&"|"&B$3,'Casillas del horario'!$S$4:$S$73,0))),"")) | C4: =IF(COUNTIF('Casillas del horario'!$S$4:$S$73,"Profesor de F en 10-4"&"|"&$A4&"|"&C$3)>1,IFERROR(IF(INDEX('Casillas del horario'!$A$4:$A$73,MATCH("Profesor de F en 10-4"&"|"&$A4&"|"&C$3,'Casillas del horario'!$S$4:$S$73,0))="","",INDEX('Casillas del horario'!$A$4:$A$73,MATCH("Profesor de F en 10-4"&"|"&$A4&"|"&C$3,'Casillas del horario'!$S$4:$S$73,0))),"")&" (+"&(COUNTIF('Casillas del horario'!$S$4:$S$73,"Profesor de F en 10-4"&"|"&$A4&"|"&C$3)-1)&")",IFERROR(IF(INDEX('Casillas del horario'!$A$4:$A$73,MATCH("Profesor de F en 10-4"&"|"&$A4&"|"&C$3,'Casillas del horario'!$S$4:$S$73,0))="","",INDEX('Casillas del horario'!$A$4:$A$73,MATCH("Profesor de F en 10-4"&"|"&$A4&"|"&C$3,'Casillas del horario'!$S$4:$S$73,0))),"")) | D4: =IF(COUNTIF('Casillas del horario'!$S$4:$S$73,"Profesor de F en 10-4"&"|"&$A4&"|"&D$3)>1,IFERROR(IF(INDEX('Casillas del horario'!$A$4:$A$73,MATCH("Profesor de F en 10-4"&"|"&$A4&"|"&D$3,'Casillas del horario'!$S$4:$S$73,0))="","",INDEX('Casillas del horario'!$A$4:$A$73,MATCH("Profesor de F en 10-4"&"|"&$A4&"|"&D$3,'Casillas del horario'!$S$4:$S$73,0))),"")&" (+"&(COUNTIF('Casillas del horario'!$S$4:$S$73,"Profesor de F en 10-4"&"|"&$A4&"|"&D$3)-1)&")",IFERROR(IF(INDEX('Casillas del horario'!$A$4:$A$73,MATCH("Profesor de F en 10-4"&"|"&$A4&"|"&D$3,'Casillas del horario'!$S$4:$S$73,0))="","",INDEX('Casillas del horario'!$A$4:$A$73,MATCH("Profesor de F en 10-4"&"|"&$A4&"|"&D$3,'Casillas del horario'!$S$4:$S$73,0))),""))
A5: 3 | B5: =IF(COUNTIF('Casillas del horario'!$S$4:$S$73,"Profesor de F en 10-4"&"|"&$A5&"|"&B$3)>1,IFERROR(IF(INDEX('Casillas del horario'!$A$4:$A$73,MATCH("Profesor de F en 10-4"&"|"&$A5&"|"&B$3,'Casillas del horario'!$S$4:$S$73,0))="","",INDEX('Casillas del horario'!$A$4:$A$73,MATCH("Profesor de F en 10-4"&"|"&$A5&"|"&B$3,'Casillas del horario'!$S$4:$S$73,0))),"")&" (+"&(COUNTIF('Casillas del horario'!$S$4:$S$73,"Profesor de F en 10-4"&"|"&$A5&"|"&B$3)-1)&")",IFERROR(IF(INDEX('Casillas del horario'!$A$4:$A$73,MATCH("Profesor de F en 10-4"&"|"&$A5&"|"&B$3,'Casillas del horario'!$S$4:$S$73,0))="","",INDEX('Casillas del horario'!$A$4:$A$73,MATCH("Profesor de F en 10-4"&"|"&$A5&"|"&B$3,'Casillas del horario'!$S$4:$S$73,0))),"")) | C5: =IF(COUNTIF('Casillas del horario'!$S$4:$S$73,"Profesor de F en 10-4"&"|"&$A5&"|"&C$3)>1,IFERROR(IF(INDEX('Casillas del horario'!$A$4:$A$73,MATCH("Profesor de F en 10-4"&"|"&$A5&"|"&C$3,'Casillas del horario'!$S$4:$S$73,0))="","",INDEX('Casillas del horario'!$A$4:$A$73,MATCH("Profesor de F en 10-4"&"|"&$A5&"|"&C$3,'Casillas del horario'!$S$4:$S$73,0))),"")&" (+"&(COUNTIF('Casillas del horario'!$S$4:$S$73,"Profesor de F en 10-4"&"|"&$A5&"|"&C$3)-1)&")",IFERROR(IF(INDEX('Casillas del horario'!$A$4:$A$73,MATCH("Profesor de F en 10-4"&"|"&$A5&"|"&C$3,'Casillas del horario'!$S$4:$S$73,0))="","",INDEX('Casillas del horario'!$A$4:$A$73,MATCH("Profesor de F en 10-4"&"|"&$A5&"|"&C$3,'Casillas del horario'!$S$4:$S$73,0))),"")) | D5: =IF(COUNTIF('Casillas del horario'!$S$4:$S$73,"Profesor de F en 10-4"&"|"&$A5&"|"&D$3)>1,IFERROR(IF(INDEX('Casillas del horario'!$A$4:$A$73,MATCH("Profesor de F en 10-4"&"|"&$A5&"|"&D$3,'Casillas del horario'!$S$4:$S$73,0))="","",INDEX('Casillas del horario'!$A$4:$A$73,MATCH("Profesor de F en 10-4"&"|"&$A5&"|"&D$3,'Casillas del horario'!$S$4:$S$73,0))),"")&" (+"&(COUNTIF('Casillas del horario'!$S$4:$S$73,"Profesor de F en 10-4"&"|"&$A5&"|"&D$3)-1)&")",IFERROR(IF(INDEX('Casillas del horario'!$A$4:$A$73,MATCH("Profesor de F en 10-4"&"|"&$A5&"|"&D$3,'Casillas del horario'!$S$4:$S$73,0))="","",INDEX('Casillas del horario'!$A$4:$A$73,MATCH("Profesor de F en 10-4"&"|"&$A5&"|"&D$3,'Casillas del horario'!$S$4:$S$73,0))),""))
A6: 5 | B6: =IF(COUNTIF('Casillas del horario'!$S$4:$S$73,"Profesor de F en 10-4"&"|"&$A6&"|"&B$3)>1,IFERROR(IF(INDEX('Casillas del horario'!$A$4:$A$73,MATCH("Profesor de F en 10-4"&"|"&$A6&"|"&B$3,'Casillas del horario'!$S$4:$S$73,0))="","",INDEX('Casillas del horario'!$A$4:$A$73,MATCH("Profesor de F en 10-4"&"|"&$A6&"|"&B$3,'Casillas del horario'!$S$4:$S$73,0))),"")&" (+"&(COUNTIF('Casillas del horario'!$S$4:$S$73,"Profesor de F en 10-4"&"|"&$A6&"|"&B$3)-1)&")",IFERROR(IF(INDEX('Casillas del horario'!$A$4:$A$73,MATCH("Profesor de F en 10-4"&"|"&$A6&"|"&B$3,'Casillas del horario'!$S$4:$S$73,0))="","",INDEX('Casillas del horario'!$A$4:$A$73,MATCH("Profesor de F en 10-4"&"|"&$A6&"|"&B$3,'Casillas del horario'!$S$4:$S$73,0))),"")) | C6: =IF(COUNTIF('Casillas del horario'!$S$4:$S$73,"Profesor de F en 10-4"&"|"&$A6&"|"&C$3)>1,IFERROR(IF(INDEX('Casillas del horario'!$A$4:$A$73,MATCH("Profesor de F en 10-4"&"|"&$A6&"|"&C$3,'Casillas del horario'!$S$4:$S$73,0))="","",INDEX('Casillas del horario'!$A$4:$A$73,MATCH("Profesor de F en 10-4"&"|"&$A6&"|"&C$3,'Casillas del horario'!$S$4:$S$73,0))),"")&" (+"&(COUNTIF('Casillas del horario'!$S$4:$S$73,"Profesor de F en 10-4"&"|"&$A6&"|"&C$3)-1)&")",IFERROR(IF(INDEX('Casillas del horario'!$A$4:$A$73,MATCH("Profesor de F en 10-4"&"|"&$A6&"|"&C$3,'Casillas del horario'!$S$4:$S$73,0))="","",INDEX('Casillas del horario'!$A$4:$A$73,MATCH("Profesor de F en 10-4"&"|"&$A6&"|"&C$3,'Casillas del horario'!$S$4:$S$73,0))),"")) | D6: =IF(COUNTIF('Casillas del horario'!$S$4:$S$73,"Profesor de F en 10-4"&"|"&$A6&"|"&D$3)>1,IFERROR(IF(INDEX('Casillas del horario'!$A$4:$A$73,MATCH("Profesor de F en 10-4"&"|"&$A6&"|"&D$3,'Casillas del horario'!$S$4:$S$73,0))="","",INDEX('Casillas del horario'!$A$4:$A$73,MATCH("Profesor de F en 10-4"&"|"&$A6&"|"&D$3,'Casillas del horario'!$S$4:$S$73,0))),"")&" (+"&(COUNTIF('Casillas del horario'!$S$4:$S$73,"Profesor de F en 10-4"&"|"&$A6&"|"&D$3)-1)&")",IFERROR(IF(INDEX('Casillas del horario'!$A$4:$A$73,MATCH("Profesor de F en 10-4"&"|"&$A6&"|"&D$3,'Casillas del horario'!$S$4:$S$73,0))="","",INDEX('Casillas del horario'!$A$4:$A$73,MATCH("Profesor de F en 10-4"&"|"&$A6&"|"&D$3,'Casillas del horario'!$S$4:$S$73,0))),""))

Sheet Horario - Profesor de I en 10-3
A1: Horario - Profesor de I en 10-3
A3: Turno | B3: L | C3: V | D3: J
A4: 2 | B4: =IF(COUNTIF('Casillas del horario'!$S$4:$S$73,"Profesor de I en 10-3"&"|"&$A4&"|"&B$3)>1,IFERROR(IF(INDEX('Casillas del horario'!$A$4:$A$73,MATCH("Profesor de I en 10-3"&"|"&$A4&"|"&B$3,'Casillas del horario'!$S$4:$S$73,0))="","",INDEX('Casillas del horario'!$A$4:$A$73,MATCH("Profesor de I en 10-3"&"|"&$A4&"|"&B$3,'Casillas del horario'!$S$4:$S$73,0))),"")&" (+"&(COUNTIF('Casillas del horario'!$S$4:$S$73,"Profesor de I en 10-3"&"|"&$A4&"|"&B$3)-1)&")",IFERROR(IF(INDEX('Casillas del horario'!$A$4:$A$73,MATCH("Profesor de I en 10-3"&"|"&$A4&"|"&B$3,'Casillas del horario'!$S$4:$S$73,0))="","",INDEX('Casillas del horario'!$A$4:$A$73,MATCH("Profesor de I en 10-3"&"|"&$A4&"|"&B$3,'Casillas del horario'!$S$4:$S$73,0))),"")) | C4: =IF(COUNTIF('Casillas del horario'!$S$4:$S$73,"Profesor de I en 10-3"&"|"&$A4&"|"&C$3)>1,IFERROR(IF(INDEX('Casillas del horario'!$A$4:$A$73,MATCH("Profesor de I en 10-3"&"|"&$A4&"|"&C$3,'Casillas del horario'!$S$4:$S$73,0))="","",INDEX('Casillas del horario'!$A$4:$A$73,MATCH("Profesor de I en 10-3"&"|"&$A4&"|"&C$3,'Casillas del horario'!$S$4:$S$73,0))),"")&" (+"&(COUNTIF('Casillas del horario'!$S$4:$S$73,"Profesor de I en 10-3"&"|"&$A4&"|"&C$3)-1)&")",IFERROR(IF(INDEX('Casillas del horario'!$A$4:$A$73,MATCH("Profesor de I en 10-3"&"|"&$A4&"|"&C$3,'Casillas del horario'!$S$4:$S$73,0))="","",INDEX('Casillas del horario'!$A$4:$A$73,MATCH("Profesor de I en 10-3"&"|"&$A4&"|"&C$3,'Casillas del horario'!$S$4:$S$73,0))),"")) | D4: =IF(COUNTIF('Casillas del horario'!$S$4:$S$73,"Profesor de I en 10-3"&"|"&$A4&"|"&D$3)>1,IFERROR(IF(INDEX('Casillas del horario'!$A$4:$A$73,MATCH("Profesor de I en 10-3"&"|"&$A4&"|"&D$3,'Casillas del horario'!$S$4:$S$73,0))="","",INDEX('Casillas del horario'!$A$4:$A$73,MATCH("Profesor de I en 10-3"&"|"&$A4&"|"&D$3,'Casillas del horario'!$S$4:$S$73,0))),"")&" (+"&(COUNTIF('Casillas del horario'!$S$4:$S$73,"Profesor de I en 10-3"&"|"&$A4&"|"&D$3)-1)&")",IFERROR(IF(INDEX('Casillas del horario'!$A$4:$A$73,MATCH("Profesor de I en 10-3"&"|"&$A4&"|"&D$3,'Casillas del horario'!$S$4:$S$73,0))="","",INDEX('Casillas del horario'!$A$4:$A$73,MATCH("Profesor de I en 10-3"&"|"&$A4&"|"&D$3,'Casillas del horario'!$S$4:$S$73,0))),""))
A5: 4 | B5: =IF(COUNTIF('Casillas del horario'!$S$4:$S$73,"Profesor de I en 10-3"&"|"&$A5&"|"&B$3)>1,IFERROR(IF(INDEX('Casillas del horario'!$A$4:$A$73,MATCH("Profesor de I en 10-3"&"|"&$A5&"|"&B$3,'Casillas del horario'!$S$4:$S$73,0))="","",INDEX('Casillas del horario'!$A$4:$A$73,MATCH("Profesor de I en 10-3"&"|"&$A5&"|"&B$3,'Casillas del horario'!$S$4:$S$73,0))),"")&" (+"&(COUNTIF('Casillas del horario'!$S$4:$S$73,"Profesor de I en 10-3"&"|"&$A5&"|"&B$3)-1)&")",IFERROR(IF(INDEX('Casillas del horario'!$A$4:$A$73,MATCH("Profesor de I en 10-3"&"|"&$A5&"|"&B$3,'Casillas del horario'!$S$4:$S$73,0))="","",INDEX('Casillas del horario'!$A$4:$A$73,MATCH("Profesor de I en 10-3"&"|"&$A5&"|"&B$3,'Casillas del horario'!$S$4:$S$73,0))),"")) | C5: =IF(COUNTIF('Casillas del horario'!$S$4:$S$73,"Profesor de I en 10-3"&"|"&$A5&"|"&C$3)>1,IFERROR(IF(INDEX('Casillas del horario'!$A$4:$A$73,MATCH("Profesor de I en 10-3"&"|"&$A5&"|"&C$3,'Casillas del horario'!$S$4:$S$73,0))="","",INDEX('Casillas del horario'!$A$4:$A$73,MATCH("Profesor de I en 10-3"&"|"&$A5&"|"&C$3,'Casillas del horario'!$S$4:$S$73,0))),"")&" (+"&(COUNTIF('Casillas del horario'!$S$4:$S$73,"Profesor de I en 10-3"&"|"&$A5&"|"&C$3)-1)&")",IFERROR(IF(INDEX('Casillas del horario'!$A$4:$A$73,MATCH("Profesor de I en 10-3"&"|"&$A5&"|"&C$3,'Casillas del horario'!$S$4:$S$73,0))="","",INDEX('Casillas del horario'!$A$4:$A$73,MATCH("Profesor de I en 10-3"&"|"&$A5&"|"&C$3,'Casillas del horario'!$S$4:$S$73,0))),"")) | D5: =IF(COUNTIF('Casillas del horario'!$S$4:$S$73,"Profesor de I en 10-3"&"|"&$A5&"|"&D$3)>1,IFERROR(IF(INDEX('Casillas del horario'!$A$4:$A$73,MATCH("Profesor de I en 10-3"&"|"&$A5&"|"&D$3,'Casillas del horario'!$S$4:$S$73,0))="","",INDEX('Casillas del horario'!$A$4:$A$73,MATCH("Profesor de I en 10-3"&"|"&$A5&"|"&D$3,'Casillas del horario'!$S$4:$S$73,0))),"")&" (+"&(COUNTIF('Casillas del horario'!$S$4:$S$73,"Profesor de I en 10-3"&"|"&$A5&"|"&D$3)-1)&")",IFERROR(IF(INDEX('Casillas del horario'!$A$4:$A$73,MATCH("Profesor de I en 10-3"&"|"&$A5&"|"&D$3,'Casillas del horario'!$S$4:$S$73,0))="","",INDEX('Casillas del horario'!$A$4:$A$73,MATCH("Profesor de I en 10-3"&"|"&$A5&"|"&D$3,'Casillas del horario'!$S$4:$S$73,0))),""))
A6: 5 | B6: =IF(COUNTIF('Casillas del horario'!$S$4:$S$73,"Profesor de I en 10-3"&"|"&$A6&"|"&B$3)>1,IFERROR(IF(INDEX('Casillas del horario'!$A$4:$A$73,MATCH("Profesor de I en 10-3"&"|"&$A6&"|"&B$3,'Casillas del horario'!$S$4:$S$73,0))="","",INDEX('Casillas del horario'!$A$4:$A$73,MATCH("Profesor de I en 10-3"&"|"&$A6&"|"&B$3,'Casillas del horario'!$S$4:$S$73,0))),"")&" (+"&(COUNTIF('Casillas del horario'!$S$4:$S$73,"Profesor de I en 10-3"&"|"&$A6&"|"&B$3)-1)&")",IFERROR(IF(INDEX('Casillas del horario'!$A$4:$A$73,MATCH("Profesor de I en 10-3"&"|"&$A6&"|"&B$3,'Casillas del horario'!$S$4:$S$73,0))="","",INDEX('Casillas del horario'!$A$4:$A$73,MATCH("Profesor de I en 10-3"&"|"&$A6&"|"&B$3,'Casillas del horario'!$S$4:$S$73,0))),"")) | C6: =IF(COUNTIF('Casillas del horario'!$S$4:$S$73,"Profesor de I en 10-3"&"|"&$A6&"|"&C$3)>1,IFERROR(IF(INDEX('Casillas del horario'!$A$4:$A$73,MATCH("Profesor de I en 10-3"&"|"&$A6&"|"&C$3,'Casillas del horario'!$S$4:$S$73,0))="","",INDEX('Casillas del horario'!$A$4:$A$73,MATCH("Profesor de I en 10-3"&"|"&$A6&"|"&C$3,'Casillas del horario'!$S$4:$S$73,0))),"")&" (+"&(COUNTIF('Casillas del horario'!$S$4:$S$73,"Profesor de I en 10-3"&"|"&$A6&"|"&C$3)-1)&")",IFERROR(IF(INDEX('Casillas del horario'!$A$4:$A$73,MATCH("Profesor de I en 10-3"&"|"&$A6&"|"&C$3,'Casillas del horario'!$S$4:$S$73,0))="","",INDEX('Casillas del horario'!$A$4:$A$73,MATCH("Profesor de I en 10-3"&"|"&$A6&"|"&C$3,'Casillas del horario'!$S$4:$S$73,0))),"")) | D6: =IF(COUNTIF('Casillas del horario'!$S$4:$S$73,"Profesor de I en 10-3"&"|"&$A6&"|"&D$3)>1,IFERROR(IF(INDEX('Casillas del horario'!$A$4:$A$73,MATCH("Profesor de I en 10-3"&"|"&$A6&"|"&D$3,'Casillas del horario'!$S$4:$S$73,0))="","",INDEX('Casillas del horario'!$A$4:$A$73,MATCH("Profesor de I en 10-3"&"|"&$A6&"|"&D$3,'Casillas del horario'!$S$4:$S$73,0))),"")&" (+"&(COUNTIF('Casillas del horario'!$S$4:$S$73,"Profesor de I en 10-3"&"|"&$A6&"|"&D$3)-1)&")",IFERROR(IF(INDEX('Casillas del horario'!$A$4:$A$73,MATCH("Profesor de I en 10-3"&"|"&$A6&"|"&D$3,'Casillas del horario'!$S$4:$S$73,0))="","",INDEX('Casillas del horario'!$A$4:$A$73,MATCH("Profesor de I en 10-3"&"|"&$A6&"|"&D$3,'Casillas del horario'!$S$4:$S$73,0))),""))

Sheet Horario - Profesor de B en 10-3
A1: Horario - Profesor de B en 10-3
A3: Turno | B3: M | C3: L
A4: 2 | B4: =IF(COUNTIF('Casillas del horario'!$S$4:$S$73,"Profesor de B en 10-3"&"|"&$A4&"|"&B$3)>1,IFERROR(IF(INDEX('Casillas del horario'!$A$4:$A$73,MATCH("Profesor de B en 10-3"&"|"&$A4&"|"&B$3,'Casillas del horario'!$S$4:$S$73,0))="","",INDEX('Casillas del horario'!$A$4:$A$73,MATCH("Profesor de B en 10-3"&"|"&$A4&"|"&B$3,'Casillas del horario'!$S$4:$S$73,0))),"")&" (+"&(COUNTIF('Casillas del horario'!$S$4:$S$73,"Profesor de B en 10-3"&"|"&$A4&"|"&B$3)-1)&")",IFERROR(IF(INDEX('Casillas del horario'!$A$4:$A$73,MATCH("Profesor de B en 10-3"&"|"&$A4&"|"&B$3,'Casillas del horario'!$S$4:$S$73,0))="","",INDEX('Casillas del horario'!$A$4:$A$73,MATCH("Profesor de B en 10-3"&"|"&$A4&"|"&B$3,'Casillas del horario'!$S$4:$S$73,0))),"")) | C4: =IF(COUNTIF('Casillas del horario'!$S$4:$S$73,"Profesor de B en 10-3"&"|"&$A4&"|"&C$3)>1,IFERROR(IF(INDEX('Casillas del horario'!$A$4:$A$73,MATCH("Profesor de B en 10-3"&"|"&$A4&"|"&C$3,'Casillas del horario'!$S$4:$S$73,0))="","",INDEX('Casillas del horario'!$A$4:$A$73,MATCH("Profesor de B en 10-3"&"|"&$A4&"|"&C$3,'Casillas del horario'!$S$4:$S$73,0))),"")&" (+"&(COUNTIF('Casillas del horario'!$S$4:$S$73,"Profesor de B en 10-3"&"|"&$A4&"|"&C$3)-1)&")",IFERROR(IF(INDEX('Casillas del horario'!$A$4:$A$73,MATCH("Profesor de B en 10-3"&"|"&$A4&"|"&C$3,'Casillas del horario'!$S$4:$S$73,0))="","",INDEX('Casillas del horario'!$A$4:$A$73,MATCH("Profesor de B en 10-3"&"|"&$A4&"|"&C$3,'Casillas del horario'!$S$4:$S$73,0))),""))
A5: 3 | B5: =IF(COUNTIF('Casillas del horario'!$S$4:$S$73,"Profesor de B en 10-3"&"|"&$A5&"|"&B$3)>1,IFERROR(IF(INDEX('Casillas del horario'!$A$4:$A$73,MATCH("Profesor de B en 10-3"&"|"&$A5&"|"&B$3,'Casillas del horario'!$S$4:$S$73,0))="","",INDEX('Casillas del horario'!$A$4:$A$73,MATCH("Profesor de B en 10-3"&"|"&$A5&"|"&B$3,'Casillas del horario'!$S$4:$S$73,0))),"")&" (+"&(COUNTIF('Casillas del horario'!$S$4:$S$73,"Profesor de B en 10-3"&"|"&$A5&"|"&B$3)-1)&")",IFERROR(IF(INDEX('Casillas del horario'!$A$4:$A$73,MATCH("Profesor de B en 10-3"&"|"&$A5&"|"&B$3,'Casillas del horario'!$S$4:$S$73,0))="","",INDEX('Casillas del horario'!$A$4:$A$73,MATCH("Profesor de B en 10-3"&"|"&$A5&"|"&B$3,'Casillas del horario'!$S$4:$S$73,0))),"")) | C5: =IF(COUNTIF('Casillas del horario'!$S$4:$S$73,"Profesor de B en 10-3"&"|"&$A5&"|"&C$3)>1,IFERROR(IF(INDEX('Casillas del horario'!$A$4:$A$73,MATCH("Profesor de B en 10-3"&"|"&$A5&"|"&C$3,'Casillas del horario'!$S$4:$S$73,0))="","",INDEX('Casillas del horario'!$A$4:$A$73,MATCH("Profesor de B en 10-3"&"|"&$A5&"|"&C$3,'Casillas del horario'!$S$4:$S$73,0))),"")&" (+"&(COUNTIF('Casillas del horario'!$S$4:$S$73,"Profesor de B en 10-3"&"|"&$A5&"|"&C$3)-1)&")",IFERROR(IF(INDEX('Casillas del horario'!$A$4:$A$73,MATCH("Profesor de B en 10-3"&"|"&$A5&"|"&C$3,'Casillas del horario'!$S$4:$S$73,0))="","",INDEX('Casillas del horario'!$A$4:$A$73,MATCH("Profesor de B en 10-3"&"|"&$A5&"|"&C$3,'Casillas del horario'!$S$4:$S$73,0))),""))

Sheet Horario - Profesor de M en 10-3
A1: Horario - Profesor de M en 10-3
A3: Turno | B3: MI | C3: V | D3: L
A4: 2 | B4: =IF(COUNTIF('Casillas del horario'!$S$4:$S$73,"Profesor de M en 10-3"&"|"&$A4&"|"&B$3)>1,IFERROR(IF(INDEX('Casillas del horario'!$A$4:$A$73,MATCH("Profesor de M en 10-3"&"|"&$A4&"|"&B$3,'Casillas del horario'!$S$4:$S$73,0))="","",INDEX('Casillas del horario'!$A$4:$A$73,MATCH("Profesor de M en 10-3"&"|"&$A4&"|"&B$3,'Casillas del horario'!$S$4:$S$73,0))),"")&" (+"&(COUNTIF('Casillas del horario'!$S$4:$S$73,"Profesor de M en 10-3"&"|"&$A4&"|"&B$3)-1)&")",IFERROR(IF(INDEX('Casillas del horario'!$A$4:$A$73,MATCH("Profesor de M en 10-3"&"|"&$A4&"|"&B$3,'Casillas del horario'!$S$4:$S$73,0))="","",INDEX('Casillas del horario'!$A$4:$A$73,MATCH("Profesor de M en 10-3"&"|"&$A4&"|"&B$3,'Casillas del horario'!$S$4:$S$73,0))),"")) | C4: =IF(COUNTIF('Casillas del horario'!$S$4:$S$73,"Profesor de M en 10-3"&"|"&$A4&"|"&C$3)>1,IFERROR(IF(INDEX('Casillas del horario'!$A$4:$A$73,MATCH("Profesor de M en 10-3"&"|"&$A4&"|"&C$3,'Casillas del horario'!$S$4:$S$73,0))="","",INDEX('Casillas del horario'!$A$4:$A$73,MATCH("Profesor de M en 10-3"&"|"&$A4&"|"&C$3,'Casillas del horario'!$S$4:$S$73,0))),"")&" (+"&(COUNTIF('Casillas del horario'!$S$4:$S$73,"Profesor de M en 10-3"&"|"&$A4&"|"&C$3)-1)&")",IFERROR(IF(INDEX('Casillas del horario'!$A$4:$A$73,MATCH("Profesor de M en 10-3"&"|"&$A4&"|"&C$3,'Casillas del horario'!$S$4:$S$73,0))="","",INDEX('Casillas del horario'!$A$4:$A$73,MATCH("Profesor de M en 10-3"&"|"&$A4&"|"&C$3,'Casillas del horario'!$S$4:$S$73,0))),"")) | D4: =IF(COUNTIF('Casillas del horario'!$S$4:$S$73,"Profesor de M en 10-3"&"|"&$A4&"|"&D$3)>1,IFERROR(IF(INDEX('Casillas del horario'!$A$4:$A$73,MATCH("Profesor de M en 10-3"&"|"&$A4&"|"&D$3,'Casillas del horario'!$S$4:$S$73,0))="","",INDEX('Casillas del horario'!$A$4:$A$73,MATCH("Profesor de M en 10-3"&"|"&$A4&"|"&D$3,'Casillas del horario'!$S$4:$S$73,0))),"")&" (+"&(COUNTIF('Casillas del horario'!$S$4:$S$73,"Profesor de M en 10-3"&"|"&$A4&"|"&D$3)-1)&")",IFERROR(IF(INDEX('Casillas del horario'!$A$4:$A$73,MATCH("Profesor de M en 10-3"&"|"&$A4&"|"&D$3,'Casillas del horario'!$S$4:$S$73,0))="","",INDEX('Casillas del horario'!$A$4:$A$73,MATCH("Profesor de M en 10-3"&"|"&$A4&"|"&D$3,'Casillas del horario'!$S$4:$S$73,0))),""))
A5: 3 | B5: =IF(COUNTIF('Casillas del horario'!$S$4:$S$73,"Profesor de M en 10-3"&"|"&$A5&"|"&B$3)>1,IFERROR(IF(INDEX('Casillas del horario'!$A$4:$A$73,MATCH("Profesor de M en 10-3"&"|"&$A5&"|"&B$3,'Casillas del horario'!$S$4:$S$73,0))="","",INDEX('Casillas del horario'!$A$4:$A$73,MATCH("Profesor de M en 10-3"&"|"&$A5&"|"&B$3,'Casillas del horario'!$S$4:$S$73,0))),"")&" (+"&(COUNTIF('Casillas del horario'!$S$4:$S$73,"Profesor de M en 10-3"&"|"&$A5&"|"&B$3)-1)&")",IFERROR(IF(INDEX('Casillas del horario'!$A$4:$A$73,MATCH("Profesor de M en 10-3"&"|"&$A5&"|"&B$3,'Casillas del horario'!$S$4:$S$73,0))="","",INDEX('Casillas del horario'!$A$4:$A$73,MATCH("Profesor de M en 10-3"&"|"&$A5&"|"&B$3,'Casillas del horario'!$S$4:$S$73,0))),"")) | C5: =IF(COUNTIF('Casillas del horario'!$S$4:$S$73,"Profesor de M en 10-3"&"|"&$A5&"|"&C$3)>1,IFERROR(IF(INDEX('Casillas del horario'!$A$4:$A$73,MATCH("Profesor de M en 10-3"&"|"&$A5&"|"&C$3,'Casillas del horario'!$S$4:$S$73,0))="","",INDEX('Casillas del horario'!$A$4:$A$73,MATCH("Profesor de M en 10-3"&"|"&$A5&"|"&C$3,'Casillas del horario'!$S$4:$S$73,0))),"")&" (+"&(COUNTIF('Casillas del horario'!$S$4:$S$73,"Profesor de M en 10-3"&"|"&$A5&"|"&C$3)-1)&")",IFERROR(IF(INDEX('Casillas del horario'!$A$4:$A$73,MATCH("Profesor de M en 10-3"&"|"&$A5&"|"&C$3,'Casillas del horario'!$S$4:$S$73,0))="","",INDEX('Casillas del horario'!$A$4:$A$73,MATCH("Profesor de M en 10-3"&"|"&$A5&"|"&C$3,'Casillas del horario'!$S$4:$S$73,0))),"")) | D5: =IF(COUNTIF('Casillas del horario'!$S$4:$S$73,"Profesor de M en 10-3"&"|"&$A5&"|"&D$3)>1,IFERROR(IF(INDEX('Casillas del horario'!$A$4:$A$73,MATCH("Profesor de M en 10-3"&"|"&$A5&"|"&D$3,'Casillas del horario'!$S$4:$S$73,0))="","",INDEX('Casillas del horario'!$A$4:$A$73,MATCH("Profesor de M en 10-3"&"|"&$A5&"|"&D$3,'Casillas del horario'!$S$4:$S$73,0))),"")&" (+"&(COUNTIF('Casillas del horario'!$S$4:$S$73,"Profesor de M en 10-3"&"|"&$A5&"|"&D$3)-1)&")",IFERROR(IF(INDEX('Casillas del horario'!$A$4:$A$73,MATCH("Profesor de M en 10-3"&"|"&$A5&"|"&D$3,'Casillas del horario'!$S$4:$S$73,0))="","",INDEX('Casillas del horario'!$A$4:$A$73,MATCH("Profesor de M en 10-3"&"|"&$A5&"|"&D$3,'Casillas del horario'!$S$4:$S$73,0))),""))
A6: 5 | B6: =IF(COUNTIF('Casillas del horario'!$S$4:$S$73,"Profesor de M en 10-3"&"|"&$A6&"|"&B$3)>1,IFERROR(IF(INDEX('Casillas del horario'!$A$4:$A$73,MATCH("Profesor de M en 10-3"&"|"&$A6&"|"&B$3,'Casillas del horario'!$S$4:$S$73,0))="","",INDEX('Casillas del horario'!$A$4:$A$73,MATCH("Profesor de M en 10-3"&"|"&$A6&"|"&B$3,'Casillas del horario'!$S$4:$S$73,0))),"")&" (+"&(COUNTIF('Casillas del horario'!$S$4:$S$73,"Profesor de M en 10-3"&"|"&$A6&"|"&B$3)-1)&")",IFERROR(IF(INDEX('Casillas del horario'!$A$4:$A$73,MATCH("Profesor de M en 10-3"&"|"&$A6&"|"&B$3,'Casillas del horario'!$S$4:$S$73,0))="","",INDEX('Casillas del horario'!$A$4:$A$73,MATCH("Profesor de M en 10-3"&"|"&$A6&"|"&B$3,'Casillas del horario'!$S$4:$S$73,0))),"")) | C6: =IF(COUNTIF('Casillas del horario'!$S$4:$S$73,"Profesor de M en 10-3"&"|"&$A6&"|"&C$3)>1,IFERROR(IF(INDEX('Casillas del horario'!$A$4:$A$73,MATCH("Profesor de M en 10-3"&"|"&$A6&"|"&C$3,'Casillas del horario'!$S$4:$S$73,0))="","",INDEX('Casillas del horario'!$A$4:$A$73,MATCH("Profesor de M en 10-3"&"|"&$A6&"|"&C$3,'Casillas del horario'!$S$4:$S$73,0))),"")&" (+"&(COUNTIF('Casillas del horario'!$S$4:$S$73,"Profesor de M en 10-3"&"|"&$A6&"|"&C$3)-1)&")",IFERROR(IF(INDEX('Casillas del horario'!$A$4:$A$73,MATCH("Profesor de M en 10-3"&"|"&$A6&"|"&C$3,'Casillas del horario'!$S$4:$S$73,0))="","",INDEX('Casillas del horario'!$A$4:$A$73,MATCH("Profesor de M en 10-3"&"|"&$A6&"|"&C$3,'Casillas del horario'!$S$4:$S$73,0))),"")) | D6: =IF(COUNTIF('Casillas del horario'!$S$4:$S$73,"Profesor de M en 10-3"&"|"&$A6&"|"&D$3)>1,IFERROR(IF(INDEX('Casillas del horario'!$A$4:$A$73,MATCH("Profesor de M en 10-3"&"|"&$A6&"|"&D$3,'Casillas del horario'!$S$4:$S$73,0))="","",INDEX('Casillas del horario'!$A$4:$A$73,MATCH("Profesor de M en 10-3"&"|"&$A6&"|"&D$3,'Casillas del horario'!$S$4:$S$73,0))),"")&" (+"&(COUNTIF('Casillas del horario'!$S$4:$S$73,"Profesor de M en 10-3"&"|"&$A6&"|"&D$3)-1)&")",IFERROR(IF(INDEX('Casillas del horario'!$A$4:$A$73,MATCH("Profesor de M en 10-3"&"|"&$A6&"|"&D$3,'Casillas del horario'!$S$4:$S$73,0))="","",INDEX('Casillas del horario'!$A$4:$A$73,MATCH("Profesor de M en 10-3"&"|"&$A6&"|"&D$3,'Casillas del horario'!$S$4:$S$73,0))),""))
A7: 6 | B7: =IF(COUNTIF('Casillas del horario'!$S$4:$S$73,"Profesor de M en 10-3"&"|"&$A7&"|"&B$3)>1,IFERROR(IF(INDEX('Casillas del horario'!$A$4:$A$73,MATCH("Profesor de M en 10-3"&"|"&$A7&"|"&B$3,'Casillas del horario'!$S$4:$S$73,0))="","",INDEX('Casillas del horario'!$A$4:$A$73,MATCH("Profesor de M en 10-3"&"|"&$A7&"|"&B$3,'Casillas del horario'!$S$4:$S$73,0))),"")&" (+"&(COUNTIF('Casillas del horario'!$S$4:$S$73,"Profesor de M en 10-3"&"|"&$A7&"|"&B$3)-1)&")",IFERROR(IF(INDEX('Casillas del horario'!$A$4:$A$73,MATCH("Profesor de M en 10-3"&"|"&$A7&"|"&B$3,'Casillas del horario'!$S$4:$S$73,0))="","",INDEX('Casillas del horario'!$A$4:$A$73,MATCH("Profesor de M en 10-3"&"|"&$A7&"|"&B$3,'Casillas del horario'!$S$4:$S$73,0))),"")) | C7: =IF(COUNTIF('Casillas del horario'!$S$4:$S$73,"Profesor de M en 10-3"&"|"&$A7&"|"&C$3)>1,IFERROR(IF(INDEX('Casillas del horario'!$A$4:$A$73,MATCH("Profesor de M en 10-3"&"|"&$A7&"|"&C$3,'Casillas del horario'!$S$4:$S$73,0))="","",INDEX('Casillas del horario'!$A$4:$A$73,MATCH("Profesor de M en 10-3"&"|"&$A7&"|"&C$3,'Casillas del horario'!$S$4:$S$73,0))),"")&" (+"&(COUNTIF('Casillas del horario'!$S$4:$S$73,"Profesor de M en 10-3"&"|"&$A7&"|"&C$3)-1)&")",IFERROR(IF(INDEX('Casillas del horario'!$A$4:$A$73,MATCH("Profesor de M en 10-3"&"|"&$A7&"|"&C$3,'Casillas del horario'!$S$4:$S$73,0))="","",INDEX('Casillas del horario'!$A$4:$A$73,MATCH("Profesor de M en 10-3"&"|"&$A7&"|"&C$3,'Casillas del horario'!$S$4:$S$73,0))),"")) | D7: =IF(COUNTIF('Casillas del horario'!$S$4:$S$73,"Profesor de M en 10-3"&"|"&$A7&"|"&D$3)>1,IFERROR(IF(INDEX('Casillas del horario'!$A$4:$A$73,MATCH("Profesor de M en 10-3"&"|"&$A7&"|"&D$3,'Casillas del horario'!$S$4:$S$73,0))="","",INDEX('Casillas del horario'!$A$4:$A$73,MATCH("Profesor de M en 10-3"&"|"&$A7&"|"&D$3,'Casillas del horario'!$S$4:$S$73,0))),"")&" (+"&(COUNTIF('Casillas del horario'!$S$4:$S$73,"Profesor de M en 10-3"&"|"&$A7&"|"&D$3)-1)&")",IFERROR(IF(INDEX('Casillas del horario'!$A$4:$A$73,MATCH("Profesor de M en 10-3"&"|"&$A7&"|"&D$3,'Casillas del horario'!$S$4:$S$73,0))="","",INDEX('Casillas del horario'!$A$4:$A$73,MATCH("Profesor de M en 10-3"&"|"&$A7&"|"&D$3,'Casillas del horario'!$S$4:$S$73,0))),""))

Sheet Profesor de DC en 10-3
A1: Profesor de DC en 10-3
A3: Turno | B3: V
A4: 2 | B4: =IF(COUNTIF('Casillas del horario'!$S$4:$S$73,"Profesor de DC en 10-3"&"|"&$A4&"|"&B$3)>1,IFERROR(IF(INDEX('Casillas del horario'!$A$4:$A$73,MATCH("Profesor de DC en 10-3"&"|"&$A4&"|"&B$3,'Casillas del horario'!$S$4:$S$73,0))="","",INDEX('Casillas del horario'!$A$4:$A$73,MATCH("Profesor de DC en 10-3"&"|"&$A4&"|"&B$3,'Casillas del horario'!$S$4:$S$73,0))),"")&" (+"&(COUNTIF('Casillas del horario'!$S$4:$S$73,"Profesor de DC en 10-3"&"|"&$A4&"|"&B$3)-1)&")",IFERROR(IF(INDEX('Casillas del horario'!$A$4:$A$73,MATCH("Profesor de DC en 10-3"&"|"&$A4&"|"&B$3,'Casillas del horario'!$S$4:$S$73,0))="","",INDEX('Casillas del horario'!$A$4:$A$73,MATCH("Profesor de DC en 10-3"&"|"&$A4&"|"&B$3,'Casillas del horario'!$S$4:$S$73,0))),""))

Sheet Horario - Profesor de I en 10-4
A1: Horario - Profesor de I en 10-4
A3: Turno | B3: M | C3: J | D3: V
A4: 2 | B4: =IF(COUNTIF('Casillas del horario'!$S$4:$S$73,"Profesor de I en 10-4"&"|"&$A4&"|"&B$3)>1,IFERROR(IF(INDEX('Casillas del horario'!$A$4:$A$73,MATCH("Profesor de I en 10-4"&"|"&$A4&"|"&B$3,'Casillas del horario'!$S$4:$S$73,0))="","",INDEX('Casillas del horario'!$A$4:$A$73,MATCH("Profesor de I en 10-4"&"|"&$A4&"|"&B$3,'Casillas del horario'!$S$4:$S$73,0))),"")&" (+"&(COUNTIF('Casillas del horario'!$S$4:$S$73,"Profesor de I en 10-4"&"|"&$A4&"|"&B$3)-1)&")",IFERROR(IF(INDEX('Casillas del horario'!$A$4:$A$73,MATCH("Profesor de I en 10-4"&"|"&$A4&"|"&B$3,'Casillas del horario'!$S$4:$S$73,0))="","",INDEX('Casillas del horario'!$A$4:$A$73,MATCH("Profesor de I en 10-4"&"|"&$A4&"|"&B$3,'Casillas del horario'!$S$4:$S$73,0))),"")) | C4: =IF(COUNTIF('Casillas del horario'!$S$4:$S$73,"Profesor de I en 10-4"&"|"&$A4&"|"&C$3)>1,IFERROR(IF(INDEX('Casillas del horario'!$A$4:$A$73,MATCH("Profesor de I en 10-4"&"|"&$A4&"|"&C$3,'Casillas del horario'!$S$4:$S$73,0))="","",INDEX('Casillas del horario'!$A$4:$A$73,MATCH("Profesor de I en 10-4"&"|"&$A4&"|"&C$3,'Casillas del horario'!$S$4:$S$73,0))),"")&" (+"&(COUNTIF('Casillas del horario'!$S$4:$S$73,"Profesor de I en 10-4"&"|"&$A4&"|"&C$3)-1)&")",IFERROR(IF(INDEX('Casillas del horario'!$A$4:$A$73,MATCH("Profesor de I en 10-4"&"|"&$A4&"|"&C$3,'Casillas del horario'!$S$4:$S$73,0))="","",INDEX('Casillas del horario'!$A$4:$A$73,MATCH("Profesor de I en 10-4"&"|"&$A4&"|"&C$3,'Casillas del horario'!$S$4:$S$73,0))),"")) | D4: =IF(COUNTIF('Casillas del horario'!$S$4:$S$73,"Profesor de I en 10-4"&"|"&$A4&"|"&D$3)>1,IFERROR(IF(INDEX('Casillas del horario'!$A$4:$A$73,MATCH("Profesor de I en 10-4"&"|"&$A4&"|"&D$3,'Casillas del horario'!$S$4:$S$73,0))="","",INDEX('Casillas del horario'!$A$4:$A$73,MATCH("Profesor de I en 10-4"&"|"&$A4&"|"&D$3,'Casillas del horario'!$S$4:$S$73,0))),"")&" (+"&(COUNTIF('Casillas del horario'!$S$4:$S$73,"Profesor de I en 10-4"&"|"&$A4&"|"&D$3)-1)&")",IFERROR(IF(INDEX('Casillas del horario'!$A$4:$A$73,MATCH("Profesor de I en 10-4"&"|"&$A4&"|"&D$3,'Casillas del horario'!$S$4:$S$73,0))="","",INDEX('Casillas del horario'!$A$4:$A$73,MATCH("Profesor de I en 10-4"&"|"&$A4&"|"&D$3,'Casillas del horario'!$S$4:$S$73,0))),""))
A5: 4 | B5: =IF(COUNTIF('Casillas del horario'!$S$4:$S$73,"Profesor de I en 10-4"&"|"&$A5&"|"&B$3)>1,IFERROR(IF(INDEX('Casillas del horario'!$A$4:$A$73,MATCH("Profesor de I en 10-4"&"|"&$A5&"|"&B$3,'Casillas del horario'!$S$4:$S$73,0))="","",INDEX('Casillas del horario'!$A$4:$A$73,MATCH("Profesor de I en 10-4"&"|"&$A5&"|"&B$3,'Casillas del horario'!$S$4:$S$73,0))),"")&" (+"&(COUNTIF('Casillas del horario'!$S$4:$S$73,"Profesor de I en 10-4"&"|"&$A5&"|"&B$3)-1)&")",IFERROR(IF(INDEX('Casillas del horario'!$A$4:$A$73,MATCH("Profesor de I en 10-4"&"|"&$A5&"|"&B$3,'Casillas del horario'!$S$4:$S$73,0))="","",INDEX('Casillas del horario'!$A$4:$A$73,MATCH("Profesor de I en 10-4"&"|"&$A5&"|"&B$3,'Casillas del horario'!$S$4:$S$73,0))),"")) | C5: =IF(COUNTIF('Casillas del horario'!$S$4:$S$73,"Profesor de I en 10-4"&"|"&$A5&"|"&C$3)>1,IFERROR(IF(INDEX('Casillas del horario'!$A$4:$A$73,MATCH("Profesor de I en 10-4"&"|"&$A5&"|"&C$3,'Casillas del horario'!$S$4:$S$73,0))="","",INDEX('Casillas del horario'!$A$4:$A$73,MATCH("Profesor de I en 10-4"&"|"&$A5&"|"&C$3,'Casillas del horario'!$S$4:$S$73,0))),"")&" (+"&(COUNTIF('Casillas del horario'!$S$4:$S$73,"Profesor de I en 10-4"&"|"&$A5&"|"&C$3)-1)&")",IFERROR(IF(INDEX('Casillas del horario'!$A$4:$A$73,MATCH("Profesor de I en 10-4"&"|"&$A5&"|"&C$3,'Casillas del horario'!$S$4:$S$73,0))="","",INDEX('Casillas del horario'!$A$4:$A$73,MATCH("Profesor de I en 10-4"&"|"&$A5&"|"&C$3,'Casillas del horario'!$S$4:$S$73,0))),"")) | D5: =IF(COUNTIF('Casillas del horario'!$S$4:$S$73,"Profesor de I en 10-4"&"|"&$A5&"|"&D$3)>1,IFERROR(IF(INDEX('Casillas del horario'!$A$4:$A$73,MATCH("Profesor de I en 10-4"&"|"&$A5&"|"&D$3,'Casillas del horario'!$S$4:$S$73,0))="","",INDEX('Casillas del horario'!$A$4:$A$73,MATCH("Profesor de I en 10-4"&"|"&$A5&"|"&D$3,'Casillas del horario'!$S$4:$S$73,0))),"")&" (+"&(COUNTIF('Casillas del horario'!$S$4:$S$73,"Profesor de I en 10-4"&"|"&$A5&"|"&D$3)-1)&")",IFERROR(IF(INDEX('Casillas del horario'!$A$4:$A$73,MATCH("Profesor de I en 10-4"&"|"&$A5&"|"&D$3,'Casillas del horario'!$S$4:$S$73,0))="","",INDEX('Casillas del horario'!$A$4:$A$73,MATCH("Profesor de I en 10-4"&"|"&$A5&"|"&D$3,'Casillas del horario'!$S$4:$S$73,0))),""))

Sheet Profesor de EF en 10-4
A1: Profesor de EF en 10-4
A3: Turno | B3: MI | C3: L
A4: 2 | B4: =IF(COUNTIF('Casillas del horario'!$S$4:$S$73,"Profesor de EF en 10-4"&"|"&$A4&"|"&B$3)>1,IFERROR(IF(INDEX('Casillas del horario'!$A$4:$A$73,MATCH("Profesor de EF en 10-4"&"|"&$A4&"|"&B$3,'Casillas del horario'!$S$4:$S$73,0))="","",INDEX('Casillas del horario'!$A$4:$A$73,MATCH("Profesor de EF en 10-4"&"|"&$A4&"|"&B$3,'Casillas del horario'!$S$4:$S$73,0))),"")&" (+"&(COUNTIF('Casillas del horario'!$S$4:$S$73,"Profesor de EF en 10-4"&"|"&$A4&"|"&B$3)-1)&")",IFERROR(IF(INDEX('Casillas del horario'!$A$4:$A$73,MATCH("Profesor de EF en 10-4"&"|"&$A4&"|"&B$3,'Casillas del horario'!$S$4:$S$73,0))="","",INDEX('Casillas del horario'!$A$4:$A$73,MATCH("Profesor de EF en 10-4"&"|"&$A4&"|"&B$3,'Casillas del horario'!$S$4:$S$73,0))),"")) | C4: =IF(COUNTIF('Casillas del horario'!$S$4:$S$73,"Profesor de EF en 10-4"&"|"&$A4&"|"&C$3)>1,IFERROR(IF(INDEX('Casillas del horario'!$A$4:$A$73,MATCH("Profesor de EF en 10-4"&"|"&$A4&"|"&C$3,'Casillas del horario'!$S$4:$S$73,0))="","",INDEX('Casillas del horario'!$A$4:$A$73,MATCH("Profesor de EF en 10-4"&"|"&$A4&"|"&C$3,'Casillas del horario'!$S$4:$S$73,0))),"")&" (+"&(COUNTIF('Casillas del horario'!$S$4:$S$73,"Profesor de EF en 10-4"&"|"&$A4&"|"&C$3)-1)&")",IFERROR(IF(INDEX('Casillas del horario'!$A$4:$A$73,MATCH("Profesor de EF en 10-4"&"|"&$A4&"|"&C$3,'Casillas del horario'!$S$4:$S$73,0))="","",INDEX('Casillas del horario'!$A$4:$A$73,MATCH("Profesor de EF en 10-4"&"|"&$A4&"|"&C$3,'Casillas del horario'!$S$4:$S$73,0))),""))
A5: 3 | B5: =IF(COUNTIF('Casillas del horario'!$S$4:$S$73,"Profesor de EF en 10-4"&"|"&$A5&"|"&B$3)>1,IFERROR(IF(INDEX('Casillas del horario'!$A$4:$A$73,MATCH("Profesor de EF en 10-4"&"|"&$A5&"|"&B$3,'Casillas del horario'!$S$4:$S$73,0))="","",INDEX('Casillas del horario'!$A$4:$A$73,MATCH("Profesor de EF en 10-4"&"|"&$A5&"|"&B$3,'Casillas del horario'!$S$4:$S$73,0))),"")&" (+"&(COUNTIF('Casillas del horario'!$S$4:$S$73,"Profesor de EF en 10-4"&"|"&$A5&"|"&B$3)-1)&")",IFERROR(IF(INDEX('Casillas del horario'!$A$4:$A$73,MATCH("Profesor de EF en 10-4"&"|"&$A5&"|"&B$3,'Casillas del horario'!$S$4:$S$73,0))="","",INDEX('Casillas del horario'!$A$4:$A$73,MATCH("Profesor de EF en 10-4"&"|"&$A5&"|"&B$3,'Casillas del horario'!$S$4:$S$73,0))),"")) | C5: =IF(COUNTIF('Casillas del horario'!$S$4:$S$73,"Profesor de EF en 10-4"&"|"&$A5&"|"&C$3)>1,IFERROR(IF(INDEX('Casillas del horario'!$A$4:$A$73,MATCH("Profesor de EF en 10-4"&"|"&$A5&"|"&C$3,'Casillas del horario'!$S$4:$S$73,0))="","",INDEX('Casillas del horario'!$A$4:$A$73,MATCH("Profesor de EF en 10-4"&"|"&$A5&"|"&C$3,'Casillas del horario'!$S$4:$S$73,0))),"")&" (+"&(COUNTIF('Casillas del horario'!$S$4:$S$73,"Profesor de EF en 10-4"&"|"&$A5&"|"&C$3)-1)&")",IFERROR(IF(INDEX('Casillas del horario'!$A$4:$A$73,MATCH("Profesor de EF en 10-4"&"|"&$A5&"|"&C$3,'Casillas del horario'!$S$4:$S$73,0))="","",INDEX('Casillas del horario'!$A$4:$A$73,MATCH("Profesor de EF en 10-4"&"|"&$A5&"|"&C$3,'Casillas del horario'!$S$4:$S$73,0))),""))

Sheet Profesor de CP en 10-3
A1: Profesor de CP en 10-3
A3: Turno | B3: M
A4: 3 | B4: =IF(COUNTIF('Casillas del horario'!$S$4:$S$73,"Profesor de CP en 10-3"&"|"&$A4&"|"&B$3)>1,IFERROR(IF(INDEX('Casillas del horario'!$A$4:$A$73,MATCH("Profesor de CP en 10-3"&"|"&$A4&"|"&B$3,'Casillas del horario'!$S$4:$S$73,0))="","",INDEX('Casillas del horario'!$A$4:$A$73,MATCH("Profesor de CP en 10-3"&"|"&$A4&"|"&B$3,'Casillas del horario'!$S$4:$S$73,0))),"")&" (+"&(COUNTIF('Casillas del horario'!$S$4:$S$73,"Profesor de CP en 10-3"&"|"&$A4&"|"&B$3)-1)&")",IFERROR(IF(INDEX('Casillas del horario'!$A$4:$A$73,MATCH("Profesor de CP en 10-3"&"|"&$A4&"|"&B$3,'Casillas del horario'!$S$4:$S$73,0))="","",INDEX('Casillas del horario'!$A$4:$A$73,MATCH("Profesor de CP en 10-3"&"|"&$A4&"|"&B$3,'Casillas del horario'!$S$4:$S$73,0))),""))

Sheet Profesor de Lit-L en 10-3
A1: Profesor de Lit-L en 10-3
A3: Turno | B3: J | C3: L | D3: M
A4: 3 | B4: =IF(COUNTIF('Casillas del horario'!$S$4:$S$73,"Profesor de Lit-L en 10-3"&"|"&$A4&"|"&B$3)>1,IFERROR(IF(INDEX('Casillas del horario'!$A$4:$A$73,MATCH("Profesor de Lit-L en 10-3"&"|"&$A4&"|"&B$3,'Casillas del horario'!$S$4:$S$73,0))="","",INDEX('Casillas del horario'!$A$4:$A$73,MATCH("Profesor de Lit-L en 10-3"&"|"&$A4&"|"&B$3,'Casillas del horario'!$S$4:$S$73,0))),"")&" (+"&(COUNTIF('Casillas del horario'!$S$4:$S$73,"Profesor de Lit-L en 10-3"&"|"&$A4&"|"&B$3)-1)&")",IFERROR(IF(INDEX('Casillas del horario'!$A$4:$A$73,MATCH("Profesor de Lit-L en 10-3"&"|"&$A4&"|"&B$3,'Casillas del horario'!$S$4:$S$73,0))="","",INDEX('Casillas del horario'!$A$4:$A$73,MATCH("Profesor de Lit-L en 10-3"&"|"&$A4&"|"&B$3,'Casillas del horario'!$S$4:$S$73,0))),"")) | C4: =IF(COUNTIF('Casillas del horario'!$S$4:$S$73,"Profesor de Lit-L en 10-3"&"|"&$A4&"|"&C$3)>1,IFERROR(IF(INDEX('Casillas del horario'!$A$4:$A$73,MATCH("Profesor de Lit-L en 10-3"&"|"&$A4&"|"&C$3,'Casillas del horario'!$S$4:$S$73,0))="","",INDEX('Casillas del horario'!$A$4:$A$73,MATCH("Profesor de Lit-L en 10-3"&"|"&$A4&"|"&C$3,'Casillas del horario'!$S$4:$S$73,0))),"")&" (+"&(COUNTIF('Casillas del horario'!$S$4:$S$73,"Profesor de Lit-L en 10-3"&"|"&$A4&"|"&C$3)-1)&")",IFERROR(IF(INDEX('Casillas del horario'!$A$4:$A$73,MATCH("Profesor de Lit-L en 10-3"&"|"&$A4&"|"&C$3,'Casillas del horario'!$S$4:$S$73,0))="","",INDEX('Casillas del horario'!$A$4:$A$73,MATCH("Profesor de Lit-L en 10-3"&"|"&$A4&"|"&C$3,'Casillas del horario'!$S$4:$S$73,0))),"")) | D4: =IF(COUNTIF('Casillas del horario'!$S$4:$S$73,"Profesor de Lit-L en 10-3"&"|"&$A4&"|"&D$3)>1,IFERROR(IF(INDEX('Casillas del horario'!$A$4:$A$73,MATCH("Profesor de Lit-L en 10-3"&"|"&$A4&"|"&D$3,'Casillas del horario'!$S$4:$S$73,0))="","",INDEX('Casillas del horario'!$A$4:$A$73,MATCH("Profesor de Lit-L en 10-3"&"|"&$A4&"|"&D$3,'Casillas del horario'!$S$4:$S$73,0))),"")&" (+"&(COUNTIF('Casillas del horario'!$S$4:$S$73,"Profesor de Lit-L en 10-3"&"|"&$A4&"|"&D$3)-1)&")",IFERROR(IF(INDEX('Casillas del horario'!$A$4:$A$73,MATCH("Profesor de Lit-L en 10-3"&"|"&$A4&"|"&D$3,'Casillas del horario'!$S$4:$S$73,0))="","",INDEX('Casillas del horario'!$A$4:$A$73,MATCH("Profesor de Lit-L en 10-3"&"|"&$A4&"|"&D$3,'Casillas del horario'!$S$4:$S$73,0))),""))
A5: 4 | B5: =IF(COUNTIF('Casillas del horario'!$S$4:$S$73,"Profesor de Lit-L en 10-3"&"|"&$A5&"|"&B$3)>1,IFERROR(IF(INDEX('Casillas del horario'!$A$4:$A$73,MATCH("Profesor de Lit-L en 10-3"&"|"&$A5&"|"&B$3,'Casillas del horario'!$S$4:$S$73,0))="","",INDEX('Casillas del horario'!$A$4:$A$73,MATCH("Profesor de Lit-L en 10-3"&"|"&$A5&"|"&B$3,'Casillas del horario'!$S$4:$S$73,0))),"")&" (+"&(COUNTIF('Casillas del horario'!$S$4:$S$73,"Profesor de Lit-L en 10-3"&"|"&$A5&"|"&B$3)-1)&")",IFERROR(IF(INDEX('Casillas del horario'!$A$4:$A$73,MATCH("Profesor de Lit-L en 10-3"&"|"&$A5&"|"&B$3,'Casillas del horario'!$S$4:$S$73,0))="","",INDEX('Casillas del horario'!$A$4:$A$73,MATCH("Profesor de Lit-L en 10-3"&"|"&$A5&"|"&B$3,'Casillas del horario'!$S$4:$S$73,0))),"")) | C5: =IF(COUNTIF('Casillas del horario'!$S$4:$S$73,"Profesor de Lit-L en 10-3"&"|"&$A5&"|"&C$3)>1,IFERROR(IF(INDEX('Casillas del horario'!$A$4:$A$73,MATCH("Profesor de Lit-L en 10-3"&"|"&$A5&"|"&C$3,'Casillas del horario'!$S$4:$S$73,0))="","",INDEX('Casillas del horario'!$A$4:$A$73,MATCH("Profesor de Lit-L en 10-3"&"|"&$A5&"|"&C$3,'Casillas del horario'!$S$4:$S$73,0))),"")&" (+"&(COUNTIF('Casillas del horario'!$S$4:$S$73,"Profesor de Lit-L en 10-3"&"|"&$A5&"|"&C$3)-1)&")",IFERROR(IF(INDEX('Casillas del horario'!$A$4:$A$73,MATCH("Profesor de Lit-L en 10-3"&"|"&$A5&"|"&C$3,'Casillas del horario'!$S$4:$S$73,0))="","",INDEX('Casillas del horario'!$A$4:$A$73,MATCH("Profesor de Lit-L en 10-3"&"|"&$A5&"|"&C$3,'Casillas del horario'!$S$4:$S$73,0))),"")) | D5: =IF(COUNTIF('Casillas del horario'!$S$4:$S$73,"Profesor de Lit-L en 10-3"&"|"&$A5&"|"&D$3)>1,IFERROR(IF(INDEX('Casillas del horario'!$A$4:$A$73,MATCH("Profesor de Lit-L en 10-3"&"|"&$A5&"|"&D$3,'Casillas del horario'!$S$4:$S$73,0))="","",INDEX('Casillas del horario'!$A$4:$A$73,MATCH("Profesor de Lit-L en 10-3"&"|"&$A5&"|"&D$3,'Casillas del horario'!$S$4:$S$73,0))),"")&" (+"&(COUNTIF('Casillas del horario'!$S$4:$S$73,"Profesor de Lit-L en 10-3"&"|"&$A5&"|"&D$3)-1)&")",IFERROR(IF(INDEX('Casillas del horario'!$A$4:$A$73,MATCH("Profesor de Lit-L en 10-3"&"|"&$A5&"|"&D$3,'Casillas del horario'!$S$4:$S$73,0))="","",INDEX('Casillas del horario'!$A$4:$A$73,MATCH("Profesor de Lit-L en 10-3"&"|"&$A5&"|"&D$3,'Casillas del horario'!$S$4:$S$73,0))),""))

Sheet Horario - Profesor de Q en 10-3
A1: Horario - Profesor de Q en 10-3
A3: Turno | B3: V
A4: 3 | B4: =IF(COUNTIF('Casillas del horario'!$S$4:$S$73,"Profesor de Q en 10-3"&"|"&$A4&"|"&B$3)>1,IFERROR(IF(INDEX('Casillas del horario'!$A$4:$A$73,MATCH("Profesor de Q en 10-3"&"|"&$A4&"|"&B$3,'Casillas del horario'!$S$4:$S$73,0))="","",INDEX('Casillas del horario'!$A$4:$A$73,MATCH("Profesor de Q en 10-3"&"|"&$A4&"|"&B$3,'Casillas del horario'!$S$4:$S$73,0))),"")&" (+"&(COUNTIF('Casillas del horario'!$S$4:$S$73,"Profesor de Q en 10-3"&"|"&$A4&"|"&B$3)-1)&")",IFERROR(IF(INDEX('Casillas del horario'!$A$4:$A$73,MATCH("Profesor de Q en 10-3"&"|"&$A4&"|"&B$3,'Casillas del horario'!$S$4:$S$73,0))="","",INDEX('Casillas del horario'!$A$4:$A$73,MATCH("Profesor de Q en 10-3"&"|"&$A4&"|"&B$3,'Casillas del horario'!$S$4:$S$73,0))),""))

Sheet Horario - Profesor de B en 10-4
A1: Horario - Profesor de B en 10-4
A3: Turno | B3: M | C3: L
A4: 3 | B4: =IF(COUNTIF('Casillas del horario'!$S$4:$S$73,"Profesor de B en 10-4"&"|"&$A4&"|"&B$3)>1,IFERROR(IF(INDEX('Casillas del horario'!$A$4:$A$73,MATCH("Profesor de B en 10-4"&"|"&$A4&"|"&B$3,'Casillas del horario'!$S$4:$S$73,0))="","",INDEX('Casillas del horario'!$A$4:$A$73,MATCH("Profesor de B en 10-4"&"|"&$A4&"|"&B$3,'Casillas del horario'!$S$4:$S$73,0))),"")&" (+"&(COUNTIF('Casillas del horario'!$S$4:$S$73,"Profesor de B en 10-4"&"|"&$A4&"|"&B$3)-1)&")",IFERROR(IF(INDEX('Casillas del horario'!$A$4:$A$73,MATCH("Profesor de B en 10-4"&"|"&$A4&"|"&B$3,'Casillas del horario'!$S$4:$S$73,0))="","",INDEX('Casillas del horario'!$A$4:$A$73,MATCH("Profesor de B en 10-4"&"|"&$A4&"|"&B$3,'Casillas del horario'!$S$4:$S$73,0))),"")) | C4: =IF(COUNTIF('Casillas del horario'!$S$4:$S$73,"Profesor de B en 10-4"&"|"&$A4&"|"&C$3)>1,IFERROR(IF(INDEX('Casillas del horario'!$A$4:$A$73,MATCH("Profesor de B en 10-4"&"|"&$A4&"|"&C$3,'Casillas del horario'!$S$4:$S$73,0))="","",INDEX('Casillas del horario'!$A$4:$A$73,MATCH("Profesor de B en 10-4"&"|"&$A4&"|"&C$3,'Casillas del horario'!$S$4:$S$73,0))),"")&" (+"&(COUNTIF('Casillas del horario'!$S$4:$S$73,"Profesor de B en 10-4"&"|"&$A4&"|"&C$3)-1)&")",IFERROR(IF(INDEX('Casillas del horario'!$A$4:$A$73,MATCH("Profesor de B en 10-4"&"|"&$A4&"|"&C$3,'Casillas del horario'!$S$4:$S$73,0))="","",INDEX('Casillas del horario'!$A$4:$A$73,MATCH("Profesor de B en 10-4"&"|"&$A4&"|"&C$3,'Casillas del horario'!$S$4:$S$73,0))),""))
A5: 6 | B5: =IF(COUNTIF('Casillas del horario'!$S$4:$S$73,"Profesor de B en 10-4"&"|"&$A5&"|"&B$3)>1,IFERROR(IF(INDEX('Casillas del horario'!$A$4:$A$73,MATCH("Profesor de B en 10-4"&"|"&$A5&"|"&B$3,'Casillas del horario'!$S$4:$S$73,0))="","",INDEX('Casillas del horario'!$A$4:$A$73,MATCH("Profesor de B en 10-4"&"|"&$A5&"|"&B$3,'Casillas del horario'!$S$4:$S$73,0))),"")&" (+"&(COUNTIF('Casillas del horario'!$S$4:$S$73,"Profesor de B en 10-4"&"|"&$A5&"|"&B$3)-1)&")",IFERROR(IF(INDEX('Casillas del horario'!$A$4:$A$73,MATCH("Profesor de B en 10-4"&"|"&$A5&"|"&B$3,'Casillas del horario'!$S$4:$S$73,0))="","",INDEX('Casillas del horario'!$A$4:$A$73,MATCH("Profesor de B en 10-4"&"|"&$A5&"|"&B$3,'Casillas del horario'!$S$4:$S$73,0))),"")) | C5: =IF(COUNTIF('Casillas del horario'!$S$4:$S$73,"Profesor de B en 10-4"&"|"&$A5&"|"&C$3)>1,IFERROR(IF(INDEX('Casillas del horario'!$A$4:$A$73,MATCH("Profesor de B en 10-4"&"|"&$A5&"|"&C$3,'Casillas del horario'!$S$4:$S$73,0))="","",INDEX('Casillas del horario'!$A$4:$A$73,MATCH("Profesor de B en 10-4"&"|"&$A5&"|"&C$3,'Casillas del horario'!$S$4:$S$73,0))),"")&" (+"&(COUNTIF('Casillas del horario'!$S$4:$S$73,"Profesor de B en 10-4"&"|"&$A5&"|"&C$3)-1)&")",IFERROR(IF(INDEX('Casillas del horario'!$A$4:$A$73,MATCH("Profesor de B en 10-4"&"|"&$A5&"|"&C$3,'Casillas del horario'!$S$4:$S$73,0))="","",INDEX('Casillas del horario'!$A$4:$A$73,MATCH("Profesor de B en 10-4"&"|"&$A5&"|"&C$3,'Casillas del horario'!$S$4:$S$73,0))),""))

Sheet Profesor de CA en 10-4
A1: Profesor de CA en 10-4
A3: Turno | B3: L
A4: 4 | B4: =IF(COUNTIF('Casillas del horario'!$S$4:$S$73,"Profesor de CA en 10-4"&"|"&$A4&"|"&B$3)>1,IFERROR(IF(INDEX('Casillas del horario'!$A$4:$A$73,MATCH("Profesor de CA en 10-4"&"|"&$A4&"|"&B$3,'Casillas del horario'!$S$4:$S$73,0))="","",INDEX('Casillas del horario'!$A$4:$A$73,MATCH("Profesor de CA en 10-4"&"|"&$A4&"|"&B$3,'Casillas del horario'!$S$4:$S$73,0))),"")&" (+"&(COUNTIF('Casillas del horario'!$S$4:$S$73,"Profesor de CA en 10-4"&"|"&$A4&"|"&B$3)-1)&")",IFERROR(IF(INDEX('Casillas del horario'!$A$4:$A$73,MATCH("Profesor de CA en 10-4"&"|"&$A4&"|"&B$3,'Casillas del horario'!$S$4:$S$73,0))="","",INDEX('Casillas del horario'!$A$4:$A$73,MATCH("Profesor de CA en 10-4"&"|"&$A4&"|"&B$3,'Casillas del horario'!$S$4:$S$73,0))),""))

Sheet Horario - Profesor de H en 10-4
A1: Horario - Profesor de H en 10-4
A3: Turno | B3: M | C3: J | D3: MI
A4: 4 | B4: =IF(COUNTIF('Casillas del horario'!$S$4:$S$73,"Profesor de H en 10-4"&"|"&$A4&"|"&B$3)>1,IFERROR(IF(INDEX('Casillas del horario'!$A$4:$A$73,MATCH("Profesor de H en 10-4"&"|"&$A4&"|"&B$3,'Casillas del horario'!$S$4:$S$73,0))="","",INDEX('Casillas del horario'!$A$4:$A$73,MATCH("Profesor de H en 10-4"&"|"&$A4&"|"&B$3,'Casillas del horario'!$S$4:$S$73,0))),"")&" (+"&(COUNTIF('Casillas del horario'!$S$4:$S$73,"Profesor de H en 10-4"&"|"&$A4&"|"&B$3)-1)&")",IFERROR(IF(INDEX('Casillas del horario'!$A$4:$A$73,MATCH("Profesor de H en 10-4"&"|"&$A4&"|"&B$3,'Casillas del horario'!$S$4:$S$73,0))="","",INDEX('Casillas del horario'!$A$4:$A$73,MATCH("Profesor de H en 10-4"&"|"&$A4&"|"&B$3,'Casillas del horario'!$S$4:$S$73,0))),"")) | C4: =IF(COUNTIF('Casillas del horario'!$S$4:$S$73,"Profesor de H en 10-4"&"|"&$A4&"|"&C$3)>1,IFERROR(IF(INDEX('Casillas del horario'!$A$4:$A$73,MATCH("Profesor de H en 10-4"&"|"&$A4&"|"&C$3,'Casillas del horario'!$S$4:$S$73,0))="","",INDEX('Casillas del horario'!$A$4:$A$73,MATCH("Profesor de H en 10-4"&"|"&$A4&"|"&C$3,'Casillas del horario'!$S$4:$S$73,0))),"")&" (+"&(COUNTIF('Casillas del horario'!$S$4:$S$73,"Profesor de H en 10-4"&"|"&$A4&"|"&C$3)-1)&")",IFERROR(IF(INDEX('Casillas del horario'!$A$4:$A$73,MATCH("Profesor de H en 10-4"&"|"&$A4&"|"&C$3,'Casillas del horario'!$S$4:$S$73,0))="","",INDEX('Casillas del horario'!$A$4:$A$73,MATCH("Profesor de H en 10-4"&"|"&$A4&"|"&C$3,'Casillas del horario'!$S$4:$S$73,0))),"")) | D4: =IF(COUNTIF('Casillas del horario'!$S$4:$S$73,"Profesor de H en 10-4"&"|"&$A4&"|"&D$3)>1,IFERROR(IF(INDEX('Casillas del horario'!$A$4:$A$73,MATCH("Profesor de H en 10-4"&"|"&$A4&"|"&D$3,'Casillas del horario'!$S$4:$S$73,0))="","",INDEX('Casillas del horario'!$A$4:$A$73,MATCH("Profesor de H en 10-4"&"|"&$A4&"|"&D$3,'Casillas del horario'!$S$4:$S$73,0))),"")&" (+"&(COUNTIF('Casillas del horario'!$S$4:$S$73,"Profesor de H en 10-4"&"|"&$A4&"|"&D$3)-1)&")",IFERROR(IF(INDEX('Casillas del horario'!$A$4:$A$73,MATCH("Profesor de H en 10-4"&"|"&$A4&"|"&D$3,'Casillas del horario'!$S$4:$S$73,0))="","",INDEX('Casillas del horario'!$A$4:$A$73,MATCH("Profesor de H en 10-4"&"|"&$A4&"|"&D$3,'Casillas del horario'!$S$4:$S$73,0))),""))
A5: 5 | B5: =IF(COUNTIF('Casillas del horario'!$S$4:$S$73,"Profesor de H en 10-4"&"|"&$A5&"|"&B$3)>1,IFERROR(IF(INDEX('Casillas del horario'!$A$4:$A$73,MATCH("Profesor de H en 10-4"&"|"&$A5&"|"&B$3,'Casillas del horario'!$S$4:$S$73,0))="","",INDEX('Casillas del horario'!$A$4:$A$73,MATCH("Profesor de H en 10-4"&"|"&$A5&"|"&B$3,'Casillas del horario'!$S$4:$S$73,0))),"")&" (+"&(COUNTIF('Casillas del horario'!$S$4:$S$73,"Profesor de H en 10-4"&"|"&$A5&"|"&B$3)-1)&")",IFERROR(IF(INDEX('Casillas del horario'!$A$4:$A$73,MATCH("Profesor de H en 10-4"&"|"&$A5&"|"&B$3,'Casillas del horario'!$S$4:$S$73,0))="","",INDEX('Casillas del horario'!$A$4:$A$73,MATCH("Profesor de H en 10-4"&"|"&$A5&"|"&B$3,'Casillas del horario'!$S$4:$S$73,0))),"")) | C5: =IF(COUNTIF('Casillas del horario'!$S$4:$S$73,"Profesor de H en 10-4"&"|"&$A5&"|"&C$3)>1,IFERROR(IF(INDEX('Casillas del horario'!$A$4:$A$73,MATCH("Profesor de H en 10-4"&"|"&$A5&"|"&C$3,'Casillas del horario'!$S$4:$S$73,0))="","",INDEX('Casillas del horario'!$A$4:$A$73,MATCH("Profesor de H en 10-4"&"|"&$A5&"|"&C$3,'Casillas del horario'!$S$4:$S$73,0))),"")&" (+"&(COUNTIF('Casillas del horario'!$S$4:$S$73,"Profesor de H en 10-4"&"|"&$A5&"|"&C$3)-1)&")",IFERROR(IF(INDEX('Casillas del horario'!$A$4:$A$73,MATCH("Profesor de H en 10-4"&"|"&$A5&"|"&C$3,'Casillas del horario'!$S$4:$S$73,0))="","",INDEX('Casillas del horario'!$A$4:$A$73,MATCH("Profesor de H en 10-4"&"|"&$A5&"|"&C$3,'Casillas del horario'!$S$4:$S$73,0))),"")) | D5: =IF(COUNTIF('Casillas del horario'!$S$4:$S$73,"Profesor de H en 10-4"&"|"&$A5&"|"&D$3)>1,IFERROR(IF(INDEX('Casillas del horario'!$A$4:$A$73,MATCH("Profesor de H en 10-4"&"|"&$A5&"|"&D$3,'Casillas del horario'!$S$4:$S$73,0))="","",INDEX('Casillas del horario'!$A$4:$A$73,MATCH("Profesor de H en 10-4"&"|"&$A5&"|"&D$3,'Casillas del horario'!$S$4:$S$73,0))),"")&" (+"&(COUNTIF('Casillas del horario'!$S$4:$S$73,"Profesor de H en 10-4"&"|"&$A5&"|"&D$3)-1)&")",IFERROR(IF(INDEX('Casillas del horario'!$A$4:$A$73,MATCH("Profesor de H en 10-4"&"|"&$A5&"|"&D$3,'Casillas del horario'!$S$4:$S$73,0))="","",INDEX('Casillas del horario'!$A$4:$A$73,MATCH("Profesor de H en 10-4"&"|"&$A5&"|"&D$3,'Casillas del horario'!$S$4:$S$73,0))),""))
A6: 6 | B6: =IF(COUNTIF('Casillas del horario'!$S$4:$S$73,"Profesor de H en 10-4"&"|"&$A6&"|"&B$3)>1,IFERROR(IF(INDEX('Casillas del horario'!$A$4:$A$73,MATCH("Profesor de H en 10-4"&"|"&$A6&"|"&B$3,'Casillas del horario'!$S$4:$S$73,0))="","",INDEX('Casillas del horario'!$A$4:$A$73,MATCH("Profesor de H en 10-4"&"|"&$A6&"|"&B$3,'Casillas del horario'!$S$4:$S$73,0))),"")&" (+"&(COUNTIF('Casillas del horario'!$S$4:$S$73,"Profesor de H en 10-4"&"|"&$A6&"|"&B$3)-1)&")",IFERROR(IF(INDEX('Casillas del horario'!$A$4:$A$73,MATCH("Profesor de H en 10-4"&"|"&$A6&"|"&B$3,'Casillas del horario'!$S$4:$S$73,0))="","",INDEX('Casillas del horario'!$A$4:$A$73,MATCH("Profesor de H en 10-4"&"|"&$A6&"|"&B$3,'Casillas del horario'!$S$4:$S$73,0))),"")) | C6: =IF(COUNTIF('Casillas del horario'!$S$4:$S$73,"Profesor de H en 10-4"&"|"&$A6&"|"&C$3)>1,IFERROR(IF(INDEX('Casillas del horario'!$A$4:$A$73,MATCH("Profesor de H en 10-4"&"|"&$A6&"|"&C$3,'Casillas del horario'!$S$4:$S$73,0))="","",INDEX('Casillas del horario'!$A$4:$A$73,MATCH("Profesor de H en 10-4"&"|"&$A6&"|"&C$3,'Casillas del horario'!$S$4:$S$73,0))),"")&" (+"&(COUNTIF('Casillas del horario'!$S$4:$S$73,"Profesor de H en 10-4"&"|"&$A6&"|"&C$3)-1)&")",IFERROR(IF(INDEX('Casillas del horario'!$A$4:$A$73,MATCH("Profesor de H en 10-4"&"|"&$A6&"|"&C$3,'Casillas del horario'!$S$4:$S$73,0))="","",INDEX('Casillas del horario'!$A$4:$A$73,MATCH("Profesor de H en 10-4"&"|"&$A6&"|"&C$3,'Casillas del horario'!$S$4:$S$73,0))),"")) | D6: =IF(COUNTIF('Casillas del horario'!$S$4:$S$73,"Profesor de H en 10-4"&"|"&$A6&"|"&D$3)>1,IFERROR(IF(INDEX('Casillas del horario'!$A$4:$A$73,MATCH("Profesor de H en 10-4"&"|"&$A6&"|"&D$3,'Casillas del horario'!$S$4:$S$73,0))="","",INDEX('Casillas del horario'!$A$4:$A$73,MATCH("Profesor de H en 10-4"&"|"&$A6&"|"&D$3,'Casillas del horario'!$S$4:$S$73,0))),"")&" (+"&(COUNTIF('Casillas del horario'!$S$4:$S$73,"Profesor de H en 10-4"&"|"&$A6&"|"&D$3)-1)&")",IFERROR(IF(INDEX('Casillas del horario'!$A$4:$A$73,MATCH("Profesor de H en 10-4"&"|"&$A6&"|"&D$3,'Casillas del horario'!$S$4:$S$73,0))="","",INDEX('Casillas del horario'!$A$4:$A$73,MATCH("Profesor de H en 10-4"&"|"&$A6&"|"&D$3,'Casillas del horario'!$S$4:$S$73,0))),""))

Sheet Horario - Profesor de G en 10-4
A1: Horario - Profesor de G en 10-4
A3: Turno | B3: MI | C3: M
A4: 4 | B4: =IF(COUNTIF('Casillas del horario'!$S$4:$S$73,"Profesor de G en 10-4"&"|"&$A4&"|"&B$3)>1,IFERROR(IF(INDEX('Casillas del horario'!$A$4:$A$73,MATCH("Profesor de G en 10-4"&"|"&$A4&"|"&B$3,'Casillas del horario'!$S$4:$S$73,0))="","",INDEX('Casillas del horario'!$A$4:$A$73,MATCH("Profesor de G en 10-4"&"|"&$A4&"|"&B$3,'Casillas del horario'!$S$4:$S$73,0))),"")&" (+"&(COUNTIF('Casillas del horario'!$S$4:$S$73,"Profesor de G en 10-4"&"|"&$A4&"|"&B$3)-1)&")",IFERROR(IF(INDEX('Casillas del horario'!$A$4:$A$73,MATCH("Profesor de G en 10-4"&"|"&$A4&"|"&B$3,'Casillas del horario'!$S$4:$S$73,0))="","",INDEX('Casillas del horario'!$A$4:$A$73,MATCH("Profesor de G en 10-4"&"|"&$A4&"|"&B$3,'Casillas del horario'!$S$4:$S$73,0))),"")) | C4: =IF(COUNTIF('Casillas del horario'!$S$4:$S$73,"Profesor de G en 10-4"&"|"&$A4&"|"&C$3)>1,IFERROR(IF(INDEX('Casillas del horario'!$A$4:$A$73,MATCH("Profesor de G en 10-4"&"|"&$A4&"|"&C$3,'Casillas del horario'!$S$4:$S$73,0))="","",INDEX('Casillas del horario'!$A$4:$A$73,MATCH("Profesor de G en 10-4"&"|"&$A4&"|"&C$3,'Casillas del horario'!$S$4:$S$73,0))),"")&" (+"&(COUNTIF('Casillas del horario'!$S$4:$S$73,"Profesor de G en 10-4"&"|"&$A4&"|"&C$3)-1)&")",IFERROR(IF(INDEX('Casillas del horario'!$A$4:$A$73,MATCH("Profesor de G en 10-4"&"|"&$A4&"|"&C$3,'Casillas del horario'!$S$4:$S$73,0))="","",INDEX('Casillas del horario'!$A$4:$A$73,MATCH("Profesor de G en 10-4"&"|"&$A4&"|"&C$3,'Casillas del horario'!$S$4:$S$73,0))),""))
A5: 6 | B5: =IF(COUNTIF('Casillas del horario'!$S$4:$S$73,"Profesor de G en 10-4"&"|"&$A5&"|"&B$3)>1,IFERROR(IF(INDEX('Casillas del horario'!$A$4:$A$73,MATCH("Profesor de G en 10-4"&"|"&$A5&"|"&B$3,'Casillas del horario'!$S$4:$S$73,0))="","",INDEX('Casillas del horario'!$A$4:$A$73,MATCH("Profesor de G en 10-4"&"|"&$A5&"|"&B$3,'Casillas del horario'!$S$4:$S$73,0))),"")&" (+"&(COUNTIF('Casillas del horario'!$S$4:$S$73,"Profesor de G en 10-4"&"|"&$A5&"|"&B$3)-1)&")",IFERROR(IF(INDEX('Casillas del horario'!$A$4:$A$73,MATCH("Profesor de G en 10-4"&"|"&$A5&"|"&B$3,'Casillas del horario'!$S$4:$S$73,0))="","",INDEX('Casillas del horario'!$A$4:$A$73,MATCH("Profesor de G en 10-4"&"|"&$A5&"|"&B$3,'Casillas del horario'!$S$4:$S$73,0))),"")) | C5: =IF(COUNTIF('Casillas del horario'!$S$4:$S$73,"Profesor de G en 10-4"&"|"&$A5&"|"&C$3)>1,IFERROR(IF(INDEX('Casillas del horario'!$A$4:$A$73,MATCH("Profesor de G en 10-4"&"|"&$A5&"|"&C$3,'Casillas del horario'!$S$4:$S$73,0))="","",INDEX('Casillas del horario'!$A$4:$A$73,MATCH("Profesor de G en 10-4"&"|"&$A5&"|"&C$3,'Casillas del horario'!$S$4:$S$73,0))),"")&" (+"&(COUNTIF('Casillas del horario'!$S$4:$S$73,"Profesor de G en 10-4"&"|"&$A5&"|"&C$3)-1)&")",IFERROR(IF(INDEX('Casillas del horario'!$A$4:$A$73,MATCH("Profesor de G en 10-4"&"|"&$A5&"|"&C$3,'Casillas del horario'!$S$4:$S$73,0))="","",INDEX('Casillas del horario'!$A$4:$A$73,MATCH("Profesor de G en 10-4"&"|"&$A5&"|"&C$3,'Casillas del horario'!$S$4:$S$73,0))),""))

Sheet Profesor de INF en 10-4
A1: Profesor de INF en 10-4
A3: Turno | B3: J
A4: 4 | B4: =IF(COUNTIF('Casillas del horario'!$S$4:$S$73,"Profesor de INF en 10-4"&"|"&$A4&"|"&B$3)>1,IFERROR(IF(INDEX('Casillas del horario'!$A$4:$A$73,MATCH("Profesor de INF en 10-4"&"|"&$A4&"|"&B$3,'Casillas del horario'!$S$4:$S$73,0))="","",INDEX('Casillas del horario'!$A$4:$A$73,MATCH("Profesor de INF en 10-4"&"|"&$A4&"|"&B$3,'Casillas del horario'!$S$4:$S$73,0))),"")&" (+"&(COUNTIF('Casillas del horario'!$S$4:$S$73,"Profesor de INF en 10-4"&"|"&$A4&"|"&B$3)-1)&")",IFERROR(IF(INDEX('Casillas del horario'!$A$4:$A$73,MATCH("Profesor de INF en 10-4"&"|"&$A4&"|"&B$3,'Casillas del horario'!$S$4:$S$73,0))="","",INDEX('Casillas del horario'!$A$4:$A$73,MATCH("Profesor de INF en 10-4"&"|"&$A4&"|"&B$3,'Casillas del horario'!$S$4:$S$73,0))),""))

Sheet Profesor de CA en 10-3
A1: Profesor de CA en 10-3
A3: Turno | B3: L
A4: 5 | B4: =IF(COUNTIF('Casillas del horario'!$S$4:$S$73,"Profesor de CA en 10-3"&"|"&$A4&"|"&B$3)>1,IFERROR(IF(INDEX('Casillas del horario'!$A$4:$A$73,MATCH("Profesor de CA en 10-3"&"|"&$A4&"|"&B$3,'Casillas del horario'!$S$4:$S$73,0))="","",INDEX('Casillas del horario'!$A$4:$A$73,MATCH("Profesor de CA en 10-3"&"|"&$A4&"|"&B$3,'Casillas del horario'!$S$4:$S$73,0))),"")&" (+"&(COUNTIF('Casillas del horario'!$S$4:$S$73,"Profesor de CA en 10-3"&"|"&$A4&"|"&B$3)-1)&")",IFERROR(IF(INDEX('Casillas del horario'!$A$4:$A$73,MATCH("Profesor de CA en 10-3"&"|"&$A4&"|"&B$3,'Casillas del horario'!$S$4:$S$73,0))="","",INDEX('Casillas del horario'!$A$4:$A$73,MATCH("Profesor de CA en 10-3"&"|"&$A4&"|"&B$3,'Casillas del horario'!$S$4:$S$73,0))),""))

Sheet Horario - Profesor de G en 10-3
A1: Horario - Profesor de G en 10-3
A3: Turno | B3: M | C3: MI
A4: 5 | B4: =IF(COUNTIF('Casillas del horario'!$S$4:$S$73,"Profesor de G en 10-3"&"|"&$A4&"|"&B$3)>1,IFERROR(IF(INDEX('Casillas del horario'!$A$4:$A$73,MATCH("Profesor de G en 10-3"&"|"&$A4&"|"&B$3,'Casillas del horario'!$S$4:$S$73,0))="","",INDEX('Casillas del horario'!$A$4:$A$73,MATCH("Profesor de G en 10-3"&"|"&$A4&"|"&B$3,'Casillas del horario'!$S$4:$S$73,0))),"")&" (+"&(COUNTIF('Casillas del horario'!$S$4:$S$73,"Profesor de G en 10-3"&"|"&$A4&"|"&B$3)-1)&")",IFERROR(IF(INDEX('Casillas del horario'!$A$4:$A$73,MATCH("Profesor de G en 10-3"&"|"&$A4&"|"&B$3,'Casillas del horario'!$S$4:$S$73,0))="","",INDEX('Casillas del horario'!$A$4:$A$73,MATCH("Profesor de G en 10-3"&"|"&$A4&"|"&B$3,'Casillas del horario'!$S$4:$S$73,0))),"")) | C4: =IF(COUNTIF('Casillas del horario'!$S$4:$S$73,"Profesor de G en 10-3"&"|"&$A4&"|"&C$3)>1,IFERROR(IF(INDEX('Casillas del horario'!$A$4:$A$73,MATCH("Profesor de G en 10-3"&"|"&$A4&"|"&C$3,'Casillas del horario'!$S$4:$S$73,0))="","",INDEX('Casillas del horario'!$A$4:$A$73,MATCH("Profesor de G en 10-3"&"|"&$A4&"|"&C$3,'Casillas del horario'!$S$4:$S$73,0))),"")&" (+"&(COUNTIF('Casillas del horario'!$S$4:$S$73,"Profesor de G en 10-3"&"|"&$A4&"|"&C$3)-1)&")",IFERROR(IF(INDEX('Casillas del horario'!$A$4:$A$73,MATCH("Profesor de G en 10-3"&"|"&$A4&"|"&C$3,'Casillas del horario'!$S$4:$S$73,0))="","",INDEX('Casillas del horario'!$A$4:$A$73,MATCH("Profesor de G en 10-3"&"|"&$A4&"|"&C$3,'Casillas del horario'!$S$4:$S$73,0))),""))

Sheet Profesor de RD en 10-4
A1: Profesor de RD en 10-4
A3: Turno | B3: L
A4: 5 | B4: =IF(COUNTIF('Casillas del horario'!$S$4:$S$73,"Profesor de RD en 10-4"&"|"&$A4&"|"&B$3)>1,IFERROR(IF(INDEX('Casillas del horario'!$A$4:$A$73,MATCH("Profesor de RD en 10-4"&"|"&$A4&"|"&B$3,'Casillas del horario'!$S$4:$S$73,0))="","",INDEX('Casillas del horario'!$A$4:$A$73,MATCH("Profesor de RD en 10-4"&"|"&$A4&"|"&B$3,'Casillas del horario'!$S$4:$S$73,0))),"")&" (+"&(COUNTIF('Casillas del horario'!$S$4:$S$73,"Profesor de RD en 10-4"&"|"&$A4&"|"&B$3)-1)&")",IFERROR(IF(INDEX('Casillas del horario'!$A$4:$A$73,MATCH("Profesor de RD en 10-4"&"|"&$A4&"|"&B$3,'Casillas del horario'!$S$4:$S$73,0))="","",INDEX('Casillas del horario'!$A$4:$A$73,MATCH("Profesor de RD en 10-4"&"|"&$A4&"|"&B$3,'Casillas del horario'!$S$4:$S$73,0))),""))

Sheet Profesor de DC en 10-4
A1: Profesor de DC en 10-4
A3: Turno | B3: M
A4: 5 | B4: =IF(COUNTIF('Casillas del horario'!$S$4:$S$73,"Profesor de DC en 10-4"&"|"&$A4&"|"&B$3)>1,IFERROR(IF(INDEX('Casillas del horario'!$A$4:$A$73,MATCH("Profesor de DC en 10-4"&"|"&$A4&"|"&B$3,'Casillas del horario'!$S$4:$S$73,0))="","",INDEX('Casillas del horario'!$A$4:$A$73,MATCH("Profesor de DC en 10-4"&"|"&$A4&"|"&B$3,'Casillas del horario'!$S$4:$S$73,0))),"")&" (+"&(COUNTIF('Casillas del horario'!$S$4:$S$73,"Profesor de DC en 10-4"&"|"&$A4&"|"&B$3)-1)&")",IFERROR(IF(INDEX('Casillas del horario'!$A$4:$A$73,MATCH("Profesor de DC en 10-4"&"|"&$A4&"|"&B$3,'Casillas del horario'!$S$4:$S$73,0))="","",INDEX('Casillas del horario'!$A$4:$A$73,MATCH("Profesor de DC en 10-4"&"|"&$A4&"|"&B$3,'Casillas del horario'!$S$4:$S$73,0))),""))

Sheet Horario - Profesor de Q en 10-4
A1: Horario - Profesor de Q en 10-4
A3: Turno | B3: V
A4: 5 | B4: =IF(COUNTIF('Casillas del horario'!$S$4:$S$73,"Profesor de Q en 10-4"&"|"&$A4&"|"&B$3)>1,IFERROR(IF(INDEX('Casillas del horario'!$A$4:$A$73,MATCH("Profesor de Q en 10-4"&"|"&$A4&"|"&B$3,'Casillas del horario'!$S$4:$S$73,0))="","",INDEX('Casillas del horario'!$A$4:$A$73,MATCH("Profesor de Q en 10-4"&"|"&$A4&"|"&B$3,'Casillas del horario'!$S$4:$S$73,0))),"")&" (+"&(COUNTIF('Casillas del horario'!$S$4:$S$73,"Profesor de Q en 10-4"&"|"&$A4&"|"&B$3)-1)&")",IFERROR(IF(INDEX('Casillas del horario'!$A$4:$A$73,MATCH("Profesor de Q en 10-4"&"|"&$A4&"|"&B$3,'Casillas del horario'!$S$4:$S$73,0))="","",INDEX('Casillas del horario'!$A$4:$A$73,MATCH("Profesor de Q en 10-4"&"|"&$A4&"|"&B$3,'Casillas del horario'!$S$4:$S$73,0))),""))

Sheet Profesor de RD en 10-3
A1: Profesor de RD en 10-3
A3: Turno | B3: M
A4: 6 | B4: =IF(COUNTIF('Casillas del horario'!$S$4:$S$73,"Profesor de RD en 10-3"&"|"&$A4&"|"&B$3)>1,IFERROR(IF(INDEX('Casillas del horario'!$A$4:$A$73,MATCH("Profesor de RD en 10-3"&"|"&$A4&"|"&B$3,'Casillas del horario'!$S$4:$S$73,0))="","",INDEX('Casillas del horario'!$A$4:$A$73,MATCH("Profesor de RD en 10-3"&"|"&$A4&"|"&B$3,'Casillas del horario'!$S$4:$S$73,0))),"")&" (+"&(COUNTIF('Casillas del horario'!$S$4:$S$73,"Profesor de RD en 10-3"&"|"&$A4&"|"&B$3)-1)&")",IFERROR(IF(INDEX('Casillas del horario'!$A$4:$A$73,MATCH("Profesor de RD en 10-3"&"|"&$A4&"|"&B$3,'Casillas del horario'!$S$4:$S$73,0))="","",INDEX('Casillas del horario'!$A$4:$A$73,MATCH("Profesor de RD en 10-3"&"|"&$A4&"|"&B$3,'Casillas del horario'!$S$4:$S$73,0))),""))

Sheet Profesor de ALAC en 10-3
A1: Profesor de ALAC en 10-3
A3: Turno | B3: MI
A4: 7 | B4: =IF(COUNTIF('Casillas del horario'!$S$4:$S$73,"Profesor de AL/AC en 10-3"&"|"&$A4&"|"&B$3)>1,IFERROR(IF(INDEX('Casillas del horario'!$A$4:$A$73,MATCH("Profesor de AL/AC en 10-3"&"|"&$A4&"|"&B$3,'Casillas del horario'!$S$4:$S$73,0))="","",INDEX('Casillas del horario'!$A$4:$A$73,MATCH("Profesor de AL/AC en 10-3"&"|"&$A4&"|"&B$3,'Casillas del horario'!$S$4:$S$73,0))),"")&" (+"&(COUNTIF('Casillas del horario'!$S$4:$S$73,"Profesor de AL/AC en 10-3"&"|"&$A4&"|"&B$3)-1)&")",IFERROR(IF(INDEX('Casillas del horario'!$A$4:$A$73,MATCH("Profesor de AL/AC en 10-3"&"|"&$A4&"|"&B$3,'Casillas del horario'!$S$4:$S$73,0))="","",INDEX('Casillas del horario'!$A$4:$A$73,MATCH("Profesor de AL/AC en 10-3"&"|"&$A4&"|"&B$3,'Casillas del horario'!$S$4:$S$73,0))),""))

Sheet Profesor de ALAC en 10-4
A1: Profesor de ALAC en 10-4
A3: Turno | B3: L
A4: 7 | B4: =IF(COUNTIF('Casillas del horario'!$S$4:$S$73,"Profesor de AL/AC en 10-4"&"|"&$A4&"|"&B$3)>1,IFERROR(IF(INDEX('Casillas del horario'!$A$4:$A$73,MATCH("Profesor de AL/AC en 10-4"&"|"&$A4&"|"&B$3,'Casillas del horario'!$S$4:$S$73,0))="","",INDEX('Casillas del horario'!$A$4:$A$73,MATCH("Profesor de AL/AC en 10-4"&"|"&$A4&"|"&B$3,'Casillas del horario'!$S$4:$S$73,0))),"")&" (+"&(COUNTIF('Casillas del horario'!$S$4:$S$73,"Profesor de AL/AC en 10-4"&"|"&$A4&"|"&B$3)-1)&")",IFERROR(IF(INDEX('Casillas del horario'!$A$4:$A$73,MATCH("Profesor de AL/AC en 10-4"&"|"&$A4&"|"&B$3,'Casillas del horario'!$S$4:$S$73,0))="","",INDEX('Casillas del horario'!$A$4:$A$73,MATCH("Profesor de AL/AC en 10-4"&"|"&$A4&"|"&B$3,'Casillas del horario'!$S$4:$S$73,0))),""))

Sheet Horario del aula - Terreno
A1: Horario del aula - Terreno
A3: Turno | B3: L | C3: MI
A4: 1 | B4: =IF(COUNTIF('Casillas del horario'!$T$4:$T$73,"Terreno"&"|"&$A4&"|"&B$3)>1,IFERROR(IF(INDEX('Casillas del horario'!$A$4:$A$73,MATCH("Terreno"&"|"&$A4&"|"&B$3,'Casillas del horario'!$T$4:$T$73,0))="","",INDEX('Casillas del horario'!$A$4:$A$73,MATCH("Terreno"&"|"&$A4&"|"&B$3,'Casillas del horario'!$T$4:$T$73,0))),"")&" (+"&(COUNTIF('Casillas del horario'!$T$4:$T$73,"Terreno"&"|"&$A4&"|"&B$3)-1)&")",IFERROR(IF(INDEX('Casillas del horario'!$A$4:$A$73,MATCH("Terreno"&"|"&$A4&"|"&B$3,'Casillas del horario'!$T$4:$T$73,0))="","",INDEX('Casillas del horario'!$A$4:$A$73,MATCH("Terreno"&"|"&$A4&"|"&B$3,'Casillas del horario'!$T$4:$T$73,0))),"")) | C4: =IF(COUNTIF('Casillas del horario'!$T$4:$T$73,"Terreno"&"|"&$A4&"|"&C$3)>1,IFERROR(IF(INDEX('Casillas del horario'!$A$4:$A$73,MATCH("Terreno"&"|"&$A4&"|"&C$3,'Casillas del horario'!$T$4:$T$73,0))="","",INDEX('Casillas del horario'!$A$4:$A$73,MATCH("Terreno"&"|"&$A4&"|"&C$3,'Casillas del horario'!$T$4:$T$73,0))),"")&" (+"&(COUNTIF('Casillas del horario'!$T$4:$T$73,"Terreno"&"|"&$A4&"|"&C$3)-1)&")",IFERROR(IF(INDEX('Casillas del horario'!$A$4:$A$73,MATCH("Terreno"&"|"&$A4&"|"&C$3,'Casillas del horario'!$T$4:$T$73,0))="","",INDEX('Casillas del horario'!$A$4:$A$73,MATCH("Terreno"&"|"&$A4&"|"&C$3,'Casillas del horario'!$T$4:$T$73,0))),""))
A5: 2 | B5: =IF(COUNTIF('Casillas del horario'!$T$4:$T$73,"Terreno"&"|"&$A5&"|"&B$3)>1,IFERROR(IF(INDEX('Casillas del horario'!$A$4:$A$73,MATCH("Terreno"&"|"&$A5&"|"&B$3,'Casillas del horario'!$T$4:$T$73,0))="","",INDEX('Casillas del horario'!$A$4:$A$73,MATCH("Terreno"&"|"&$A5&"|"&B$3,'Casillas del horario'!$T$4:$T$73,0))),"")&" (+"&(COUNTIF('Casillas del horario'!$T$4:$T$73,"Terreno"&"|"&$A5&"|"&B$3)-1)&")",IFERROR(IF(INDEX('Casillas del horario'!$A$4:$A$73,MATCH("Terreno"&"|"&$A5&"|"&B$3,'Casillas del horario'!$T$4:$T$73,0))="","",INDEX('Casillas del horario'!$A$4:$A$73,MATCH("Terreno"&"|"&$A5&"|"&B$3,'Casillas del horario'!$T$4:$T$73,0))),"")) | C5: =IF(COUNTIF('Casillas del horario'!$T$4:$T$73,"Terreno"&"|"&$A5&"|"&C$3)>1,IFERROR(IF(INDEX('Casillas del horario'!$A$4:$A$73,MATCH("Terreno"&"|"&$A5&"|"&C$3,'Casillas del horario'!$T$4:$T$73,0))="","",INDEX('Casillas del horario'!$A$4:$A$73,MATCH("Terreno"&"|"&$A5&"|"&C$3,'Casillas del horario'!$T$4:$T$73,0))),"")&" (+"&(COUNTIF('Casillas del horario'!$T$4:$T$73,"Terreno"&"|"&$A5&"|"&C$3)-1)&")",IFERROR(IF(INDEX('Casillas del horario'!$A$4:$A$73,MATCH("Terreno"&"|"&$A5&"|"&C$3,'Casillas del horario'!$T$4:$T$73,0))="","",INDEX('Casillas del horario'!$A$4:$A$73,MATCH("Terreno"&"|"&$A5&"|"&C$3,'Casillas del horario'!$T$4:$T$73,0))),""))
A6: 3 | B6: =IF(COUNTIF('Casillas del horario'!$T$4:$T$73,"Terreno"&"|"&$A6&"|"&B$3)>1,IFERROR(IF(INDEX('Casillas del horario'!$A$4:$A$73,MATCH("Terreno"&"|"&$A6&"|"&B$3,'Casillas del horario'!$T$4:$T$73,0))="","",INDEX('Casillas del horario'!$A$4:$A$73,MATCH("Terreno"&"|"&$A6&"|"&B$3,'Casillas del horario'!$T$4:$T$73,0))),"")&" (+"&(COUNTIF('Casillas del horario'!$T$4:$T$73,"Terreno"&"|"&$A6&"|"&B$3)-1)&")",IFERROR(IF(INDEX('Casillas del horario'!$A$4:$A$73,MATCH("Terreno"&"|"&$A6&"|"&B$3,'Casillas del horario'!$T$4:$T$73,0))="","",INDEX('Casillas del horario'!$A$4:$A$73,MATCH("Terreno"&"|"&$A6&"|"&B$3,'Casillas del horario'!$T$4:$T$73,0))),"")) | C6: =IF(COUNTIF('Casillas del horario'!$T$4:$T$73,"Terreno"&"|"&$A6&"|"&C$3)>1,IFERROR(IF(INDEX('Casillas del horario'!$A$4:$A$73,MATCH("Terreno"&"|"&$A6&"|"&C$3,'Casillas del horario'!$T$4:$T$73,0))="","",INDEX('Casillas del horario'!$A$4:$A$73,MATCH("Terreno"&"|"&$A6&"|"&C$3,'Casillas del horario'!$T$4:$T$73,0))),"")&" (+"&(COUNTIF('Casillas del horario'!$T$4:$T$73,"Terreno"&"|"&$A6&"|"&C$3)-1)&")",IFERROR(IF(INDEX('Casillas del horario'!$A$4:$A$73,MATCH("Terreno"&"|"&$A6&"|"&C$3,'Casillas del horario'!$T$4:$T$73,0))="","",INDEX('Casillas del horario'!$A$4:$A$73,MATCH("Terreno"&"|"&$A6&"|"&C$3,'Casillas del horario'!$T$4:$T$73,0))),""))

Sheet Horario del aula - Aula 10-3
A1: Horario del aula - Aula 10-3
A3: Turno | B3: M | C3: V | D3: L | E3: MI | F3: J
A4: 1 | B4: =IF(COUNTIF('Casillas del horario'!$T$4:$T$73,"Aula 10-3"&"|"&$A4&"|"&B$3)>1,IFERROR(IF(INDEX('Casillas del horario'!$A$4:$A$73,MATCH("Aula 10-3"&"|"&$A4&"|"&B$3,'Casillas del horario'!$T$4:$T$73,0))="","",INDEX('Casillas del horario'!$A$4:$A$73,MATCH("Aula 10-3"&"|"&$A4&"|"&B$3,'Casillas del horario'!$T$4:$T$73,0))),"")&" (+"&(COUNTIF('Casillas del horario'!$T$4:$T$73,"Aula 10-3"&"|"&$A4&"|"&B$3)-1)&")",IFERROR(IF(INDEX('Casillas del horario'!$A$4:$A$73,MATCH("Aula 10-3"&"|"&$A4&"|"&B$3,'Casillas del horario'!$T$4:$T$73,0))="","",INDEX('Casillas del horario'!$A$4:$A$73,MATCH("Aula 10-3"&"|"&$A4&"|"&B$3,'Casillas del horario'!$T$4:$T$73,0))),"")) | C4: =IF(COUNTIF('Casillas del horario'!$T$4:$T$73,"Aula 10-3"&"|"&$A4&"|"&C$3)>1,IFERROR(IF(INDEX('Casillas del horario'!$A$4:$A$73,MATCH("Aula 10-3"&"|"&$A4&"|"&C$3,'Casillas del horario'!$T$4:$T$73,0))="","",INDEX('Casillas del horario'!$A$4:$A$73,MATCH("Aula 10-3"&"|"&$A4&"|"&C$3,'Casillas del horario'!$T$4:$T$73,0))),"")&" (+"&(COUNTIF('Casillas del horario'!$T$4:$T$73,"Aula 10-3"&"|"&$A4&"|"&C$3)-1)&")",IFERROR(IF(INDEX('Casillas del horario'!$A$4:$A$73,MATCH("Aula 10-3"&"|"&$A4&"|"&C$3,'Casillas del horario'!$T$4:$T$73,0))="","",INDEX('Casillas del horario'!$A$4:$A$73,MATCH("Aula 10-3"&"|"&$A4&"|"&C$3,'Casillas del horario'!$T$4:$T$73,0))),"")) | D4: =IF(COUNTIF('Casillas del horario'!$T$4:$T$73,"Aula 10-3"&"|"&$A4&"|"&D$3)>1,IFERROR(IF(INDEX('Casillas del horario'!$A$4:$A$73,MATCH("Aula 10-3"&"|"&$A4&"|"&D$3,'Casillas del horario'!$T$4:$T$73,0))="","",INDEX('Casillas del horario'!$A$4:$A$73,MATCH("Aula 10-3"&"|"&$A4&"|"&D$3,'Casillas del horario'!$T$4:$T$73,0))),"")&" (+"&(COUNTIF('Casillas del horario'!$T$4:$T$73,"Aula 10-3"&"|"&$A4&"|"&D$3)-1)&")",IFERROR(IF(INDEX('Casillas del horario'!$A$4:$A$73,MATCH("Aula 10-3"&"|"&$A4&"|"&D$3,'Casillas del horario'!$T$4:$T$73,0))="","",INDEX('Casillas del horario'!$A$4:$A$73,MATCH("Aula 10-3"&"|"&$A4&"|"&D$3,'Casillas del horario'!$T$4:$T$73,0))),"")) | E4: =IF(COUNTIF('Casillas del horario'!$T$4:$T$73,"Aula 10-3"&"|"&$A4&"|"&E$3)>1,IFERROR(IF(INDEX('Casillas del horario'!$A$4:$A$73,MATCH("Aula 10-3"&"|"&$A4&"|"&E$3,'Casillas del horario'!$T$4:$T$73,0))="","",INDEX('Casillas del horario'!$A$4:$A$73,MATCH("Aula 10-3"&"|"&$A4&"|"&E$3,'Casillas del horario'!$T$4:$T$73,0))),"")&" (+"&(COUNTIF('Casillas del horario'!$T$4:$T$73,"Aula 10-3"&"|"&$A4&"|"&E$3)-1)&")",IFERROR(IF(INDEX('Casillas del horario'!$A$4:$A$73,MATCH("Aula 10-3"&"|"&$A4&"|"&E$3,'Casillas del horario'!$T$4:$T$73,0))="","",INDEX('Casillas del horario'!$A$4:$A$73,MATCH("Aula 10-3"&"|"&$A4&"|"&E$3,'Casillas del horario'!$T$4:$T$73,0))),"")) | F4: =IF(COUNTIF('Casillas del horario'!$T$4:$T$73,"Aula 10-3"&"|"&$A4&"|"&F$3)>1,IFERROR(IF(INDEX('Casillas del horario'!$A$4:$A$73,MATCH("Aula 10-3"&"|"&$A4&"|"&F$3,'Casillas del horario'!$T$4:$T$73,0))="","",INDEX('Casillas del horario'!$A$4:$A$73,MATCH("Aula 10-3"&"|"&$A4&"|"&F$3,'Casillas del horario'!$T$4:$T$73,0))),"")&" (+"&(COUNTIF('Casillas del horario'!$T$4:$T$73,"Aula 10-3"&"|"&$A4&"|"&F$3)-1)&")",IFERROR(IF(INDEX('Casillas del horario'!$A$4:$A$73,MATCH("Aula 10-3"&"|"&$A4&"|"&F$3,'Casillas del horario'!$T$4:$T$73,0))="","",INDEX('Casillas del horario'!$A$4:$A$73,MATCH("Aula 10-3"&"|"&$A4&"|"&F$3,'Casillas del horario'!$T$4:$T$73,0))),""))
A5: 2 | B5: =IF(COUNTIF('Casillas del horario'!$T$4:$T$73,"Aula 10-3"&"|"&$A5&"|"&B$3)>1,IFERROR(IF(INDEX('Casillas del horario'!$A$4:$A$73,MATCH("Aula 10-3"&"|"&$A5&"|"&B$3,'Casillas del horario'!$T$4:$T$73,0))="","",INDEX('Casillas del horario'!$A$4:$A$73,MATCH("Aula 10-3"&"|"&$A5&"|"&B$3,'Casillas del horario'!$T$4:$T$73,0))),"")&" (+"&(COUNTIF('Casillas del horario'!$T$4:$T$73,"Aula 10-3"&"|"&$A5&"|"&B$3)-1)&")",IFERROR(IF(INDEX('Casillas del horario'!$A$4:$A$73,MATCH("Aula 10-3"&"|"&$A5&"|"&B$3,'Casillas del horario'!$T$4:$T$73,0))="","",INDEX('Casillas del horario'!$A$4:$A$73,MATCH("Aula 10-3"&"|"&$A5&"|"&B$3,'Casillas del horario'!$T$4:$T$73,0))),"")) | C5: =IF(COUNTIF('Casillas del horario'!$T$4:$T$73,"Aula 10-3"&"|"&$A5&"|"&C$3)>1,IFERROR(IF(INDEX('Casillas del horario'!$A$4:$A$73,MATCH("Aula 10-3"&"|"&$A5&"|"&C$3,'Casillas del horario'!$T$4:$T$73,0))="","",INDEX('Casillas del horario'!$A$4:$A$73,MATCH("Aula 10-3"&"|"&$A5&"|"&C$3,'Casillas del horario'!$T$4:$T$73,0))),"")&" (+"&(COUNTIF('Casillas del horario'!$T$4:$T$73,"Aula 10-3"&"|"&$A5&"|"&C$3)-1)&")",IFERROR(IF(INDEX('Casillas del horario'!$A$4:$A$73,MATCH("Aula 10-3"&"|"&$A5&"|"&C$3,'Casillas del horario'!$T$4:$T$73,0))="","",INDEX('Casillas del horario'!$A$4:$A$73,MATCH("Aula 10-3"&"|"&$A5&"|"&C$3,'Casillas del horario'!$T$4:$T$73,0))),"")) | D5: =IF(COUNTIF('Casillas del horario'!$T$4:$T$73,"Aula 10-3"&"|"&$A5&"|"&D$3)>1,IFERROR(IF(INDEX('Casillas del horario'!$A$4:$A$73,MATCH("Aula 10-3"&"|"&$A5&"|"&D$3,'Casillas del horario'!$T$4:$T$73,0))="","",INDEX('Casillas del horario'!$A$4:$A$73,MATCH("Aula 10-3"&"|"&$A5&"|"&D$3,'Casillas del horario'!$T$4:$T$73,0))),"")&" (+"&(COUNTIF('Casillas del horario'!$T$4:$T$73,"Aula 10-3"&"|"&$A5&"|"&D$3)-1)&")",IFERROR(IF(INDEX('Casillas del horario'!$A$4:$A$73,MATCH("Aula 10-3"&"|"&$A5&"|"&D$3,'Casillas del horario'!$T$4:$T$73,0))="","",INDEX('Casillas del horario'!$A$4:$A$73,MATCH("Aula 10-3"&"|"&$A5&"|"&D$3,'Casillas del horario'!$T$4:$T$73,0))),"")) | E5: =IF(COUNTIF('Casillas del horario'!$T$4:$T$73,"Aula 10-3"&"|"&$A5&"|"&E$3)>1,IFERROR(IF(INDEX('Casillas del horario'!$A$4:$A$73,MATCH("Aula 10-3"&"|"&$A5&"|"&E$3,'Casillas del horario'!$T$4:$T$73,0))="","",INDEX('Casillas del horario'!$A$4:$A$73,MATCH("Aula 10-3"&"|"&$A5&"|"&E$3,'Casillas del horario'!$T$4:$T$73,0))),"")&" (+"&(COUNTIF('Casillas del horario'!$T$4:$T$73,"Aula 10-3"&"|"&$A5&"|"&E$3)-1)&")",IFERROR(IF(INDEX('Casillas del horario'!$A$4:$A$73,MATCH("Aula 10-3"&"|"&$A5&"|"&E$3,'Casillas del horario'!$T$4:$T$73,0))="","",INDEX('Casillas del horario'!$A$4:$A$73,MATCH("Aula 10-3"&"|"&$A5&"|"&E$3,'Casillas del horario'!$T$4:$T$73,0))),"")) | F5: =IF(COUNTIF('Casillas del horario'!$T$4:$T$73,"Aula 10-3"&"|"&$A5&"|"&F$3)>1,IFERROR(IF(INDEX('Casillas del horario'!$A$4:$A$73,MATCH("Aula 10-3"&"|"&$A5&"|"&F$3,'Casillas del horario'!$T$4:$T$73,0))="","",INDEX('Casillas del horario'!$A$4:$A$73,MATCH("Aula 10-3"&"|"&$A5&"|"&F$3,'Casillas del horario'!$T$4:$T$73,0))),"")&" (+"&(COUNTIF('Casillas del horario'!$T$4:$T$73,"Aula 10-3"&"|"&$A5&"|"&F$3)-1)&")",IFERROR(IF(INDEX('Casillas del horario'!$A$4:$A$73,MATCH("Aula 10-3"&"|"&$A5&"|"&F$3,'Casillas del horario'!$T$4:$T$73,0))="","",INDEX('Casillas del horario'!$A$4:$A$73,MATCH("Aula 10-3"&"|"&$A5&"|"&F$3,'Casillas del horario'!$T$4:$T$73,0))),""))
A6: 3 | B6: =IF(COUNTIF('Casillas del horario'!$T$4:$T$73,"Aula 10-3"&"|"&$A6&"|"&B$3)>1,IFERROR(IF(INDEX('Casillas del horario'!$A$4:$A$73,MATCH("Aula 10-3"&"|"&$A6&"|"&B$3,'Casillas del horario'!$T$4:$T$73,0))="","",INDEX('Casillas del horario'!$A$4:$A$73,MATCH("Aula 10-3"&"|"&$A6&"|"&B$3,'Casillas del horario'!$T$4:$T$73,0))),"")&" (+"&(COUNTIF('Casillas del horario'!$T$4:$T$73,"Aula 10-3"&"|"&$A6&"|"&B$3)-1)&")",IFERROR(IF(INDEX('Casillas del horario'!$A$4:$A$73,MATCH("Aula 10-3"&"|"&$A6&"|"&B$3,'Casillas del horario'!$T$4:$T$73,0))="","",INDEX('Casillas del horario'!$A$4:$A$73,MATCH("Aula 10-3"&"|"&$A6&"|"&B$3,'Casillas del horario'!$T$4:$T$73,0))),"")) | C6: =IF(COUNTIF('Casillas del horario'!$T$4:$T$73,"Aula 10-3"&"|"&$A6&"|"&C$3)>1,IFERROR(IF(INDEX('Casillas del horario'!$A$4:$A$73,MATCH("Aula 10-3"&"|"&$A6&"|"&C$3,'Casillas del horario'!$T$4:$T$73,0))="","",INDEX('Casillas del horario'!$A$4:$A$73,MATCH("Aula 10-3"&"|"&$A6&"|"&C$3,'Casillas del horario'!$T$4:$T$73,0))),"")&" (+"&(COUNTIF('Casillas del horario'!$T$4:$T$73,"Aula 10-3"&"|"&$A6&"|"&C$3)-1)&")",IFERROR(IF(INDEX('Casillas del horario'!$A$4:$A$73,MATCH("Aula 10-3"&"|"&$A6&"|"&C$3,'Casillas del horario'!$T$4:$T$73,0))="","",INDEX('Casillas del horario'!$A$4:$A$73,MATCH("Aula 10-3"&"|"&$A6&"|"&C$3,'Casillas del horario'!$T$4:$T$73,0))),"")) | D6: =IF(COUNTIF('Casillas del horario'!$T$4:$T$73,"Aula 10-3"&"|"&$A6&"|"&D$3)>1,IFERROR(IF(INDEX('Casillas del horario'!$A$4:$A$73,MATCH("Aula 10-3"&"|"&$A6&"|"&D$3,'Casillas del horario'!$T$4:$T$73,0))="","",INDEX('Casillas del horario'!$A$4:$A$73,MATCH("Aula 10-3"&"|"&$A6&"|"&D$3,'Casillas del horario'!$T$4:$T$73,0))),"")&" (+"&(COUNTIF('Casillas del horario'!$T$4:$T$73,"Aula 10-3"&"|"&$A6&"|"&D$3)-1)&")",IFERROR(IF(INDEX('Casillas del horario'!$A$4:$A$73,MATCH("Aula 10-3"&"|"&$A6&"|"&D$3,'Casillas del horario'!$T$4:$T$73,0))="","",INDEX('Casillas del horario'!$A$4:$A$73,MATCH("Aula 10-3"&"|"&$A6&"|"&D$3,'Casillas del horario'!$T$4:$T$73,0))),"")) | E6: =IF(COUNTIF('Casillas del horario'!$T$4:$T$73,"Aula 10-3"&"|"&$A6&"|"&E$3)>1,IFERROR(IF(INDEX('Casillas del horario'!$A$4:$A$73,MATCH("Aula 10-3"&"|"&$A6&"|"&E$3,'Casillas del horario'!$T$4:$T$73,0))="","",INDEX('Casillas del horario'!$A$4:$A$73,MATCH("Aula 10-3"&"|"&$A6&"|"&E$3,'Casillas del horario'!$T$4:$T$73,0))),"")&" (+"&(COUNTIF('Casillas del horario'!$T$4:$T$73,"Aula 10-3"&"|"&$A6&"|"&E$3)-1)&")",IFERROR(IF(INDEX('Casillas del horario'!$A$4:$A$73,MATCH("Aula 10-3"&"|"&$A6&"|"&E$3,'Casillas del horario'!$T$4:$T$73,0))="","",INDEX('Casillas del horario'!$A$4:$A$73,MATCH("Aula 10-3"&"|"&$A6&"|"&E$3,'Casillas del horario'!$T$4:$T$73,0))),"")) | F6: =IF(COUNTIF('Casillas del horario'!$T$4:$T$73,"Aula 10-3"&"|"&$A6&"|"&F$3)>1,IFERROR(IF(INDEX('Casillas del horario'!$A$4:$A$73,MATCH("Aula 10-3"&"|"&$A6&"|"&F$3,'Casillas del horario'!$T$4:$T$73,0))="","",INDEX('Casillas del horario'!$A$4:$A$73,MATCH("Aula 10-3"&"|"&$A6&"|"&F$3,'Casillas del horario'!$T$4:$T$73,0))),"")&" (+"&(COUNTIF('Casillas del horario'!$T$4:$T$73,"Aula 10-3"&"|"&$A6&"|"&F$3)-1)&")",IFERROR(IF(INDEX('Casillas del horario'!$A$4:$A$73,MATCH("Aula 10-3"&"|"&$A6&"|"&F$3,'Casillas del horario'!$T$4:$T$73,0))="","",INDEX('Casillas del horario'!$A$4:$A$73,MATCH("Aula 10-3"&"|"&$A6&"|"&F$3,'Casillas del horario'!$T$4:$T$73,0))),""))
A7: 4 | B7: =IF(COUNTIF('Casillas del horario'!$T$4:$T$73,"Aula 10-3"&"|"&$A7&"|"&B$3)>1,IFERROR(IF(INDEX('Casillas del horario'!$A$4:$A$73,MATCH("Aula 10-3"&"|"&$A7&"|"&B$3,'Casillas del horario'!$T$4:$T$73,0))="","",INDEX('Casillas del horario'!$A$4:$A$73,MATCH("Aula 10-3"&"|"&$A7&"|"&B$3,'Casillas del horario'!$T$4:$T$73,0))),"")&" (+"&(COUNTIF('Casillas del horario'!$T$4:$T$73,"Aula 10-3"&"|"&$A7&"|"&B$3)-1)&")",IFERROR(IF(INDEX('Casillas del horario'!$A$4:$A$73,MATCH("Aula 10-3"&"|"&$A7&"|"&B$3,'Casillas del horario'!$T$4:$T$73,0))="","",INDEX('Casillas del horario'!$A$4:$A$73,MATCH("Aula 10-3"&"|"&$A7&"|"&B$3,'Casillas del horario'!$T$4:$T$73,0))),"")) | C7: =IF(COUNTIF('Casillas del horario'!$T$4:$T$73,"Aula 10-3"&"|"&$A7&"|"&C$3)>1,IFERROR(IF(INDEX('Casillas del horario'!$A$4:$A$73,MATCH("Aula 10-3"&"|"&$A7&"|"&C$3,'Casillas del horario'!$T$4:$T$73,0))="","",INDEX('Casillas del horario'!$A$4:$A$73,MATCH("Aula 10-3"&"|"&$A7&"|"&C$3,'Casillas del horario'!$T$4:$T$73,0))),"")&" (+"&(COUNTIF('Casillas del horario'!$T$4:$T$73,"Aula 10-3"&"|"&$A7&"|"&C$3)-1)&")",IFERROR(IF(INDEX('Casillas del horario'!$A$4:$A$73,MATCH("Aula 10-3"&"|"&$A7&"|"&C$3,'Casillas del horario'!$T$4:$T$73,0))="","",INDEX('Casillas del horario'!$A$4:$A$73,MATCH("Aula 10-3"&"|"&$A7&"|"&C$3,'Casillas del horario'!$T$4:$T$73,0))),"")) | D7: =IF(COUNTIF('Casillas del horario'!$T$4:$T$73,"Aula 10-3"&"|"&$A7&"|"&D$3)>1,IFERROR(IF(INDEX('Casillas del horario'!$A$4:$A$73,MATCH("Aula 10-3"&"|"&$A7&"|"&D$3,'Casillas del horario'!$T$4:$T$73,0))="","",INDEX('Casillas del horario'!$A$4:$A$73,MATCH("Aula 10-3"&"|"&$A7&"|"&D$3,'Casillas del horario'!$T$4:$T$73,0))),"")&" (+"&(COUNTIF('Casillas del horario'!$T$4:$T$73,"Aula 10-3"&"|"&$A7&"|"&D$3)-1)&")",IFERROR(IF(INDEX('Casillas del horario'!$A$4:$A$73,MATCH("Aula 10-3"&"|"&$A7&"|"&D$3,'Casillas del horario'!$T$4:$T$73,0))="","",INDEX('Casillas del horario'!$A$4:$A$73,MATCH("Aula 10-3"&"|"&$A7&"|"&D$3,'Casillas del horario'!$T$4:$T$73,0))),"")) | E7: =IF(COUNTIF('Casillas del horario'!$T$4:$T$73,"Aula 10-3"&"|"&$A7&"|"&E$3)>1,IFERROR(IF(INDEX('Casillas del horario'!$A$4:$A$73,MATCH("Aula 10-3"&"|"&$A7&"|"&E$3,'Casillas del horario'!$T$4:$T$73,0))="","",INDEX('Casillas del horario'!$A$4:$A$73,MATCH("Aula 10-3"&"|"&$A7&"|"&E$3,'Casillas del horario'!$T$4:$T$73,0))),"")&" (+"&(COUNTIF('Casillas del horario'!$T$4:$T$73,"Aula 10-3"&"|"&$A7&"|"&E$3)-1)&")",IFERROR(IF(INDEX('Casillas del horario'!$A$4:$A$73,MATCH("Aula 10-3"&"|"&$A7&"|"&E$3,'Casillas del horario'!$T$4:$T$73,0))="","",INDEX('Casillas del horario'!$A$4:$A$73,MATCH("Aula 10-3"&"|"&$A7&"|"&E$3,'Casillas del horario'!$T$4:$T$73,0))),"")) | F7: =IF(COUNTIF('Casillas del horario'!$T$4:$T$73,"Aula 10-3"&"|"&$A7&"|"&F$3)>1,IFERROR(IF(INDEX('Casillas del horario'!$A$4:$A$73,MATCH("Aula 10-3"&"|"&$A7&"|"&F$3,'Casillas del horario'!$T$4:$T$73,0))="","",INDEX('Casillas del horario'!$A$4:$A$73,MATCH("Aula 10-3"&"|"&$A7&"|"&F$3,'Casillas del horario'!$T$4:$T$73,0))),"")&" (+"&(COUNTIF('Casillas del horario'!$T$4:$T$73,"Aula 10-3"&"|"&$A7&"|"&F$3)-1)&")",IFERROR(IF(INDEX('Casillas del horario'!$A$4:$A$73,MATCH("Aula 10-3"&"|"&$A7&"|"&F$3,'Casillas del horario'!$T$4:$T$73,0))="","",INDEX('Casillas del horario'!$A$4:$A$73,MATCH("Aula 10-3"&"|"&$A7&"|"&F$3,'Casillas del horario'!$T$4:$T$73,0))),""))
A8: 5 | B8: =IF(COUNTIF('Casillas del horario'!$T$4:$T$73,"Aula 10-3"&"|"&$A8&"|"&B$3)>1,IFERROR(IF(INDEX('Casillas del horario'!$A$4:$A$73,MATCH("Aula 10-3"&"|"&$A8&"|"&B$3,'Casillas del horario'!$T$4:$T$73,0))="","",INDEX('Casillas del horario'!$A$4:$A$73,MATCH("Aula 10-3"&"|"&$A8&"|"&B$3,'Casillas del horario'!$T$4:$T$73,0))),"")&" (+"&(COUNTIF('Casillas del horario'!$T$4:$T$73,"Aula 10-3"&"|"&$A8&"|"&B$3)-1)&")",IFERROR(IF(INDEX('Casillas del horario'!$A$4:$A$73,MATCH("Aula 10-3"&"|"&$A8&"|"&B$3,'Casillas del horario'!$T$4:$T$73,0))="","",INDEX('Casillas del horario'!$A$4:$A$73,MATCH("Aula 10-3"&"|"&$A8&"|"&B$3,'Casillas del horario'!$T$4:$T$73,0))),"")) | C8: =IF(COUNTIF('Casillas del horario'!$T$4:$T$73,"Aula 10-3"&"|"&$A8&"|"&C$3)>1,IFERROR(IF(INDEX('Casillas del horario'!$A$4:$A$73,MATCH("Aula 10-3"&"|"&$A8&"|"&C$3,'Casillas del horario'!$T$4:$T$73,0))="","",INDEX('Casillas del horario'!$A$4:$A$73,MATCH("Aula 10-3"&"|"&$A8&"|"&C$3,'Casillas del horario'!$T$4:$T$73,0))),"")&" (+"&(COUNTIF('Casillas del horario'!$T$4:$T$73,"Aula 10-3"&"|"&$A8&"|"&C$3)-1)&")",IFERROR(IF(INDEX('Casillas del horario'!$A$4:$A$73,MATCH("Aula 10-3"&"|"&$A8&"|"&C$3,'Casillas del horario'!$T$4:$T$73,0))="","",INDEX('Casillas del horario'!$A$4:$A$73,MATCH("Aula 10-3"&"|"&$A8&"|"&C$3,'Casillas del horario'!$T$4:$T$73,0))),"")) | D8: =IF(COUNTIF('Casillas del horario'!$T$4:$T$73,"Aula 10-3"&"|"&$A8&"|"&D$3)>1,IFERROR(IF(INDEX('Casillas del horario'!$A$4:$A$73,MATCH("Aula 10-3"&"|"&$A8&"|"&D$3,'Casillas del horario'!$T$4:$T$73,0))="","",INDEX('Casillas del horario'!$A$4:$A$73,MATCH("Aula 10-3"&"|"&$A8&"|"&D$3,'Casillas del horario'!$T$4:$T$73,0))),"")&" (+"&(COUNTIF('Casillas del horario'!$T$4:$T$73,"Aula 10-3"&"|"&$A8&"|"&D$3)-1)&")",IFERROR(IF(INDEX('Casillas del horario'!$A$4:$A$73,MATCH("Aula 10-3"&"|"&$A8&"|"&D$3,'Casillas del horario'!$T$4:$T$73,0))="","",INDEX('Casillas del horario'!$A$4:$A$73,MATCH("Aula 10-3"&"|"&$A8&"|"&D$3,'Casillas del horario'!$T$4:$T$73,0))),"")) | E8: =IF(COUNTIF('Casillas del horario'!$T$4:$T$73,"Aula 10-3"&"|"&$A8&"|"&E$3)>1,IFERROR(IF(INDEX('Casillas del horario'!$A$4:$A$73,MATCH("Aula 10-3"&"|"&$A8&"|"&E$3,'Casillas del horario'!$T$4:$T$73,0))="","",INDEX('Casillas del horario'!$A$4:$A$73,MATCH("Aula 10-3"&"|"&$A8&"|"&E$3,'Casillas del horario'!$T$4:$T$73,0))),"")&" (+"&(COUNTIF('Casillas del horario'!$T$4:$T$73,"Aula 10-3"&"|"&$A8&"|"&E$3)-1)&")",IFERROR(IF(INDEX('Casillas del horario'!$A$4:$A$73,MATCH("Aula 10-3"&"|"&$A8&"|"&E$3,'Casillas del horario'!$T$4:$T$73,0))="","",INDEX('Casillas del horario'!$A$4:$A$73,MATCH("Aula 10-3"&"|"&$A8&"|"&E$3,'Casillas del horario'!$T$4:$T$73,0))),"")) | F8: =IF(COUNTIF('Casillas del horario'!$T$4:$T$73,"Aula 10-3"&"|"&$A8&"|"&F$3)>1,IFERROR(IF(INDEX('Casillas del horario'!$A$4:$A$73,MATCH("Aula 10-3"&"|"&$A8&"|"&F$3,'Casillas del horario'!$T$4:$T$73,0))="","",INDEX('Casillas del horario'!$A$4:$A$73,MATCH("Aula 10-3"&"|"&$A8&"|"&F$3,'Casillas del horario'!$T$4:$T$73,0))),"")&" (+"&(COUNTIF('Casillas del horario'!$T$4:$T$73,"Aula 10-3"&"|"&$A8&"|"&F$3)-1)&")",IFERROR(IF(INDEX('Casillas del horario'!$A$4:$A$73,MATCH("Aula 10-3"&"|"&$A8&"|"&F$3,'Casillas del horario'!$T$4:$T$73,0))="","",INDEX('Casillas del horario'!$A$4:$A$73,MATCH("Aula 10-3"&"|"&$A8&"|"&F$3,'Casillas del horario'!$T$4:$T$73,0))),""))
A9: 6 | B9: =IF(COUNTIF('Casillas del horario'!$T$4:$T$73,"Aula 10-3"&"|"&$A9&"|"&B$3)>1,IFERROR(IF(INDEX('Casillas del horario'!$A$4:$A$73,MATCH("Aula 10-3"&"|"&$A9&"|"&B$3,'Casillas del horario'!$T$4:$T$73,0))="","",INDEX('Casillas del horario'!$A$4:$A$73,MATCH("Aula 10-3"&"|"&$A9&"|"&B$3,'Casillas del horario'!$T$4:$T$73,0))),"")&" (+"&(COUNTIF('Casillas del horario'!$T$4:$T$73,"Aula 10-3"&"|"&$A9&"|"&B$3)-1)&")",IFERROR(IF(INDEX('Casillas del horario'!$A$4:$A$73,MATCH("Aula 10-3"&"|"&$A9&"|"&B$3,'Casillas del horario'!$T$4:$T$73,0))="","",INDEX('Casillas del horario'!$A$4:$A$73,MATCH("Aula 10-3"&"|"&$A9&"|"&B$3,'Casillas del horario'!$T$4:$T$73,0))),"")) | C9: =IF(COUNTIF('Casillas del horario'!$T$4:$T$73,"Aula 10-3"&"|"&$A9&"|"&C$3)>1,IFERROR(IF(INDEX('Casillas del horario'!$A$4:$A$73,MATCH("Aula 10-3"&"|"&$A9&"|"&C$3,'Casillas del horario'!$T$4:$T$73,0))="","",INDEX('Casillas del horario'!$A$4:$A$73,MATCH("Aula 10-3"&"|"&$A9&"|"&C$3,'Casillas del horario'!$T$4:$T$73,0))),"")&" (+"&(COUNTIF('Casillas del horario'!$T$4:$T$73,"Aula 10-3"&"|"&$A9&"|"&C$3)-1)&")",IFERROR(IF(INDEX('Casillas del horario'!$A$4:$A$73,MATCH("Aula 10-3"&"|"&$A9&"|"&C$3,'Casillas del horario'!$T$4:$T$73,0))="","",INDEX('Casillas del horario'!$A$4:$A$73,MATCH("Aula 10-3"&"|"&$A9&"|"&C$3,'Casillas del horario'!$T$4:$T$73,0))),"")) | D9: =IF(COUNTIF('Casillas del horario'!$T$4:$T$73,"Aula 10-3"&"|"&$A9&"|"&D$3)>1,IFERROR(IF(INDEX('Casillas del horario'!$A$4:$A$73,MATCH("Aula 10-3"&"|"&$A9&"|"&D$3,'Casillas del horario'!$T$4:$T$73,0))="","",INDEX('Casillas del horario'!$A$4:$A$73,MATCH("Aula 10-3"&"|"&$A9&"|"&D$3,'Casillas del horario'!$T$4:$T$73,0))),"")&" (+"&(COUNTIF('Casillas del horario'!$T$4:$T$73,"Aula 10-3"&"|"&$A9&"|"&D$3)-1)&")",IFERROR(IF(INDEX('Casillas del horario'!$A$4:$A$73,MATCH("Aula 10-3"&"|"&$A9&"|"&D$3,'Casillas del horario'!$T$4:$T$73,0))="","",INDEX('Casillas del horario'!$A$4:$A$73,MATCH("Aula 10-3"&"|"&$A9&"|"&D$3,'Casillas del horario'!$T$4:$T$73,0))),"")) | E9: =IF(COUNTIF('Casillas del horario'!$T$4:$T$73,"Aula 10-3"&"|"&$A9&"|"&E$3)>1,IFERROR(IF(INDEX('Casillas del horario'!$A$4:$A$73,MATCH("Aula 10-3"&"|"&$A9&"|"&E$3,'Casillas del horario'!$T$4:$T$73,0))="","",INDEX('Casillas del horario'!$A$4:$A$73,MATCH("Aula 10-3"&"|"&$A9&"|"&E$3,'Casillas del horario'!$T$4:$T$73,0))),"")&" (+"&(COUNTIF('Casillas del horario'!$T$4:$T$73,"Aula 10-3"&"|"&$A9&"|"&E$3)-1)&")",IFERROR(IF(INDEX('Casillas del horario'!$A$4:$A$73,MATCH("Aula 10-3"&"|"&$A9&"|"&E$3,'Casillas del horario'!$T$4:$T$73,0))="","",INDEX('Casillas del horario'!$A$4:$A$73,MATCH("Aula 10-3"&"|"&$A9&"|"&E$3,'Casillas del horario'!$T$4:$T$73,0))),"")) | F9: =IF(COUNTIF('Casillas del horario'!$T$4:$T$73,"Aula 10-3"&"|"&$A9&"|"&F$3)>1,IFERROR(IF(INDEX('Casillas del horario'!$A$4:$A$73,MATCH("Aula 10-3"&"|"&$A9&"|"&F$3,'Casillas del horario'!$T$4:$T$73,0))="","",INDEX('Casillas del horario'!$A$4:$A$73,MATCH("Aula 10-3"&"|"&$A9&"|"&F$3,'Casillas del horario'!$T$4:$T$73,0))),"")&" (+"&(COUNTIF('Casillas del horario'!$T$4:$T$73,"Aula 10-3"&"|"&$A9&"|"&F$3)-1)&")",IFERROR(IF(INDEX('Casillas del horario'!$A$4:$A$73,MATCH("Aula 10-3"&"|"&$A9&"|"&F$3,'Casillas del horario'!$T$4:$T$73,0))="","",INDEX('Casillas del horario'!$A$4:$A$73,MATCH("Aula 10-3"&"|"&$A9&"|"&F$3,'Casillas del horario'!$T$4:$T$73,0))),""))
A10: 7 | B10: =IF(COUNTIF('Casillas del horario'!$T$4:$T$73,"Aula 10-3"&"|"&$A10&"|"&B$3)>1,IFERROR(IF(INDEX('Casillas del horario'!$A$4:$A$73,MATCH("Aula 10-3"&"|"&$A10&"|"&B$3,'Casillas del horario'!$T$4:$T$73,0))="","",INDEX('Casillas del horario'!$A$4:$A$73,MATCH("Aula 10-3"&"|"&$A10&"|"&B$3,'Casillas del horario'!$T$4:$T$73,0))),"")&" (+"&(COUNTIF('Casillas del horario'!$T$4:$T$73,"Aula 10-3"&"|"&$A10&"|"&B$3)-1)&")",IFERROR(IF(INDEX('Casillas del horario'!$A$4:$A$73,MATCH("Aula 10-3"&"|"&$A10&"|"&B$3,'Casillas del horario'!$T$4:$T$73,0))="","",INDEX('Casillas del horario'!$A$4:$A$73,MATCH("Aula 10-3"&"|"&$A10&"|"&B$3,'Casillas del horario'!$T$4:$T$73,0))),"")) | C10: =IF(COUNTIF('Casillas del horario'!$T$4:$T$73,"Aula 10-3"&"|"&$A10&"|"&C$3)>1,IFERROR(IF(INDEX('Casillas del horario'!$A$4:$A$73,MATCH("Aula 10-3"&"|"&$A10&"|"&C$3,'Casillas del horario'!$T$4:$T$73,0))="","",INDEX('Casillas del horario'!$A$4:$A$73,MATCH("Aula 10-3"&"|"&$A10&"|"&C$3,'Casillas del horario'!$T$4:$T$73,0))),"")&" (+"&(COUNTIF('Casillas del horario'!$T$4:$T$73,"Aula 10-3"&"|"&$A10&"|"&C$3)-1)&")",IFERROR(IF(INDEX('Casillas del horario'!$A$4:$A$73,MATCH("Aula 10-3"&"|"&$A10&"|"&C$3,'Casillas del horario'!$T$4:$T$73,0))="","",INDEX('Casillas del horario'!$A$4:$A$73,MATCH("Aula 10-3"&"|"&$A10&"|"&C$3,'Casillas del horario'!$T$4:$T$73,0))),"")) | D10: =IF(COUNTIF('Casillas del horario'!$T$4:$T$73,"Aula 10-3"&"|"&$A10&"|"&D$3)>1,IFERROR(IF(INDEX('Casillas del horario'!$A$4:$A$73,MATCH("Aula 10-3"&"|"&$A10&"|"&D$3,'Casillas del horario'!$T$4:$T$73,0))="","",INDEX('Casillas del horario'!$A$4:$A$73,MATCH("Aula 10-3"&"|"&$A10&"|"&D$3,'Casillas del horario'!$T$4:$T$73,0))),"")&" (+"&(COUNTIF('Casillas del horario'!$T$4:$T$73,"Aula 10-3"&"|"&$A10&"|"&D$3)-1)&")",IFERROR(IF(INDEX('Casillas del horario'!$A$4:$A$73,MATCH("Aula 10-3"&"|"&$A10&"|"&D$3,'Casillas del horario'!$T$4:$T$73,0))="","",INDEX('Casillas del horario'!$A$4:$A$73,MATCH("Aula 10-3"&"|"&$A10&"|"&D$3,'Casillas del horario'!$T$4:$T$73,0))),"")) | E10: =IF(COUNTIF('Casillas del horario'!$T$4:$T$73,"Aula 10-3"&"|"&$A10&"|"&E$3)>1,IFERROR(IF(INDEX('Casillas del horario'!$A$4:$A$73,MATCH("Aula 10-3"&"|"&$A10&"|"&E$3,'Casillas del horario'!$T$4:$T$73,0))="","",INDEX('Casillas del horario'!$A$4:$A$73,MATCH("Aula 10-3"&"|"&$A10&"|"&E$3,'Casillas del horario'!$T$4:$T$73,0))),"")&" (+"&(COUNTIF('Casillas del horario'!$T$4:$T$73,"Aula 10-3"&"|"&$A10&"|"&E$3)-1)&")",IFERROR(IF(INDEX('Casillas del horario'!$A$4:$A$73,MATCH("Aula 10-3"&"|"&$A10&"|"&E$3,'Casillas del horario'!$T$4:$T$73,0))="","",INDEX('Casillas del horario'!$A$4:$A$73,MATCH("Aula 10-3"&"|"&$A10&"|"&E$3,'Casillas del horario'!$T$4:$T$73,0))),"")) | F10: =IF(COUNTIF('Casillas del horario'!$T$4:$T$73,"Aula 10-3"&"|"&$A10&"|"&F$3)>1,IFERROR(IF(INDEX('Casillas del horario'!$A$4:$A$73,MATCH("Aula 10-3"&"|"&$A10&"|"&F$3,'Casillas del horario'!$T$4:$T$73,0))="","",INDEX('Casillas del horario'!$A$4:$A$73,MATCH("Aula 10-3"&"|"&$A10&"|"&F$3,'Casillas del horario'!$T$4:$T$73,0))),"")&" (+"&(COUNTIF('Casillas del horario'!$T$4:$T$73,"Aula 10-3"&"|"&$A10&"|"&F$3)-1)&")",IFERROR(IF(INDEX('Casillas del horario'!$A$4:$A$73,MATCH("Aula 10-3"&"|"&$A10&"|"&F$3,'Casillas del horario'!$T$4:$T$73,0))="","",INDEX('Casillas del horario'!$A$4:$A$73,MATCH("Aula 10-3"&"|"&$A10&"|"&F$3,'Casillas del horario'!$T$4:$T$73,0))),""))

Sheet Horario del aula - Laboratorio
A1: Horario del aula - Laboratorio
A3: Turno | B3: J
A4: 1 | B4: =IF(COUNTIF('Casillas del horario'!$T$4:$T$73,"Laboratorio"&"|"&$A4&"|"&B$3)>1,IFERROR(IF(INDEX('Casillas del horario'!$A$4:$A$73,MATCH("Laboratorio"&"|"&$A4&"|"&B$3,'Casillas del horario'!$T$4:$T$73,0))="","",INDEX('Casillas del horario'!$A$4:$A$73,MATCH("Laboratorio"&"|"&$A4&"|"&B$3,'Casillas del horario'!$T$4:$T$73,0))),"")&" (+"&(COUNTIF('Casillas del horario'!$T$4:$T$73,"Laboratorio"&"|"&$A4&"|"&B$3)-1)&")",IFERROR(IF(INDEX('Casillas del horario'!$A$4:$A$73,MATCH("Laboratorio"&"|"&$A4&"|"&B$3,'Casillas del horario'!$T$4:$T$73,0))="","",INDEX('Casillas del horario'!$A$4:$A$73,MATCH("Laboratorio"&"|"&$A4&"|"&B$3,'Casillas del horario'!$T$4:$T$73,0))),""))
A5: 4 | B5: =IF(COUNTIF('Casillas del horario'!$T$4:$T$73,"Laboratorio"&"|"&$A5&"|"&B$3)>1,IFERROR(IF(INDEX('Casillas del horario'!$A$4:$A$73,MATCH("Laboratorio"&"|"&$A5&"|"&B$3,'Casillas del horario'!$T$4:$T$73,0))="","",INDEX('Casillas del horario'!$A$4:$A$73,MATCH("Laboratorio"&"|"&$A5&"|"&B$3,'Casillas del horario'!$T$4:$T$73,0))),"")&" (+"&(COUNTIF('Casillas del horario'!$T$4:$T$73,"Laboratorio"&"|"&$A5&"|"&B$3)-1)&")",IFERROR(IF(INDEX('Casillas del horario'!$A$4:$A$73,MATCH("Laboratorio"&"|"&$A5&"|"&B$3,'Casillas del horario'!$T$4:$T$73,0))="","",INDEX('Casillas del horario'!$A$4:$A$73,MATCH("Laboratorio"&"|"&$A5&"|"&B$3,'Casillas del horario'!$T$4:$T$73,0))),""))

Sheet Horario del aula - Aula 10-4
A1: Horario del aula - Aula 10-4
A3: Turno | B3: L | C3: M | D3: MI | E3: J | F3: V
A4: 1 | B4: =IF(COUNTIF('Casillas del horario'!$T$4:$T$73,"Aula 10-4"&"|"&$A4&"|"&B$3)>1,IFERROR(IF(INDEX('Casillas del horario'!$A$4:$A$73,MATCH("Aula 10-4"&"|"&$A4&"|"&B$3,'Casillas del horario'!$T$4:$T$73,0))="","",INDEX('Casillas del horario'!$A$4:$A$73,MATCH("Aula 10-4"&"|"&$A4&"|"&B$3,'Casillas del horario'!$T$4:$T$73,0))),"")&" (+"&(COUNTIF('Casillas del horario'!$T$4:$T$73,"Aula 10-4"&"|"&$A4&"|"&B$3)-1)&")",IFERROR(IF(INDEX('Casillas del horario'!$A$4:$A$73,MATCH("Aula 10-4"&"|"&$A4&"|"&B$3,'Casillas del horario'!$T$4:$T$73,0))="","",INDEX('Casillas del horario'!$A$4:$A$73,MATCH("Aula 10-4"&"|"&$A4&"|"&B$3,'Casillas del horario'!$T$4:$T$73,0))),"")) | C4: =IF(COUNTIF('Casillas del horario'!$T$4:$T$73,"Aula 10-4"&"|"&$A4&"|"&C$3)>1,IFERROR(IF(INDEX('Casillas del horario'!$A$4:$A$73,MATCH("Aula 10-4"&"|"&$A4&"|"&C$3,'Casillas del horario'!$T$4:$T$73,0))="","",INDEX('Casillas del horario'!$A$4:$A$73,MATCH("Aula 10-4"&"|"&$A4&"|"&C$3,'Casillas del horario'!$T$4:$T$73,0))),"")&" (+"&(COUNTIF('Casillas del horario'!$T$4:$T$73,"Aula 10-4"&"|"&$A4&"|"&C$3)-1)&")",IFERROR(IF(INDEX('Casillas del horario'!$A$4:$A$73,MATCH("Aula 10-4"&"|"&$A4&"|"&C$3,'Casillas del horario'!$T$4:$T$73,0))="","",INDEX('Casillas del horario'!$A$4:$A$73,MATCH("Aula 10-4"&"|"&$A4&"|"&C$3,'Casillas del horario'!$T$4:$T$73,0))),"")) | D4: =IF(COUNTIF('Casillas del horario'!$T$4:$T$73,"Aula 10-4"&"|"&$A4&"|"&D$3)>1,IFERROR(IF(INDEX('Casillas del horario'!$A$4:$A$73,MATCH("Aula 10-4"&"|"&$A4&"|"&D$3,'Casillas del horario'!$T$4:$T$73,0))="","",INDEX('Casillas del horario'!$A$4:$A$73,MATCH("Aula 10-4"&"|"&$A4&"|"&D$3,'Casillas del horario'!$T$4:$T$73,0))),"")&" (+"&(COUNTIF('Casillas del horario'!$T$4:$T$73,"Aula 10-4"&"|"&$A4&"|"&D$3)-1)&")",IFERROR(IF(INDEX('Casillas del horario'!$A$4:$A$73,MATCH("Aula 10-4"&"|"&$A4&"|"&D$3,'Casillas del horario'!$T$4:$T$73,0))="","",INDEX('Casillas del horario'!$A$4:$A$73,MATCH("Aula 10-4"&"|"&$A4&"|"&D$3,'Casillas del horario'!$T$4:$T$73,0))),"")) | E4: =IF(COUNTIF('Casillas del horario'!$T$4:$T$73,"Aula 10-4"&"|"&$A4&"|"&E$3)>1,IFERROR(IF(INDEX('Casillas del horario'!$A$4:$A$73,MATCH("Aula 10-4"&"|"&$A4&"|"&E$3,'Casillas del horario'!$T$4:$T$73,0))="","",INDEX('Casillas del horario'!$A$4:$A$73,MATCH("Aula 10-4"&"|"&$A4&"|"&E$3,'Casillas del horario'!$T$4:$T$73,0))),"")&" (+"&(COUNTIF('Casillas del horario'!$T$4:$T$73,"Aula 10-4"&"|"&$A4&"|"&E$3)-1)&")",IFERROR(IF(INDEX('Casillas del horario'!$A$4:$A$73,MATCH("Aula 10-4"&"|"&$A4&"|"&E$3,'Casillas del horario'!$T$4:$T$73,0))="","",INDEX('Casillas del horario'!$A$4:$A$73,MATCH("Aula 10-4"&"|"&$A4&"|"&E$3,'Casillas del horario'!$T$4:$T$73,0))),"")) | F4: =IF(COUNTIF('Casillas del horario'!$T$4:$T$73,"Aula 10-4"&"|"&$A4&"|"&F$3)>1,IFERROR(IF(INDEX('Casillas del horario'!$A$4:$A$73,MATCH("Aula 10-4"&"|"&$A4&"|"&F$3,'Casillas del horario'!$T$4:$T$73,0))="","",INDEX('Casillas del horario'!$A$4:$A$73,MATCH("Aula 10-4"&"|"&$A4&"|"&F$3,'Casillas del horario'!$T$4:$T$73,0))),"")&" (+"&(COUNTIF('Casillas del horario'!$T$4:$T$73,"Aula 10-4"&"|"&$A4&"|"&F$3)-1)&")",IFERROR(IF(INDEX('Casillas del horario'!$A$4:$A$73,MATCH("Aula 10-4"&"|"&$A4&"|"&F$3,'Casillas del horario'!$T$4:$T$73,0))="","",INDEX('Casillas del horario'!$A$4:$A$73,MATCH("Aula 10-4"&"|"&$A4&"|"&F$3,'Casillas del horario'!$T$4:$T$73,0))),""))
A5: 2 | B5: =IF(COUNTIF('Casillas del horario'!$T$4:$T$73,"Aula 10-4"&"|"&$A5&"|"&B$3)>1,IFERROR(IF(INDEX('Casillas del horario'!$A$4:$A$73,MATCH("Aula 10-4"&"|"&$A5&"|"&B$3,'Casillas del horario'!$T$4:$T$73,0))="","",INDEX('Casillas del horario'!$A$4:$A$73,MATCH("Aula 10-4"&"|"&$A5&"|"&B$3,'Casillas del horario'!$T$4:$T$73,0))),"")&" (+"&(COUNTIF('Casillas del horario'!$T$4:$T$73,"Aula 10-4"&"|"&$A5&"|"&B$3)-1)&")",IFERROR(IF(INDEX('Casillas del horario'!$A$4:$A$73,MATCH("Aula 10-4"&"|"&$A5&"|"&B$3,'Casillas del horario'!$T$4:$T$73,0))="","",INDEX('Casillas del horario'!$A$4:$A$73,MATCH("Aula 10-4"&"|"&$A5&"|"&B$3,'Casillas del horario'!$T$4:$T$73,0))),"")) | C5: =IF(COUNTIF('Casillas del horario'!$T$4:$T$73,"Aula 10-4"&"|"&$A5&"|"&C$3)>1,IFERROR(IF(INDEX('Casillas del horario'!$A$4:$A$73,MATCH("Aula 10-4"&"|"&$A5&"|"&C$3,'Casillas del horario'!$T$4:$T$73,0))="","",INDEX('Casillas del horario'!$A$4:$A$73,MATCH("Aula 10-4"&"|"&$A5&"|"&C$3,'Casillas del horario'!$T$4:$T$73,0))),"")&" (+"&(COUNTIF('Casillas del horario'!$T$4:$T$73,"Aula 10-4"&"|"&$A5&"|"&C$3)-1)&")",IFERROR(IF(INDEX('Casillas del horario'!$A$4:$A$73,MATCH("Aula 10-4"&"|"&$A5&"|"&C$3,'Casillas del horario'!$T$4:$T$73,0))="","",INDEX('Casillas del horario'!$A$4:$A$73,MATCH("Aula 10-4"&"|"&$A5&"|"&C$3,'Casillas del horario'!$T$4:$T$73,0))),"")) | D5: =IF(COUNTIF('Casillas del horario'!$T$4:$T$73,"Aula 10-4"&"|"&$A5&"|"&D$3)>1,IFERROR(IF(INDEX('Casillas del horario'!$A$4:$A$73,MATCH("Aula 10-4"&"|"&$A5&"|"&D$3,'Casillas del horario'!$T$4:$T$73,0))="","",INDEX('Casillas del horario'!$A$4:$A$73,MATCH("Aula 10-4"&"|"&$A5&"|"&D$3,'Casillas del horario'!$T$4:$T$73,0))),"")&" (+"&(COUNTIF('Casillas del horario'!$T$4:$T$73,"Aula 10-4"&"|"&$A5&"|"&D$3)-1)&")",IFERROR(IF(INDEX('Casillas del horario'!$A$4:$A$73,MATCH("Aula 10-4"&"|"&$A5&"|"&D$3,'Casillas del horario'!$T$4:$T$73,0))="","",INDEX('Casillas del horario'!$A$4:$A$73,MATCH("Aula 10-4"&"|"&$A5&"|"&D$3,'Casillas del horario'!$T$4:$T$73,0))),"")) | E5: =IF(COUNTIF('Casillas del horario'!$T$4:$T$73,"Aula 10-4"&"|"&$A5&"|"&E$3)>1,IFERROR(IF(INDEX('Casillas del horario'!$A$4:$A$73,MATCH("Aula 10-4"&"|"&$A5&"|"&E$3,'Casillas del horario'!$T$4:$T$73,0))="","",INDEX('Casillas del horario'!$A$4:$A$73,MATCH("Aula 10-4"&"|"&$A5&"|"&E$3,'Casillas del horario'!$T$4:$T$73,0))),"")&" (+"&(COUNTIF('Casillas del horario'!$T$4:$T$73,"Aula 10-4"&"|"&$A5&"|"&E$3)-1)&")",IFERROR(IF(INDEX('Casillas del horario'!$A$4:$A$73,MATCH("Aula 10-4"&"|"&$A5&"|"&E$3,'Casillas del horario'!$T$4:$T$73,0))="","",INDEX('Casillas del horario'!$A$4:$A$73,MATCH("Aula 10-4"&"|"&$A5&"|"&E$3,'Casillas del horario'!$T$4:$T$73,0))),"")) | F5: =IF(COUNTIF('Casillas del horario'!$T$4:$T$73,"Aula 10-4"&"|"&$A5&"|"&F$3)>1,IFERROR(IF(INDEX('Casillas del horario'!$A$4:$A$73,MATCH("Aula 10-4"&"|"&$A5&"|"&F$3,'Casillas del horario'!$T$4:$T$73,0))="","",INDEX('Casillas del horario'!$A$4:$A$73,MATCH("Aula 10-4"&"|"&$A5&"|"&F$3,'Casillas del horario'!$T$4:$T$73,0))),"")&" (+"&(COUNTIF('Casillas del horario'!$T$4:$T$73,"Aula 10-4"&"|"&$A5&"|"&F$3)-1)&")",IFERROR(IF(INDEX('Casillas del horario'!$A$4:$A$73,MATCH("Aula 10-4"&"|"&$A5&"|"&F$3,'Casillas del horario'!$T$4:$T$73,0))="","",INDEX('Casillas del horario'!$A$4:$A$73,MATCH("Aula 10-4"&"|"&$A5&"|"&F$3,'Casillas del horario'!$T$4:$T$73,0))),""))
A6: 3 | B6: =IF(COUNTIF('Casillas del horario'!$T$4:$T$73,"Aula 10-4"&"|"&$A6&"|"&B$3)>1,IFERROR(IF(INDEX('Casillas del horario'!$A$4:$A$73,MATCH("Aula 10-4"&"|"&$A6&"|"&B$3,'Casillas del horario'!$T$4:$T$73,0))="","",INDEX('Casillas del horario'!$A$4:$A$73,MATCH("Aula 10-4"&"|"&$A6&"|"&B$3,'Casillas del horario'!$T$4:$T$73,0))),"")&" (+"&(COUNTIF('Casillas del horario'!$T$4:$T$73,"Aula 10-4"&"|"&$A6&"|"&B$3)-1)&")",IFERROR(IF(INDEX('Casillas del horario'!$A$4:$A$73,MATCH("Aula 10-4"&"|"&$A6&"|"&B$3,'Casillas del horario'!$T$4:$T$73,0))="","",INDEX('Casillas del horario'!$A$4:$A$73,MATCH("Aula 10-4"&"|"&$A6&"|"&B$3,'Casillas del horario'!$T$4:$T$73,0))),"")) | C6: =IF(COUNTIF('Casillas del horario'!$T$4:$T$73,"Aula 10-4"&"|"&$A6&"|"&C$3)>1,IFERROR(IF(INDEX('Casillas del horario'!$A$4:$A$73,MATCH("Aula 10-4"&"|"&$A6&"|"&C$3,'Casillas del horario'!$T$4:$T$73,0))="","",INDEX('Casillas del horario'!$A$4:$A$73,MATCH("Aula 10-4"&"|"&$A6&"|"&C$3,'Casillas del horario'!$T$4:$T$73,0))),"")&" (+"&(COUNTIF('Casillas del horario'!$T$4:$T$73,"Aula 10-4"&"|"&$A6&"|"&C$3)-1)&")",IFERROR(IF(INDEX('Casillas del horario'!$A$4:$A$73,MATCH("Aula 10-4"&"|"&$A6&"|"&C$3,'Casillas del horario'!$T$4:$T$73,0))="","",INDEX('Casillas del horario'!$A$4:$A$73,MATCH("Aula 10-4"&"|"&$A6&"|"&C$3,'Casillas del horario'!$T$4:$T$73,0))),"")) | D6: =IF(COUNTIF('Casillas del horario'!$T$4:$T$73,"Aula 10-4"&"|"&$A6&"|"&D$3)>1,IFERROR(IF(INDEX('Casillas del horario'!$A$4:$A$73,MATCH("Aula 10-4"&"|"&$A6&"|"&D$3,'Casillas del horario'!$T$4:$T$73,0))="","",INDEX('Casillas del horario'!$A$4:$A$73,MATCH("Aula 10-4"&"|"&$A6&"|"&D$3,'Casillas del horario'!$T$4:$T$73,0))),"")&" (+"&(COUNTIF('Casillas del horario'!$T$4:$T$73,"Aula 10-4"&"|"&$A6&"|"&D$3)-1)&")",IFERROR(IF(INDEX('Casillas del horario'!$A$4:$A$73,MATCH("Aula 10-4"&"|"&$A6&"|"&D$3,'Casillas del horario'!$T$4:$T$73,0))="","",INDEX('Casillas del horario'!$A$4:$A$73,MATCH("Aula 10-4"&"|"&$A6&"|"&D$3,'Casillas del horario'!$T$4:$T$73,0))),"")) | E6: =IF(COUNTIF('Casillas del horario'!$T$4:$T$73,"Aula 10-4"&"|"&$A6&"|"&E$3)>1,IFERROR(IF(INDEX('Casillas del horario'!$A$4:$A$73,MATCH("Aula 10-4"&"|"&$A6&"|"&E$3,'Casillas del horario'!$T$4:$T$73,0))="","",INDEX('Casillas del horario'!$A$4:$A$73,MATCH("Aula 10-4"&"|"&$A6&"|"&E$3,'Casillas del horario'!$T$4:$T$73,0))),"")&" (+"&(COUNTIF('Casillas del horario'!$T$4:$T$73,"Aula 10-4"&"|"&$A6&"|"&E$3)-1)&")",IFERROR(IF(INDEX('Casillas del horario'!$A$4:$A$73,MATCH("Aula 10-4"&"|"&$A6&"|"&E$3,'Casillas del horario'!$T$4:$T$73,0))="","",INDEX('Casillas del horario'!$A$4:$A$73,MATCH("Aula 10-4"&"|"&$A6&"|"&E$3,'Casillas del horario'!$T$4:$T$73,0))),"")) | F6: =IF(COUNTIF('Casillas del horario'!$T$4:$T$73,"Aula 10-4"&"|"&$A6&"|"&F$3)>1,IFERROR(IF(INDEX('Casillas del horario'!$A$4:$A$73,MATCH("Aula 10-4"&"|"&$A6&"|"&F$3,'Casillas del horario'!$T$4:$T$73,0))="","",INDEX('Casillas del horario'!$A$4:$A$73,MATCH("Aula 10-4"&"|"&$A6&"|"&F$3,'Casillas del horario'!$T$4:$T$73,0))),"")&" (+"&(COUNTIF('Casillas del horario'!$T$4:$T$73,"Aula 10-4"&"|"&$A6&"|"&F$3)-1)&")",IFERROR(IF(INDEX('Casillas del horario'!$A$4:$A$73,MATCH("Aula 10-4"&"|"&$A6&"|"&F$3,'Casillas del horario'!$T$4:$T$73,0))="","",INDEX('Casillas del horario'!$A$4:$A$73,MATCH("Aula 10-4"&"|"&$A6&"|"&F$3,'Casillas del horario'!$T$4:$T$73,0))),""))
A7: 4 | B7: =IF(COUNTIF('Casillas del horario'!$T$4:$T$73,"Aula 10-4"&"|"&$A7&"|"&B$3)>1,IFERROR(IF(INDEX('Casillas del horario'!$A$4:$A$73,MATCH("Aula 10-4"&"|"&$A7&"|"&B$3,'Casillas del horario'!$T$4:$T$73,0))="","",INDEX('Casillas del horario'!$A$4:$A$73,MATCH("Aula 10-4"&"|"&$A7&"|"&B$3,'Casillas del horario'!$T$4:$T$73,0))),"")&" (+"&(COUNTIF('Casillas del horario'!$T$4:$T$73,"Aula 10-4"&"|"&$A7&"|"&B$3)-1)&")",IFERROR(IF(INDEX('Casillas del horario'!$A$4:$A$73,MATCH("Aula 10-4"&"|"&$A7&"|"&B$3,'Casillas del horario'!$T$4:$T$73,0))="","",INDEX('Casillas del horario'!$A$4:$A$73,MATCH("Aula 10-4"&"|"&$A7&"|"&B$3,'Casillas del horario'!$T$4:$T$73,0))),"")) | C7: =IF(COUNTIF('Casillas del horario'!$T$4:$T$73,"Aula 10-4"&"|"&$A7&"|"&C$3)>1,IFERROR(IF(INDEX('Casillas del horario'!$A$4:$A$73,MATCH("Aula 10-4"&"|"&$A7&"|"&C$3,'Casillas del horario'!$T$4:$T$73,0))="","",INDEX('Casillas del horario'!$A$4:$A$73,MATCH("Aula 10-4"&"|"&$A7&"|"&C$3,'Casillas del horario'!$T$4:$T$73,0))),"")&" (+"&(COUNTIF('Casillas del horario'!$T$4:$T$73,"Aula 10-4"&"|"&$A7&"|"&C$3)-1)&")",IFERROR(IF(INDEX('Casillas del horario'!$A$4:$A$73,MATCH("Aula 10-4"&"|"&$A7&"|"&C$3,'Casillas del horario'!$T$4:$T$73,0))="","",INDEX('Casillas del horario'!$A$4:$A$73,MATCH("Aula 10-4"&"|"&$A7&"|"&C$3,'Casillas del horario'!$T$4:$T$73,0))),"")) | D7: =IF(COUNTIF('Casillas del horario'!$T$4:$T$73,"Aula 10-4"&"|"&$A7&"|"&D$3)>1,IFERROR(IF(INDEX('Casillas del horario'!$A$4:$A$73,MATCH("Aula 10-4"&"|"&$A7&"|"&D$3,'Casillas del horario'!$T$4:$T$73,0))="","",INDEX('Casillas del horario'!$A$4:$A$73,MATCH("Aula 10-4"&"|"&$A7&"|"&D$3,'Casillas del horario'!$T$4:$T$73,0))),"")&" (+"&(COUNTIF('Casillas del horario'!$T$4:$T$73,"Aula 10-4"&"|"&$A7&"|"&D$3)-1)&")",IFERROR(IF(INDEX('Casillas del horario'!$A$4:$A$73,MATCH("Aula 10-4"&"|"&$A7&"|"&D$3,'Casillas del horario'!$T$4:$T$73,0))="","",INDEX('Casillas del horario'!$A$4:$A$73,MATCH("Aula 10-4"&"|"&$A7&"|"&D$3,'Casillas del horario'!$T$4:$T$73,0))),"")) | E7: =IF(COUNTIF('Casillas del horario'!$T$4:$T$73,"Aula 10-4"&"|"&$A7&"|"&E$3)>1,IFERROR(IF(INDEX('Casillas del horario'!$A$4:$A$73,MATCH("Aula 10-4"&"|"&$A7&"|"&E$3,'Casillas del horario'!$T$4:$T$73,0))="","",INDEX('Casillas del horario'!$A$4:$A$73,MATCH("Aula 10-4"&"|"&$A7&"|"&E$3,'Casillas del horario'!$T$4:$T$73,0))),"")&" (+"&(COUNTIF('Casillas del horario'!$T$4:$T$73,"Aula 10-4"&"|"&$A7&"|"&E$3)-1)&")",IFERROR(IF(INDEX('Casillas del horario'!$A$4:$A$73,MATCH("Aula 10-4"&"|"&$A7&"|"&E$3,'Casillas del horario'!$T$4:$T$73,0))="","",INDEX('Casillas del horario'!$A$4:$A$73,MATCH("Aula 10-4"&"|"&$A7&"|"&E$3,'Casillas del horario'!$T$4:$T$73,0))),"")) | F7: =IF(COUNTIF('Casillas del horario'!$T$4:$T$73,"Aula 10-4"&"|"&$A7&"|"&F$3)>1,IFERROR(IF(INDEX('Casillas del horario'!$A$4:$A$73,MATCH("Aula 10-4"&"|"&$A7&"|"&F$3,'Casillas del horario'!$T$4:$T$73,0))="","",INDEX('Casillas del horario'!$A$4:$A$73,MATCH("Aula 10-4"&"|"&$A7&"|"&F$3,'Casillas del horario'!$T$4:$T$73,0))),"")&" (+"&(COUNTIF('Casillas del horario'!$T$4:$T$73,"Aula 10-4"&"|"&$A7&"|"&F$3)-1)&")",IFERROR(IF(INDEX('Casillas del horario'!$A$4:$A$73,MATCH("Aula 10-4"&"|"&$A7&"|"&F$3,'Casillas del horario'!$T$4:$T$73,0))="","",INDEX('Casillas del horario'!$A$4:$A$73,MATCH("Aula 10-4"&"|"&$A7&"|"&F$3,'Casillas del horario'!$T$4:$T$73,0))),""))
A8: 5 | B8: =IF(COUNTIF('Casillas del horario'!$T$4:$T$73,"Aula 10-4"&"|"&$A8&"|"&B$3)>1,IFERROR(IF(INDEX('Casillas del horario'!$A$4:$A$73,MATCH("Aula 10-4"&"|"&$A8&"|"&B$3,'Casillas del horario'!$T$4:$T$73,0))="","",INDEX('Casillas del horario'!$A$4:$A$73,MATCH("Aula 10-4"&"|"&$A8&"|"&B$3,'Casillas del horario'!$T$4:$T$73,0))),"")&" (+"&(COUNTIF('Casillas del horario'!$T$4:$T$73,"Aula 10-4"&"|"&$A8&"|"&B$3)-1)&")",IFERROR(IF(INDEX('Casillas del horario'!$A$4:$A$73,MATCH("Aula 10-4"&"|"&$A8&"|"&B$3,'Casillas del horario'!$T$4:$T$73,0))="","",INDEX('Casillas del horario'!$A$4:$A$73,MATCH("Aula 10-4"&"|"&$A8&"|"&B$3,'Casillas del horario'!$T$4:$T$73,0))),"")) | C8: =IF(COUNTIF('Casillas del horario'!$T$4:$T$73,"Aula 10-4"&"|"&$A8&"|"&C$3)>1,IFERROR(IF(INDEX('Casillas del horario'!$A$4:$A$73,MATCH("Aula 10-4"&"|"&$A8&"|"&C$3,'Casillas del horario'!$T$4:$T$73,0))="","",INDEX('Casillas del horario'!$A$4:$A$73,MATCH("Aula 10-4"&"|"&$A8&"|"&C$3,'Casillas del horario'!$T$4:$T$73,0))),"")&" (+"&(COUNTIF('Casillas del horario'!$T$4:$T$73,"Aula 10-4"&"|"&$A8&"|"&C$3)-1)&")",IFERROR(IF(INDEX('Casillas del horario'!$A$4:$A$73,MATCH("Aula 10-4"&"|"&$A8&"|"&C$3,'Casillas del horario'!$T$4:$T$73,0))="","",INDEX('Casillas del horario'!$A$4:$A$73,MATCH("Aula 10-4"&"|"&$A8&"|"&C$3,'Casillas del horario'!$T$4:$T$73,0))),"")) | D8: =IF(COUNTIF('Casillas del horario'!$T$4:$T$73,"Aula 10-4"&"|"&$A8&"|"&D$3)>1,IFERROR(IF(INDEX('Casillas del horario'!$A$4:$A$73,MATCH("Aula 10-4"&"|"&$A8&"|"&D$3,'Casillas del horario'!$T$4:$T$73,0))="","",INDEX('Casillas del horario'!$A$4:$A$73,MATCH("Aula 10-4"&"|"&$A8&"|"&D$3,'Casillas del horario'!$T$4:$T$73,0))),"")&" (+"&(COUNTIF('Casillas del horario'!$T$4:$T$73,"Aula 10-4"&"|"&$A8&"|"&D$3)-1)&")",IFERROR(IF(INDEX('Casillas del horario'!$A$4:$A$73,MATCH("Aula 10-4"&"|"&$A8&"|"&D$3,'Casillas del horario'!$T$4:$T$73,0))="","",INDEX('Casillas del horario'!$A$4:$A$73,MATCH("Aula 10-4"&"|"&$A8&"|"&D$3,'Casillas del horario'!$T$4:$T$73,0))),"")) | E8: =IF(COUNTIF('Casillas del horario'!$T$4:$T$73,"Aula 10-4"&"|"&$A8&"|"&E$3)>1,IFERROR(IF(INDEX('Casillas del horario'!$A$4:$A$73,MATCH("Aula 10-4"&"|"&$A8&"|"&E$3,'Casillas del horario'!$T$4:$T$73,0))="","",INDEX('Casillas del horario'!$A$4:$A$73,MATCH("Aula 10-4"&"|"&$A8&"|"&E$3,'Casillas del horario'!$T$4:$T$73,0))),"")&" (+"&(COUNTIF('Casillas del horario'!$T$4:$T$73,"Aula 10-4"&"|"&$A8&"|"&E$3)-1)&")",IFERROR(IF(INDEX('Casillas del horario'!$A$4:$A$73,MATCH("Aula 10-4"&"|"&$A8&"|"&E$3,'Casillas del horario'!$T$4:$T$73,0))="","",INDEX('Casillas del horario'!$A$4:$A$73,MATCH("Aula 10-4"&"|"&$A8&"|"&E$3,'Casillas del horario'!$T$4:$T$73,0))),"")) | F8: =IF(COUNTIF('Casillas del horario'!$T$4:$T$73,"Aula 10-4"&"|"&$A8&"|"&F$3)>1,IFERROR(IF(INDEX('Casillas del horario'!$A$4:$A$73,MATCH("Aula 10-4"&"|"&$A8&"|"&F$3,'Casillas del horario'!$T$4:$T$73,0))="","",INDEX('Casillas del horario'!$A$4:$A$73,MATCH("Aula 10-4"&"|"&$A8&"|"&F$3,'Casillas del horario'!$T$4:$T$73,0))),"")&" (+"&(COUNTIF('Casillas del horario'!$T$4:$T$73,"Aula 10-4"&"|"&$A8&"|"&F$3)-1)&")",IFERROR(IF(INDEX('Casillas del horario'!$A$4:$A$73,MATCH("Aula 10-4"&"|"&$A8&"|"&F$3,'Casillas del horario'!$T$4:$T$73,0))="","",INDEX('Casillas del horario'!$A$4:$A$73,MATCH("Aula 10-4"&"|"&$A8&"|"&F$3,'Casillas del horario'!$T$4:$T$73,0))),""))
A9: 6 | B9: =IF(COUNTIF('Casillas del horario'!$T$4:$T$73,"Aula 10-4"&"|"&$A9&"|"&B$3)>1,IFERROR(IF(INDEX('Casillas del horario'!$A$4:$A$73,MATCH("Aula 10-4"&"|"&$A9&"|"&B$3,'Casillas del horario'!$T$4:$T$73,0))="","",INDEX('Casillas del horario'!$A$4:$A$73,MATCH("Aula 10-4"&"|"&$A9&"|"&B$3,'Casillas del horario'!$T$4:$T$73,0))),"")&" (+"&(COUNTIF('Casillas del horario'!$T$4:$T$73,"Aula 10-4"&"|"&$A9&"|"&B$3)-1)&")",IFERROR(IF(INDEX('Casillas del horario'!$A$4:$A$73,MATCH("Aula 10-4"&"|"&$A9&"|"&B$3,'Casillas del horario'!$T$4:$T$73,0))="","",INDEX('Casillas del horario'!$A$4:$A$73,MATCH("Aula 10-4"&"|"&$A9&"|"&B$3,'Casillas del horario'!$T$4:$T$73,0))),"")) | C9: =IF(COUNTIF('Casillas del horario'!$T$4:$T$73,"Aula 10-4"&"|"&$A9&"|"&C$3)>1,IFERROR(IF(INDEX('Casillas del horario'!$A$4:$A$73,MATCH("Aula 10-4"&"|"&$A9&"|"&C$3,'Casillas del horario'!$T$4:$T$73,0))="","",INDEX('Casillas del horario'!$A$4:$A$73,MATCH("Aula 10-4"&"|"&$A9&"|"&C$3,'Casillas del horario'!$T$4:$T$73,0))),"")&" (+"&(COUNTIF('Casillas del horario'!$T$4:$T$73,"Aula 10-4"&"|"&$A9&"|"&C$3)-1)&")",IFERROR(IF(INDEX('Casillas del horario'!$A$4:$A$73,MATCH("Aula 10-4"&"|"&$A9&"|"&C$3,'Casillas del horario'!$T$4:$T$73,0))="","",INDEX('Casillas del horario'!$A$4:$A$73,MATCH("Aula 10-4"&"|"&$A9&"|"&C$3,'Casillas del horario'!$T$4:$T$73,0))),"")) | D9: =IF(COUNTIF('Casillas del horario'!$T$4:$T$73,"Aula 10-4"&"|"&$A9&"|"&D$3)>1,IFERROR(IF(INDEX('Casillas del horario'!$A$4:$A$73,MATCH("Aula 10-4"&"|"&$A9&"|"&D$3,'Casillas del horario'!$T$4:$T$73,0))="","",INDEX('Casillas del horario'!$A$4:$A$73,MATCH("Aula 10-4"&"|"&$A9&"|"&D$3,'Casillas del horario'!$T$4:$T$73,0))),"")&" (+"&(COUNTIF('Casillas del horario'!$T$4:$T$73,"Aula 10-4"&"|"&$A9&"|"&D$3)-1)&")",IFERROR(IF(INDEX('Casillas del horario'!$A$4:$A$73,MATCH("Aula 10-4"&"|"&$A9&"|"&D$3,'Casillas del horario'!$T$4:$T$73,0))="","",INDEX('Casillas del horario'!$A$4:$A$73,MATCH("Aula 10-4"&"|"&$A9&"|"&D$3,'Casillas del horario'!$T$4:$T$73,0))),"")) | E9: =IF(COUNTIF('Casillas del horario'!$T$4:$T$73,"Aula 10-4"&"|"&$A9&"|"&E$3)>1,IFERROR(IF(INDEX('Casillas del horario'!$A$4:$A$73,MATCH("Aula 10-4"&"|"&$A9&"|"&E$3,'Casillas del horario'!$T$4:$T$73,0))="","",INDEX('Casillas del horario'!$A$4:$A$73,MATCH("Aula 10-4"&"|"&$A9&"|"&E$3,'Casillas del horario'!$T$4:$T$73,0))),"")&" (+"&(COUNTIF('Casillas del horario'!$T$4:$T$73,"Aula 10-4"&"|"&$A9&"|"&E$3)-1)&")",IFERROR(IF(INDEX('Casillas del horario'!$A$4:$A$73,MATCH("Aula 10-4"&"|"&$A9&"|"&E$3,'Casillas del horario'!$T$4:$T$73,0))="","",INDEX('Casillas del horario'!$A$4:$A$73,MATCH("Aula 10-4"&"|"&$A9&"|"&E$3,'Casillas del horario'!$T$4:$T$73,0))),"")) | F9: =IF(COUNTIF('Casillas del horario'!$T$4:$T$73,"Aula 10-4"&"|"&$A9&"|"&F$3)>1,IFERROR(IF(INDEX('Casillas del horario'!$A$4:$A$73,MATCH("Aula 10-4"&"|"&$A9&"|"&F$3,'Casillas del horario'!$T$4:$T$73,0))="","",INDEX('Casillas del horario'!$A$4:$A$73,MATCH("Aula 10-4"&"|"&$A9&"|"&F$3,'Casillas del horario'!$T$4:$T$73,0))),"")&" (+"&(COUNTIF('Casillas del horario'!$T$4:$T$73,"Aula 10-4"&"|"&$A9&"|"&F$3)-1)&")",IFERROR(IF(INDEX('Casillas del horario'!$A$4:$A$73,MATCH("Aula 10-4"&"|"&$A9&"|"&F$3,'Casillas del horario'!$T$4:$T$73,0))="","",INDEX('Casillas del horario'!$A$4:$A$73,MATCH("Aula 10-4"&"|"&$A9&"|"&F$3,'Casillas del horario'!$T$4:$T$73,0))),""))
A10: 7 | B10: =IF(COUNTIF('Casillas del horario'!$T$4:$T$73,"Aula 10-4"&"|"&$A10&"|"&B$3)>1,IFERROR(IF(INDEX('Casillas del horario'!$A$4:$A$73,MATCH("Aula 10-4"&"|"&$A10&"|"&B$3,'Casillas del horario'!$T$4:$T$73,0))="","",INDEX('Casillas del horario'!$A$4:$A$73,MATCH("Aula 10-4"&"|"&$A10&"|"&B$3,'Casillas del horario'!$T$4:$T$73,0))),"")&" (+"&(COUNTIF('Casillas del horario'!$T$4:$T$73,"Aula 10-4"&"|"&$A10&"|"&B$3)-1)&")",IFERROR(IF(INDEX('Casillas del horario'!$A$4:$A$73,MATCH("Aula 10-4"&"|"&$A10&"|"&B$3,'Casillas del horario'!$T$4:$T$73,0))="","",INDEX('Casillas del horario'!$A$4:$A$73,MATCH("Aula 10-4"&"|"&$A10&"|"&B$3,'Casillas del horario'!$T$4:$T$73,0))),"")) | C10: =IF(COUNTIF('Casillas del horario'!$T$4:$T$73,"Aula 10-4"&"|"&$A10&"|"&C$3)>1,IFERROR(IF(INDEX('Casillas del horario'!$A$4:$A$73,MATCH("Aula 10-4"&"|"&$A10&"|"&C$3,'Casillas del horario'!$T$4:$T$73,0))="","",INDEX('Casillas del horario'!$A$4:$A$73,MATCH("Aula 10-4"&"|"&$A10&"|"&C$3,'Casillas del horario'!$T$4:$T$73,0))),"")&" (+"&(COUNTIF('Casillas del horario'!$T$4:$T$73,"Aula 10-4"&"|"&$A10&"|"&C$3)-1)&")",IFERROR(IF(INDEX('Casillas del horario'!$A$4:$A$73,MATCH("Aula 10-4"&"|"&$A10&"|"&C$3,'Casillas del horario'!$T$4:$T$73,0))="","",INDEX('Casillas del horario'!$A$4:$A$73,MATCH("Aula 10-4"&"|"&$A10&"|"&C$3,'Casillas del horario'!$T$4:$T$73,0))),"")) | D10: =IF(COUNTIF('Casillas del horario'!$T$4:$T$73,"Aula 10-4"&"|"&$A10&"|"&D$3)>1,IFERROR(IF(INDEX('Casillas del horario'!$A$4:$A$73,MATCH("Aula 10-4"&"|"&$A10&"|"&D$3,'Casillas del horario'!$T$4:$T$73,0))="","",INDEX('Casillas del horario'!$A$4:$A$73,MATCH("Aula 10-4"&"|"&$A10&"|"&D$3,'Casillas del horario'!$T$4:$T$73,0))),"")&" (+"&(COUNTIF('Casillas del horario'!$T$4:$T$73,"Aula 10-4"&"|"&$A10&"|"&D$3)-1)&")",IFERROR(IF(INDEX('Casillas del horario'!$A$4:$A$73,MATCH("Aula 10-4"&"|"&$A10&"|"&D$3,'Casillas del horario'!$T$4:$T$73,0))="","",INDEX('Casillas del horario'!$A$4:$A$73,MATCH("Aula 10-4"&"|"&$A10&"|"&D$3,'Casillas del horario'!$T$4:$T$73,0))),"")) | E10: =IF(COUNTIF('Casillas del horario'!$T$4:$T$73,"Aula 10-4"&"|"&$A10&"|"&E$3)>1,IFERROR(IF(INDEX('Casillas del horario'!$A$4:$A$73,MATCH("Aula 10-4"&"|"&$A10&"|"&E$3,'Casillas del horario'!$T$4:$T$73,0))="","",INDEX('Casillas del horario'!$A$4:$A$73,MATCH("Aula 10-4"&"|"&$A10&"|"&E$3,'Casillas del horario'!$T$4:$T$73,0))),"")&" (+"&(COUNTIF('Casillas del horario'!$T$4:$T$73,"Aula 10-4"&"|"&$A10&"|"&E$3)-1)&")",IFERROR(IF(INDEX('Casillas del horario'!$A$4:$A$73,MATCH("Aula 10-4"&"|"&$A10&"|"&E$3,'Casillas del horario'!$T$4:$T$73,0))="","",INDEX('Casillas del horario'!$A$4:$A$73,MATCH("Aula 10-4"&"|"&$A10&"|"&E$3,'Casillas del horario'!$T$4:$T$73,0))),"")) | F10: =IF(COUNTIF('Casillas del horario'!$T$4:$T$73,"Aula 10-4"&"|"&$A10&"|"&F$3)>1,IFERROR(IF(INDEX('Casillas del horario'!$A$4:$A$73,MATCH("Aula 10-4"&"|"&$A10&"|"&F$3,'Casillas del horario'!$T$4:$T$73,0))="","",INDEX('Casillas del horario'!$A$4:$A$73,MATCH("Aula 10-4"&"|"&$A10&"|"&F$3,'Casillas del horario'!$T$4:$T$73,0))),"")&" (+"&(COUNTIF('Casillas del horario'!$T$4:$T$73,"Aula 10-4"&"|"&$A10&"|"&F$3)-1)&")",IFERROR(IF(INDEX('Casillas del horario'!$A$4:$A$73,MATCH("Aula 10-4"&"|"&$A10&"|"&F$3,'Casillas del horario'!$T$4:$T$73,0))="","",INDEX('Casillas del horario'!$A$4:$A$73,MATCH("Aula 10-4"&"|"&$A10&"|"&F$3,'Casillas del horario'!$T$4:$T$73,0))),""))

Sheet Casillas del horario
A1: Casillas del horario
A3: Grupo | B3: Dia | C3: Turno | D3: Asignatura | E3: Nombre | F3: Grupo#Asignatura | G3: Profesor | H3: Local de la asignatura | I3: Aula | J3: Turno doble | K3: Admite tarde | L3: Dia de preparacion | M3: Contratado | N3: Vive lejos | O3: Profesor#Dia | P3: Asiste hoy | Q3: Repite mal el dia | R3: (clave grupo|turno|dia) | S3: (clave profesor|turno|dia) | T3: (clave aula|turno|dia)
A4: 10-3 | B4: L | C4: 1 | D4: EF | E4: =IFERROR(VLOOKUP($D4,Asignaturas!$A$4:$G$18,2,FALSE),"") | F4: =($A4&"#"&$D4) | G4: =IFERROR(VLOOKUP($F4,'Plan por grupo'!$A$4:$H$33,4,FALSE),"") | H4: =IFERROR(VLOOKUP($D4,Asignaturas!$A$4:$G$18,7,FALSE),"") | I4: =IF(($D4=""),"",IF(($H4=""),("Aula "&$A4),$H4)) | J4: =IFERROR(VLOOKUP($D4,Asignaturas!$A$4:$G$18,4,FALSE),"no") | K4: =IFERROR(VLOOKUP($D4,Asignaturas!$A$4:$G$18,5,FALSE),"no") | L4: =IFERROR(VLOOKUP($D4,Asignaturas!$A$4:$G$18,6,FALSE),"") | M4: =IFERROR(VLOOKUP($G4,Profesores!$A$4:$C$33,2,FALSE),"no") | N4: =IFERROR(VLOOKUP($G4,Profesores!$A$4:$C$33,3,FALSE),"no") | O4: =($G4&"#"&$B4) | P4: =IFERROR(VLOOKUP($O4,'Dias que asisten los contratados'!$A$4:$D$4,4,FALSE),"no") | Q4: =IF(AND(NOT(($D4="")),(SUMPRODUCT((((($J4="no"))+(('Casillas del horario'!$C$4:$C$73<>($C4+1))*('Casillas del horario'!$C$4:$C$73<>($C4-1))))>0)*('Casillas del horario'!$D$4:$D$73=$D4)*('Casillas del horario'!$B$4:$B$73=$B4)*('Casillas del horario'!$A$4:$A$73=$A4)*(ROW('Casillas del horario'!$A$4:$A$73)<>ROW($A4)))>0)),"si","no") | R4: =$A4&"|"&$C4&"|"&$B4 | S4: =$G4&"|"&$C4&"|"&$B4 | T4: =$I4&"|"&$C4&"|"&$B4
A5: 10-3 | B5: M | C5: 1 | D5: H | E5: =IFERROR(VLOOKUP($D5,Asignaturas!$A$4:$G$18,2,FALSE),"") | F5: =($A5&"#"&$D5) | G5: =IFERROR(VLOOKUP($F5,'Plan por grupo'!$A$4:$H$33,4,FALSE),"") | H5: =IFERROR(VLOOKUP($D5,Asignaturas!$A$4:$G$18,7,FALSE),"") | I5: =IF(($D5=""),"",IF(($H5=""),("Aula "&$A5),$H5)) | J5: =IFERROR(VLOOKUP($D5,Asignaturas!$A$4:$G$18,4,FALSE),"no") | K5: =IFERROR(VLOOKUP($D5,Asignaturas!$A$4:$G$18,5,FALSE),"no") | L5: =IFERROR(VLOOKUP($D5,Asignaturas!$A$4:$G$18,6,FALSE),"") | M5: =IFERROR(VLOOKUP($G5,Profesores!$A$4:$C$33,2,FALSE),"no") | N5: =IFERROR(VLOOKUP($G5,Profesores!$A$4:$C$33,3,FALSE),"no") | O5: =($G5&"#"&$B5) | P5: =IFERROR(VLOOKUP($O5,'Dias que asisten los contratados'!$A$4:$D$4,4,FALSE),"no") | Q5: =IF(AND(NOT(($D5="")),(SUMPRODUCT((((($J5="no"))+(('Casillas del horario'!$C$4:$C$73<>($C5+1))*('Casillas del horario'!$C$4:$C$73<>($C5-1))))>0)*('Casillas del horario'!$D$4:$D$73=$D5)*('Casillas del horario'!$B$4:$B$73=$B5)*('Casillas del horario'!$A$4:$A$73=$A5)*(ROW('Casillas del horario'!$A$4:$A$73)<>ROW($A5)))>0)),"si","no") | R5: =$A5&"|"&$C5&"|"&$B5 | S5: =$G5&"|"&$C5&"|"&$B5 | T5: =$I5&"|"&$C5&"|"&$B5
A6: 10-3 | B6: MI | C6: 1 | D6: EF | E6: =IFERROR(VLOOKUP($D6,Asignaturas!$A$4:$G$18,2,FALSE),"") | F6: =($A6&"#"&$D6) | G6: =IFERROR(VLOOKUP($F6,'Plan por grupo'!$A$4:$H$33,4,FALSE),"") | H6: =IFERROR(VLOOKUP($D6,Asignaturas!$A$4:$G$18,7,FALSE),"") | I6: =IF(($D6=""),"",IF(($H6=""),("Aula "&$A6),$H6)) | J6: =IFERROR(VLOOKUP($D6,Asignaturas!$A$4:$G$18,4,FALSE),"no") | K6: =IFERROR(VLOOKUP($D6,Asignaturas!$A$4:$G$18,5,FALSE),"no") | L6: =IFERROR(VLOOKUP($D6,Asignaturas!$A$4:$G$18,6,FALSE),"") | M6: =IFERROR(VLOOKUP($G6,Profesores!$A$4:$C$33,2,FALSE),"no") | N6: =IFERROR(VLOOKUP($G6,Profesores!$A$4:$C$33,3,FALSE),"no") | O6: =($G6&"#"&$B6) | P6: =IFERROR(VLOOKUP($O6,'Dias que asisten los contratados'!$A$4:$D$4,4,FALSE),"no") | Q6: =IF(AND(NOT(($D6="")),(SUMPRODUCT((((($J6="no"))+(('Casillas del horario'!$C$4:$C$73<>($C6+1))*('Casillas del horario'!$C$4:$C$73<>($C6-1))))>0)*('Casillas del horario'!$D$4:$D$73=$D6)*('Casillas del horario'!$B$4:$B$73=$B6)*('Casillas del horario'!$A$4:$A$73=$A6)*(ROW('Casillas del horario'!$A$4:$A$73)<>ROW($A6)))>0)),"si","no") | R6: =$A6&"|"&$C6&"|"&$B6 | S6: =$G6&"|"&$C6&"|"&$B6 | T6: =$I6&"|"&$C6&"|"&$B6
A7: 10-3 | B7: J | C7: 1 | D7: INF | E7: =IFERROR(VLOOKUP($D7,Asignaturas!$A$4:$G$18,2,FALSE),"") | F7: =($A7&"#"&$D7) | G7: =IFERROR(VLOOKUP($F7,'Plan por grupo'!$A$4:$H$33,4,FALSE),"") | H7: =IFERROR(VLOOKUP($D7,Asignaturas!$A$4:$G$18,7,FALSE),"") | I7: =IF(($D7=""),"",IF(($H7=""),("Aula "&$A7),$H7)) | J7: =IFERROR(VLOOKUP($D7,Asignaturas!$A$4:$G$18,4,FALSE),"no") | K7: =IFERROR(VLOOKUP($D7,Asignaturas!$A$4:$G$18,5,FALSE),"no") | L7: =IFERROR(VLOOKUP($D7,Asignaturas!$A$4:$G$18,6,FALSE),"") | M7: =IFERROR(VLOOKUP($G7,Profesores!$A$4:$C$33,2,FALSE),"no") | N7: =IFERROR(VLOOKUP($G7,Profesores!$A$4:$C$33,3,FALSE),"no") | O7: =($G7&"#"&$B7) | P7: =IFERROR(VLOOKUP($O7,'Dias que asisten los contratados'!$A$4:$D$4,4,FALSE),"no") | Q7: =IF(AND(NOT(($D7="")),(SUMPRODUCT((((($J7="no"))+(('Casillas del horario'!$C$4:$C$73<>($C7+1))*('Casillas del horario'!$C$4:$C$73<>($C7-1))))>0)*('Casillas del horario'!$D$4:$D$73=$D7)*('Casillas del horario'!$B$4:$B$73=$B7)*('Casillas del horario'!$A$4:$A$73=$A7)*(ROW('Casillas del horario'!$A$4:$A$73)<>ROW($A7)))>0)),"si","no") | R7: =$A7&"|"&$C7&"|"&$B7 | S7: =$G7&"|"&$C7&"|"&$B7 | T7: =$I7&"|"&$C7&"|"&$B7
A8: 10-3 | B8: V | C8: 1 | D8: F | E8: =IFERROR(VLOOKUP($D8,Asignaturas!$A$4:$G$18,2,FALSE),"") | F8: =($A8&"#"&$D8) | G8: =IFERROR(VLOOKUP($F8,'Plan por grupo'!$A$4:$H$33,4,FALSE),"") | H8: =IFERROR(VLOOKUP($D8,Asignaturas!$A$4:$G$18,7,FALSE),"") | I8: =IF(($D8=""),"",IF(($H8=""),("Aula "&$A8),$H8)) | J8: =IFERROR(VLOOKUP($D8,Asignaturas!$A$4:$G$18,4,FALSE),"no") | K8: =IFERROR(VLOOKUP($D8,Asignaturas!$A$4:$G$18,5,FALSE),"no") | L8: =IFERROR(VLOOKUP($D8,Asignaturas!$A$4:$G$18,6,FALSE),"") | M8: =IFERROR(VLOOKUP($G8,Profesores!$A$4:$C$33,2,FALSE),"no") | N8: =IFERROR(VLOOKUP($G8,Profesores!$A$4:$C$33,3,FALSE),"no") | O8: =($G8&"#"&$B8) | P8: =IFERROR(VLOOKUP($O8,'Dias que asisten los contratados'!$A$4:$D$4,4,FALSE),"no") | Q8: =IF(AND(NOT(($D8="")),(SUMPRODUCT((((($J8="no"))+(('Casillas del horario'!$C$4:$C$73<>($C8+1))*('Casillas del horario'!$C$4:$C$73<>($C8-1))))>0)*('Casillas del horario'!$D$4:$D$73=$D8)*('Casillas del horario'!$B$4:$B$73=$B8)*('Casillas del horario'!$A$4:$A$73=$A8)*(ROW('Casillas del horario'!$A$4:$A$73)<>ROW($A8)))>0)),"si","no") | R8: =$A8&"|"&$C8&"|"&$B8 | S8: =$G8&"|"&$C8&"|"&$B8 | T8: =$I8&"|"&$C8&"|"&$B8
A9: 10-4 | B9: L | C9: 1 | D9: M | E9: =IFERROR(VLOOKUP($D9,Asignaturas!$A$4:$G$18,2,FALSE),"") | F9: =($A9&"#"&$D9) | G9: =IFERROR(VLOOKUP($F9,'Plan por grupo'!$A$4:$H$33,4,FALSE),"") | H9: =IFERROR(VLOOKUP($D9,Asignaturas!$A$4:$G$18,7,FALSE),"") | I9: =IF(($D9=""),"",IF(($H9=""),("Aula "&$A9),$H9)) | J9: =IFERROR(VLOOKUP($D9,Asignaturas!$A$4:$G$18,4,FALSE),"no") | K9: =IFERROR(VLOOKUP($D9,Asignaturas!$A$4:$G$18,5,FALSE),"no") | L9: =IFERROR(VLOOKUP($D9,Asignaturas!$A$4:$G$18,6,FALSE),"") | M9: =IFERROR(VLOOKUP($G9,Profesores!$A$4:$C$33,2,FALSE),"no") | N9: =IFERROR(VLOOKUP($G9,Profesores!$A$4:$C$33,3,FALSE),"no") | O9: =($G9&"#"&$B9) | P9: =IFERROR(VLOOKUP($O9,'Dias que asisten los contratados'!$A$4:$D$4,4,FALSE),"no") | Q9: =IF(AND(NOT(($D9="")),(SUMPRODUCT((((($J9="no"))+(('Casillas del horario'!$C$4:$C$73<>($C9+1))*('Casillas del horario'!$C$4:$C$73<>($C9-1))))>0)*('Casillas del horario'!$D$4:$D$73=$D9)*('Casillas del horario'!$B$4:$B$73=$B9)*('Casillas del horario'!$A$4:$A$73=$A9)*(ROW('Casillas del horario'!$A$4:$A$73)<>ROW($A9)))>0)),"si","no") | R9: =$A9&"|"&$C9&"|"&$B9 | S9: =$G9&"|"&$C9&"|"&$B9 | T9: =$I9&"|"&$C9&"|"&$B9
A10: 10-4 | B10: M | C10: 1 | D10: Lit-L | E10: =IFERROR(VLOOKUP($D10,Asignaturas!$A$4:$G$18,2,FALSE),"") | F10: =($A10&"#"&$D10) | G10: =IFERROR(VLOOKUP($F10,'Plan por grupo'!$A$4:$H$33,4,FALSE),"") | H10: =IFERROR(VLOOKUP($D10,Asignaturas!$A$4:$G$18,7,FALSE),"") | I10: =IF(($D10=""),"",IF(($H10=""),("Aula "&$A10),$H10)) | J10: =IFERROR(VLOOKUP($D10,Asignaturas!$A$4:$G$18,4,FALSE),"no") | K10: =IFERROR(VLOOKUP($D10,Asignaturas!$A$4:$G$18,5,FALSE),"no") | L10: =IFERROR(VLOOKUP($D10,Asignaturas!$A$4:$G$18,6,FALSE),"") | M10: =IFERROR(VLOOKUP($G10,Profesores!$A$4:$C$33,2,FALSE),"no") | N10: =IFERROR(VLOOKUP($G10,Profesores!$A$4:$C$33,3,FALSE),"no") | O10: =($G10&"#"&$B10) | P10: =IFERROR(VLOOKUP($O10,'Dias que asisten los contratados'!$A$4:$D$4,4,FALSE),"no") | Q10: =IF(AND(NOT(($D10="")),(SUMPRODUCT((((($J10="no"))+(('Casillas del horario'!$C$4:$C$73<>($C10+1))*('Casillas del horario'!$C$4:$C$73<>($C10-1))))>0)*('Casillas del horario'!$D$4:$D$73=$D10)*('Casillas del horario'!$B$4:$B$73=$B10)*('Casillas del horario'!$A$4:$A$73=$A10)*(ROW('Casillas del horario'!$A$4:$A$73)<>ROW($A10)))>0)),"si","no") | R10: =$A10&"|"&$C10&"|"&$B10 | S10: =$G10&"|"&$C10&"|"&$B10 | T10: =$I10&"|"&$C10&"|"&$B10
A11: 10-4 | B11: MI | C11: 1 | D11: CP | E11: =IFERROR(VLOOKUP($D11,Asignaturas!$A$4:$G$18,2,FALSE),"") | F11: =($A11&"#"&$D11) | G11: =IFERROR(VLOOKUP($F11,'Plan por grupo'!$A$4:$H$33,4,FALSE),"") | H11: =IFERROR(VLOOKUP($D11,Asignaturas!$A$4:$G$18,7,FALSE),"") | I11: =IF(($D11=""),"",IF(($H11=""),("Aula "&$A11),$H11)) | J11: =IFERROR(VLOOKUP($D11,Asignaturas!$A$4:$G$18,4,FALSE),"no") | K11: =IFERROR(VLOOKUP($D11,Asignaturas!$A$4:$G$18,5,FALSE),"no") | L11: =IFERROR(VLOOKUP($D11,Asignaturas!$A$4:$G$18,6,FALSE),"") | M11: =IFERROR(VLOOKUP($G11,Profesores!$A$4:$C$33,2,FALSE),"no") | N11: =IFERROR(VLOOKUP($G11,Profesores!$A$4:$C$33,3,FALSE),"no") | O11: =($G11&"#"&$B11) | P11: =IFERROR(VLOOKUP($O11,'Dias que asisten los contratados'!$A$4:$D$4,4,FALSE),"no") | Q11: =IF(AND(NOT(($D11="")),(SUMPRODUCT((((($J11="no"))+(('Casillas del horario'!$C$4:$C$73<>($C11+1))*('Casillas del horario'!$C$4:$C$73<>($C11-1))))>0)*('Casillas del horario'!$D$4:$D$73=$D11)*('Casillas del horario'!$B$4:$B$73=$B11)*('Casillas del horario'!$A$4:$A$73=$A11)*(ROW('Casillas del horario'!$A$4:$A$73)<>ROW($A11)))>0)),"si","no") | R11: =$A11&"|"&$C11&"|"&$B11 | S11: =$G11&"|"&$C11&"|"&$B11 | T11: =$I11&"|"&$C11&"|"&$B11
A12: 10-4 | B12: J | C12: 1 | D12: F | E12: =IFERROR(VLOOKUP($D12,Asignaturas!$A$4:$G$18,2,FALSE),"") | F12: =($A12&"#"&$D12) | G12: =IFERROR(VLOOKUP($F12,'Plan por grupo'!$A$4:$H$33,4,FALSE),"") | H12: =IFERROR(VLOOKUP($D12,Asignaturas!$A$4:$G$18,7,FALSE),"") | I12: =IF(($D12=""),"",IF(($H12=""),("Aula "&$A12),$H12)) | J12: =IFERROR(VLOOKUP($D12,Asignaturas!$A$4:$G$18,4,FALSE),"no") | K12: =IFERROR(VLOOKUP($D12,Asignaturas!$A$4:$G$18,5,FALSE),"no") | L12: =IFERROR(VLOOKUP($D12,Asignaturas!$A$4:$G$18,6,FALSE),"") | M12: =IFERROR(VLOOKUP($G12,Profesores!$A$4:$C$33,2,FALSE),"no") | N12: =IFERROR(VLOOKUP($G12,Profesores!$A$4:$C$33,3,FALSE),"no") | O12: =($G12&"#"&$B12) | P12: =IFERROR(VLOOKUP($O12,'Dias que asisten los contratados'!$A$4:$D$4,4,FALSE),"no") | Q12: =IF(AND(NOT(($D12="")),(SUMPRODUCT((((($J12="no"))+(('Casillas del horario'!$C$4:$C$73<>($C12+1))*('Casillas del horario'!$C$4:$C$73<>($C12-1))))>0)*('Casillas del horario'!$D$4:$D$73=$D12)*('Casillas del horario'!$B$4:$B$73=$B12)*('Casillas del horario'!$A$4:$A$73=$A12)*(ROW('Casillas del horario'!$A$4:$A$73)<>ROW($A12)))>0)),"si","no") | R12: =$A12&"|"&$C12&"|"&$B12 | S12: =$G12&"|"&$C12&"|"&$B12 | T12: =$I12&"|"&$C12&"|"&$B12
A13: 10-4 | B13: V | C13: 1 | D13: Lit-L | E13: =IFERROR(VLOOKUP($D13,Asignaturas!$A$4:$G$18,2,FALSE),"") | F13: =($A13&"#"&$D13) | G13: =IFERROR(VLOOKUP($F13,'Plan por grupo'!$A$4:$H$33,4,FALSE),"") | H13: =IFERROR(VLOOKUP($D13,Asignaturas!$A$4:$G$18,7,FALSE),"") | I13: =IF(($D13=""),"",IF(($H13=""),("Aula "&$A13),$H13)) | J13: =IFERROR(VLOOKUP($D13,Asignaturas!$A$4:$G$18,4,FALSE),"no") | K13: =IFERROR(VLOOKUP($D13,Asignaturas!$A$4:$G$18,5,FALSE),"no") | L13: =IFERROR(VLOOKUP($D13,Asignaturas!$A$4:$G$18,6,FALSE),"") | M13: =IFERROR(VLOOKUP($G13,Profesores!$A$4:$C$33,2,FALSE),"no") | N13: =IFERROR(VLOOKUP($G13,Profesores!$A$4:$C$33,3,FALSE),"no") | O13: =($G13&"#"&$B13) | P13: =IFERROR(VLOOKUP($O13,'Dias que asisten los contratados'!$A$4:$D$4,4,FALSE),"no") | Q13: =IF(AND(NOT(($D13="")),(SUMPRODUCT((((($J13="no"))+(('Casillas del horario'!$C$4:$C$73<>($C13+1))*('Casillas del horario'!$C$4:$C$73<>($C13-1))))>0)*('Casillas del horario'!$D$4:$D$73=$D13)*('Casillas del horario'!$B$4:$B$73=$B13)*('Casillas del horario'!$A$4:$A$73=$A13)*(ROW('Casillas del horario'!$A$4:$A$73)<>ROW($A13)))>0)),"si","no") | R13: =$A13&"|"&$C13&"|"&$B13 | S13: =$G13&"|"&$C13&"|"&$B13 | T13: =$I13&"|"&$C13&"|"&$B13
A14: 10-3 | B14: L | C14: 2 | D14: I | E14: =IFERROR(VLOOKUP($D14,Asignaturas!$A$4:$G$18,2,FALSE),"") | F14: =($A14&"#"&$D14) | G14: =IFERROR(VLOOKUP($F14,'Plan por grupo'!$A$4:$H$33,4,FALSE),"") | H14: =IFERROR(VLOOKUP($D14,Asignaturas!$A$4:$G$18,7,FALSE),"") | I14: =IF(($D14=""),"",IF(($H14=""),("Aula "&$A14),$H14)) | J14: =IFERROR(VLOOKUP($D14,Asignaturas!$A$4:$G$18,4,FALSE),"no") | K14: =IFERROR(VLOOKUP($D14,Asignaturas!$A$4:$G$18,5,FALSE),"no") | L14: =IFERROR(VLOOKUP($D14,Asignaturas!$A$4:$G$18,6,FALSE),"") | M14: =IFERROR(VLOOKUP($G14,Profesores!$A$4:$C$33,2,FALSE),"no") | N14: =IFERROR(VLOOKUP($G14,Profesores!$A$4:$C$33,3,FALSE),"no") | O14: =($G14&"#"&$B14) | P14: =IFERROR(VLOOKUP($O14,'Dias que asisten los contratados'!$A$4:$D$4,4,FALSE),"no") | Q14: =IF(AND(NOT(($D14="")),(SUMPRODUCT((((($J14="no"))+(('Casillas del horario'!$C$4:$C$73<>($C14+1))*('Casillas del horario'!$C$4:$C$73<>($C14-1))))>0)*('Casillas del horario'!$D$4:$D$73=$D14)*('Casillas del horario'!$B$4:$B$73=$B14)*('Casillas del horario'!$A$4:$A$73=$A14)*(ROW('Casillas del horario'!$A$4:$A$73)<>ROW($A14)))>0)),"si","no") | R14: =$A14&"|"&$C14&"|"&$B14 | S14: =$G14&"|"&$C14&"|"&$B14 | T14: =$I14&"|"&$C14&"|"&$B14
A15: 10-3 | B15: M | C15: 2 | D15: B | E15: =IFERROR(VLOOKUP($D15,Asignaturas!$A$4:$G$18,2,FALSE),"") | F15: =($A15&"#"&$D15) | G15: =IFERROR(VLOOKUP($F15,'Plan por grupo'!$A$4:$H$33,4,FALSE),"") | H15: =IFERROR(VLOOKUP($D15,Asignaturas!$A$4:$G$18,7,FALSE),"") | I15: =IF(($D15=""),"",IF(($H15=""),("Aula "&$A15),$H15)) | J15: =IFERROR(VLOOKUP($D15,Asignaturas!$A$4:$G$18,4,FALSE),"no") | K15: =IFERROR(VLOOKUP($D15,Asignaturas!$A$4:$G$18,5,FALSE),"no") | L15: =IFERROR(VLOOKUP($D15,Asignaturas!$A$4:$G$18,6,FALSE),"") | M15: =IFERROR(VLOOKUP($G15,Profesores!$A$4:$C$33,2,FALSE),"no") | N15: =IFERROR(VLOOKUP($G15,Profesores!$A$4:$C$33,3,FALSE),"no") | O15: =($G15&"#"&$B15) | P15: =IFERROR(VLOOKUP($O15,'Dias que asisten los contratados'!$A$4:$D$4,4,FALSE),"no") | Q15: =IF(AND(NOT(($D15="")),(SUMPRODUCT((((($J15="no"))+(('Casillas del horario'!$C$4:$C$73<>($C15+1))*('Casillas del horario'!$C$4:$C$73<>($C15-1))))>0)*('Casillas del horario'!$D$4:$D$73=$D15)*('Casillas del horario'!$B$4:$B$73=$B15)*('Casillas del horario'!$A$4:$A$73=$A15)*(ROW('Casillas del horario'!$A$4:$A$73)<>ROW($A15)))>0)),"si","no") | R15: =$A15&"|"&$C15&"|"&$B15 | S15: =$G15&"|"&$C15&"|"&$B15 | T15: =$I15&"|"&$C15&"|"&$B15
... A63: 10-4 | B63: V | C63: 6 | D63: M | E63: =IFERROR(VLOOKUP($D63,Asignaturas!$A$4:$G$18,2,FALSE),"") | F63: =($A63&"#"&$D63) | G63: =IFERROR(VLOOKUP($F63,'Plan por grupo'!$A$4:$H$33,4,FALSE),"") | H63: =IFERROR(VLOOKUP($D63,Asignaturas!$A$4:$G$18,7,FALSE),"") | I63: =IF(($D63=""),"",IF(($H63=""),("Aula "&$A63),$H63)) | J63: =IFERROR(VLOOKUP($D63,Asignaturas!$A$4:$G$18,4,FALSE),"no") | K63: =IFERROR(VLOOKUP($D63,Asignaturas!$A$4:$G$18,5,FALSE),"no") | L63: =IFERROR(VLOOKUP($D63,Asignaturas!$A$4:$G$18,6,FALSE),"") | M63: =IFERROR(VLOOKUP($G63,Profesores!$A$4:$C$33,2,FALSE),"no") | N63: =IFERROR(VLOOKUP($G63,Profesores!$A$4:$C$33,3,FALSE),"no") | O63: =($G63&"#"&$B63) | P63: =IFERROR(VLOOKUP($O63,'Dias que asisten los contratados'!$A$4:$D$4,4,FALSE),"no") | Q63: =IF(AND(NOT(($D63="")),(SUMPRODUCT((((($J63="no"))+(('Casillas del horario'!$C$4:$C$73<>($C63+1))*('Casillas del horario'!$C$4:$C$73<>($C63-1))))>0)*('Casillas del horario'!$D$4:$D$73=$D63)*('Casillas del horario'!$B$4:$B$73=$B63)*('Casillas del horario'!$A$4:$A$73=$A63)*(ROW('Casillas del horario'!$A$4:$A$73)<>ROW($A63)))>0)),"si","no") | R63: =$A63&"|"&$C63&"|"&$B63 | S63: =$G63&"|"&$C63&"|"&$B63 | T63: =$I63&"|"&$C63&"|"&$B63
A64: 10-3 | B64: L | C64: 7 | E64: =IFERROR(VLOOKUP($D64,Asignaturas!$A$4:$G$18,2,FALSE),"") | F64: =($A64&"#"&$D64) | G64: =IFERROR(VLOOKUP($F64,'Plan por grupo'!$A$4:$H$33,4,FALSE),"") | H64: =IFERROR(VLOOKUP($D64,Asignaturas!$A$4:$G$18,7,FALSE),"") | I64: =IF(($D64=""),"",IF(($H64=""),("Aula "&$A64),$H64)) | J64: =IFERROR(VLOOKUP($D64,Asignaturas!$A$4:$G$18,4,FALSE),"no") | K64: =IFERROR(VLOOKUP($D64,Asignaturas!$A$4:$G$18,5,FALSE),"no") | L64: =IFERROR(VLOOKUP($D64,Asignaturas!$A$4:$G$18,6,FALSE),"") | M64: =IFERROR(VLOOKUP($G64,Profesores!$A$4:$C$33,2,FALSE),"no") | N64: =IFERROR(VLOOKUP($G64,Profesores!$A$4:$C$33,3,FALSE),"no") | O64: =($G64&"#"&$B64) | P64: =IFERROR(VLOOKUP($O64,'Dias que asisten los contratados'!$A$4:$D$4,4,FALSE),"no") | Q64: =IF(AND(NOT(($D64="")),(SUMPRODUCT((((($J64="no"))+(('Casillas del horario'!$C$4:$C$73<>($C64+1))*('Casillas del horario'!$C$4:$C$73<>($C64-1))))>0)*('Casillas del horario'!$D$4:$D$73=$D64)*('Casillas del horario'!$B$4:$B$73=$B64)*('Casillas del horario'!$A$4:$A$73=$A64)*(ROW('Casillas del horario'!$A$4:$A$73)<>ROW($A64)))>0)),"si","no") | R64: =$A64&"|"&$C64&"|"&$B64 | S64: =$G64&"|"&$C64&"|"&$B64 | T64: =$I64&"|"&$C64&"|"&$B64
A65: 10-3 | B65: M | C65: 7 | E65: =IFERROR(VLOOKUP($D65,Asignaturas!$A$4:$G$18,2,FALSE),"") | F65: =($A65&"#"&$D65) | G65: =IFERROR(VLOOKUP($F65,'Plan por grupo'!$A$4:$H$33,4,FALSE),"") | H65: =IFERROR(VLOOKUP($D65,Asignaturas!$A$4:$G$18,7,FALSE),"") | I65: =IF(($D65=""),"",IF(($H65=""),("Aula "&$A65),$H65)) | J65: =IFERROR(VLOOKUP($D65,Asignaturas!$A$4:$G$18,4,FALSE),"no") | K65: =IFERROR(VLOOKUP($D65,Asignaturas!$A$4:$G$18,5,FALSE),"no") | L65: =IFERROR(VLOOKUP($D65,Asignaturas!$A$4:$G$18,6,FALSE),"") | M65: =IFERROR(VLOOKUP($G65,Profesores!$A$4:$C$33,2,FALSE),"no") | N65: =IFERROR(VLOOKUP($G65,Profesores!$A$4:$C$33,3,FALSE),"no") | O65: =($G65&"#"&$B65) | P65: =IFERROR(VLOOKUP($O65,'Dias que asisten los contratados'!$A$4:$D$4,4,FALSE),"no") | Q65: =IF(AND(NOT(($D65="")),(SUMPRODUCT((((($J65="no"))+(('Casillas del horario'!$C$4:$C$73<>($C65+1))*('Casillas del horario'!$C$4:$C$73<>($C65-1))))>0)*('Casillas del horario'!$D$4:$D$73=$D65)*('Casillas del horario'!$B$4:$B$73=$B65)*('Casillas del horario'!$A$4:$A$73=$A65)*(ROW('Casillas del horario'!$A$4:$A$73)<>ROW($A65)))>0)),"si","no") | R65: =$A65&"|"&$C65&"|"&$B65 | S65: =$G65&"|"&$C65&"|"&$B65 | T65: =$I65&"|"&$C65&"|"&$B65
A66: 10-3 | B66: MI | C66: 7 | D66: AL/AC | E66: =IFERROR(VLOOKUP($D66,Asignaturas!$A$4:$G$18,2,FALSE),"") | F66: =($A66&"#"&$D66) | G66: =IFERROR(VLOOKUP($F66,'Plan por grupo'!$A$4:$H$33,4,FALSE),"") | H66: =IFERROR(VLOOKUP($D66,Asignaturas!$A$4:$G$18,7,FALSE),"") | I66: =IF(($D66=""),"",IF(($H66=""),("Aula "&$A66),$H66)) | J66: =IFERROR(VLOOKUP($D66,Asignaturas!$A$4:$G$18,4,FALSE),"no") | K66: =IFERROR(VLOOKUP($D66,Asignaturas!$A$4:$G$18,5,FALSE),"no") | L66: =IFERROR(VLOOKUP($D66,Asignaturas!$A$4:$G$18,6,FALSE),"") | M66: =IFERROR(VLOOKUP($G66,Profesores!$A$4:$C$33,2,FALSE),"no") | N66: =IFERROR(VLOOKUP($G66,Profesores!$A$4:$C$33,3,FALSE),"no") | O66: =($G66&"#"&$B66) | P66: =IFERROR(VLOOKUP($O66,'Dias que asisten los contratados'!$A$4:$D$4,4,FALSE),"no") | Q66: =IF(AND(NOT(($D66="")),(SUMPRODUCT((((($J66="no"))+(('Casillas del horario'!$C$4:$C$73<>($C66+1))*('Casillas del horario'!$C$4:$C$73<>($C66-1))))>0)*('Casillas del horario'!$D$4:$D$73=$D66)*('Casillas del horario'!$B$4:$B$73=$B66)*('Casillas del horario'!$A$4:$A$73=$A66)*(ROW('Casillas del horario'!$A$4:$A$73)<>ROW($A66)))>0)),"si","no") | R66: =$A66&"|"&$C66&"|"&$B66 | S66: =$G66&"|"&$C66&"|"&$B66 | T66: =$I66&"|"&$C66&"|"&$B66
A67: 10-3 | B67: J | C67: 7 | E67: =IFERROR(VLOOKUP($D67,Asignaturas!$A$4:$G$18,2,FALSE),"") | F67: =($A67&"#"&$D67) | G67: =IFERROR(VLOOKUP($F67,'Plan por grupo'!$A$4:$H$33,4,FALSE),"") | H67: =IFERROR(VLOOKUP($D67,Asignaturas!$A$4:$G$18,7,FALSE),"") | I67: =IF(($D67=""),"",IF(($H67=""),("Aula "&$A67),$H67)) | J67: =IFERROR(VLOOKUP($D67,Asignaturas!$A$4:$G$18,4,FALSE),"no") | K67: =IFERROR(VLOOKUP($D67,Asignaturas!$A$4:$G$18,5,FALSE),"no") | L67: =IFERROR(VLOOKUP($D67,Asignaturas!$A$4:$G$18,6,FALSE),"") | M67: =IFERROR(VLOOKUP($G67,Profesores!$A$4:$C$33,2,FALSE),"no") | N67: =IFERROR(VLOOKUP($G67,Profesores!$A$4:$C$33,3,FALSE),"no") | O67: =($G67&"#"&$B67) | P67: =IFERROR(VLOOKUP($O67,'Dias que asisten los contratados'!$A$4:$D$4,4,FALSE),"no") | Q67: =IF(AND(NOT(($D67="")),(SUMPRODUCT((((($J67="no"))+(('Casillas del horario'!$C$4:$C$73<>($C67+1))*('Casillas del horario'!$C$4:$C$73<>($C67-1))))>0)*('Casillas del horario'!$D$4:$D$73=$D67)*('Casillas del horario'!$B$4:$B$73=$B67)*('Casillas del horario'!$A$4:$A$73=$A67)*(ROW('Casillas del horario'!$A$4:$A$73)<>ROW($A67)))>0)),"si","no") | R67: =$A67&"|"&$C67&"|"&$B67 | S67: =$G67&"|"&$C67&"|"&$B67 | T67: =$I67&"|"&$C67&"|"&$B67
A68: 10-3 | B68: V | C68: 7 | E68: =IFERROR(VLOOKUP($D68,Asignaturas!$A$4:$G$18,2,FALSE),"") | F68: =($A68&"#"&$D68) | G68: =IFERROR(VLOOKUP($F68,'Plan por grupo'!$A$4:$H$33,4,FALSE),"") | H68: =IFERROR(VLOOKUP($D68,Asignaturas!$A$4:$G$18,7,FALSE),"") | I68: =IF(($D68=""),"",IF(($H68=""),("Aula "&$A68),$H68)) | J68: =IFERROR(VLOOKUP($D68,Asignaturas!$A$4:$G$18,4,FALSE),"no") | K68: =IFERROR(VLOOKUP($D68,Asignaturas!$A$4:$G$18,5,FALSE),"no") | L68: =IFERROR(VLOOKUP($D68,Asignaturas!$A$4:$G$18,6,FALSE),"") | M68: =IFERROR(VLOOKUP($G68,Profesores!$A$4:$C$33,2,FALSE),"no") | N68: =IFERROR(VLOOKUP($G68,Profesores!$A$4:$C$33,3,FALSE),"no") | O68: =($G68&"#"&$B68) | P68: =IFERROR(VLOOKUP($O68,'Dias que asisten los contratados'!$A$4:$D$4,4,FALSE),"no") | Q68: =IF(AND(NOT(($D68="")),(SUMPRODUCT((((($J68="no"))+(('Casillas del horario'!$C$4:$C$73<>($C68+1))*('Casillas del horario'!$C$4:$C$73<>($C68-1))))>0)*('Casillas del horario'!$D$4:$D$73=$D68)*('Casillas del horario'!$B$4:$B$73=$B68)*('Casillas del horario'!$A$4:$A$73=$A68)*(ROW('Casillas del horario'!$A$4:$A$73)<>ROW($A68)))>0)),"si","no") | R68: =$A68&"|"&$C68&"|"&$B68 | S68: =$G68&"|"&$C68&"|"&$B68 | T68: =$I68&"|"&$C68&"|"&$B68
A69: 10-4 | B69: L | C69: 7 | D69: AL/AC | E69: =IFERROR(VLOOKUP($D69,Asignaturas!$A$4:$G$18,2,FALSE),"") | F69: =($A69&"#"&$D69) | G69: =IFERROR(VLOOKUP($F69,'Plan por grupo'!$A$4:$H$33,4,FALSE),"") | H69: =IFERROR(VLOOKUP($D69,Asignaturas!$A$4:$G$18,7,FALSE),"") | I69: =IF(($D69=""),"",IF(($H69=""),("Aula "&$A69),$H69)) | J69: =IFERROR(VLOOKUP($D69,Asignaturas!$A$4:$G$18,4,FALSE),"no") | K69: =IFERROR(VLOOKUP($D69,Asignaturas!$A$4:$G$18,5,FALSE),"no") | L69: =IFERROR(VLOOKUP($D69,Asignaturas!$A$4:$G$18,6,FALSE),"") | M69: =IFERROR(VLOOKUP($G69,Profesores!$A$4:$C$33,2,FALSE),"no") | N69: =IFERROR(VLOOKUP($G69,Profesores!$A$4:$C$33,3,FALSE),"no") | O69: =($G69&"#"&$B69) | P69: =IFERROR(VLOOKUP($O69,'Dias que asisten los contratados'!$A$4:$D$4,4,FALSE),"no") | Q69: =IF(AND(NOT(($D69="")),(SUMPRODUCT((((($J69="no"))+(('Casillas del horario'!$C$4:$C$73<>($C69+1))*('Casillas del horario'!$C$4:$C$73<>($C69-1))))>0)*('Casillas del horario'!$D$4:$D$73=$D69)*('Casillas del horario'!$B$4:$B$73=$B69)*('Casillas del horario'!$A$4:$A$73=$A69)*(ROW('Casillas del horario'!$A$4:$A$73)<>ROW($A69)))>0)),"si","no") | R69: =$A69&"|"&$C69&"|"&$B69 | S69: =$G69&"|"&$C69&"|"&$B69 | T69: =$I69&"|"&$C69&"|"&$B69
A70: 10-4 | B70: M | C70: 7 | E70: =IFERROR(VLOOKUP($D70,Asignaturas!$A$4:$G$18,2,FALSE),"") | F70: =($A70&"#"&$D70) | G70: =IFERROR(VLOOKUP($F70,'Plan por grupo'!$A$4:$H$33,4,FALSE),"") | H70: =IFERROR(VLOOKUP($D70,Asignaturas!$A$4:$G$18,7,FALSE),"") | I70: =IF(($D70=""),"",IF(($H70=""),("Aula "&$A70),$H70)) | J70: =IFERROR(VLOOKUP($D70,Asignaturas!$A$4:$G$18,4,FALSE),"no") | K70: =IFERROR(VLOOKUP($D70,Asignaturas!$A$4:$G$18,5,FALSE),"no") | L70: =IFERROR(VLOOKUP($D70,Asignaturas!$A$4:$G$18,6,FALSE),"") | M70: =IFERROR(VLOOKUP($G70,Profesores!$A$4:$C$33,2,FALSE),"no") | N70: =IFERROR(VLOOKUP($G70,Profesores!$A$4:$C$33,3,FALSE),"no") | O70: =($G70&"#"&$B70) | P70: =IFERROR(VLOOKUP($O70,'Dias que asisten los contratados'!$A$4:$D$4,4,FALSE),"no") | Q70: =IF(AND(NOT(($D70="")),(SUMPRODUCT((((($J70="no"))+(('Casillas del horario'!$C$4:$C$73<>($C70+1))*('Casillas del horario'!$C$4:$C$73<>($C70-1))))>0)*('Casillas del horario'!$D$4:$D$73=$D70)*('Casillas del horario'!$B$4:$B$73=$B70)*('Casillas del horario'!$A$4:$A$73=$A70)*(ROW('Casillas del horario'!$A$4:$A$73)<>ROW($A70)))>0)),"si","no") | R70: =$A70&"|"&$C70&"|"&$B70 | S70: =$G70&"|"&$C70&"|"&$B70 | T70: =$I70&"|"&$C70&"|"&$B70
A71: 10-4 | B71: MI | C71: 7 | E71: =IFERROR(VLOOKUP($D71,Asignaturas!$A$4:$G$18,2,FALSE),"") | F71: =($A71&"#"&$D71) | G71: =IFERROR(VLOOKUP($F71,'Plan por grupo'!$A$4:$H$33,4,FALSE),"") | H71: =IFERROR(VLOOKUP($D71,Asignaturas!$A$4:$G$18,7,FALSE),"") | I71: =IF(($D71=""),"",IF(($H71=""),("Aula "&$A71),$H71)) | J71: =IFERROR(VLOOKUP($D71,Asignaturas!$A$4:$G$18,4,FALSE),"no") | K71: =IFERROR(VLOOKUP($D71,Asignaturas!$A$4:$G$18,5,FALSE),"no") | L71: =IFERROR(VLOOKUP($D71,Asignaturas!$A$4:$G$18,6,FALSE),"") | M71: =IFERROR(VLOOKUP($G71,Profesores!$A$4:$C$33,2,FALSE),"no") | N71: =IFERROR(VLOOKUP($G71,Profesores!$A$4:$C$33,3,FALSE),"no") | O71: =($G71&"#"&$B71) | P71: =IFERROR(VLOOKUP($O71,'Dias que asisten los contratados'!$A$4:$D$4,4,FALSE),"no") | Q71: =IF(AND(NOT(($D71="")),(SUMPRODUCT((((($J71="no"))+(('Casillas del horario'!$C$4:$C$73<>($C71+1))*('Casillas del horario'!$C$4:$C$73<>($C71-1))))>0)*('Casillas del horario'!$D$4:$D$73=$D71)*('Casillas del horario'!$B$4:$B$73=$B71)*('Casillas del horario'!$A$4:$A$73=$A71)*(ROW('Casillas del horario'!$A$4:$A$73)<>ROW($A71)))>0)),"si","no") | R71: =$A71&"|"&$C71&"|"&$B71 | S71: =$G71&"|"&$C71&"|"&$B71 | T71: =$I71&"|"&$C71&"|"&$B71
A72: 10-4 | B72: J | C72: 7 | E72: =IFERROR(VLOOKUP($D72,Asignaturas!$A$4:$G$18,2,FALSE),"") | F72: =($A72&"#"&$D72) | G72: =IFERROR(VLOOKUP($F72,'Plan por grupo'!$A$4:$H$33,4,FALSE),"") | H72: =IFERROR(VLOOKUP($D72,Asignaturas!$A$4:$G$18,7,FALSE),"") | I72: =IF(($D72=""),"",IF(($H72=""),("Aula "&$A72),$H72)) | J72: =IFERROR(VLOOKUP($D72,Asignaturas!$A$4:$G$18,4,FALSE),"no") | K72: =IFERROR(VLOOKUP($D72,Asignaturas!$A$4:$G$18,5,FALSE),"no") | L72: =IFERROR(VLOOKUP($D72,Asignaturas!$A$4:$G$18,6,FALSE),"") | M72: =IFERROR(VLOOKUP($G72,Profesores!$A$4:$C$33,2,FALSE),"no") | N72: =IFERROR(VLOOKUP($G72,Profesores!$A$4:$C$33,3,FALSE),"no") | O72: =($G72&"#"&$B72) | P72: =IFERROR(VLOOKUP($O72,'Dias que asisten los contratados'!$A$4:$D$4,4,FALSE),"no") | Q72: =IF(AND(NOT(($D72="")),(SUMPRODUCT((((($J72="no"))+(('Casillas del horario'!$C$4:$C$73<>($C72+1))*('Casillas del horario'!$C$4:$C$73<>($C72-1))))>0)*('Casillas del horario'!$D$4:$D$73=$D72)*('Casillas del horario'!$B$4:$B$73=$B72)*('Casillas del horario'!$A$4:$A$73=$A72)*(ROW('Casillas del horario'!$A$4:$A$73)<>ROW($A72)))>0)),"si","no") | R72: =$A72&"|"&$C72&"|"&$B72 | S72: =$G72&"|"&$C72&"|"&$B72 | T72: =$I72&"|"&$C72&"|"&$B72
A73: 10-4 | B73: V | C73: 7 | E73: =IFERROR(VLOOKUP($D73,Asignaturas!$A$4:$G$18,2,FALSE),"") | F73: =($A73&"#"&$D73) | G73: =IFERROR(VLOOKUP($F73,'Plan por grupo'!$A$4:$H$33,4,FALSE),"") | H73: =IFERROR(VLOOKUP($D73,Asignaturas!$A$4:$G$18,7,FALSE),"") | I73: =IF(($D73=""),"",IF(($H73=""),("Aula "&$A73),$H73)) | J73: =IFERROR(VLOOKUP($D73,Asignaturas!$A$4:$G$18,4,FALSE),"no") | K73: =IFERROR(VLOOKUP($D73,Asignaturas!$A$4:$G$18,5,FALSE),"no") | L73: =IFERROR(VLOOKUP($D73,Asignaturas!$A$4:$G$18,6,FALSE),"") | M73: =IFERROR(VLOOKUP($G73,Profesores!$A$4:$C$33,2,FALSE),"no") | N73: =IFERROR(VLOOKUP($G73,Profesores!$A$4:$C$33,3,FALSE),"no") | O73: =($G73&"#"&$B73) | P73: =IFERROR(VLOOKUP($O73,'Dias que asisten los contratados'!$A$4:$D$4,4,FALSE),"no") | Q73: =IF(AND(NOT(($D73="")),(SUMPRODUCT((((($J73="no"))+(('Casillas del horario'!$C$4:$C$73<>($C73+1))*('Casillas del horario'!$C$4:$C$73<>($C73-1))))>0)*('Casillas del horario'!$D$4:$D$73=$D73)*('Casillas del horario'!$B$4:$B$73=$B73)*('Casillas del horario'!$A$4:$A$73=$A73)*(ROW('Casillas del horario'!$A$4:$A$73)<>ROW($A73)))>0)),"si","no") | R73: =$A73&"|"&$C73&"|"&$B73 | S73: =$G73&"|"&$C73&"|"&$B73 | T73: =$I73&"|"&$C73&"|"&$B73
A75: Leyenda
B76: profesor colisiona
B77: aula ocupada
B78: sesion repetida mal
B79: en dia de preparacion
B80: ef despues del tercer turno
B81: en la tarde sin admitirla
B82: contratado en dia que no asiste
B83: primer turno a quien vive lejos
B84: turno libre

Sheet Asignaturas
A1: Asignaturas
A3: Abrev | B3: Asignatura | C3: Frecuencia | D3: Turno doble | E3: Admite tarde | F3: Dia de preparacion | G3: Local
A4: M | B4: Matematica | C4: 5 | D4: =IF(($C4=5),"si","no") | E4: no
A5: Lit-L | B5: Literatura y Lengua | C5: 4 | D5: =IF(($C5=5),"si","no") | E5: no
A6: F | B6: Fisica | C6: 3 | D6: =IF(($C6=5),"si","no") | E6: no
A7: I | B7: Ingles | C7: 3 | D7: =IF(($C7=5),"si","no") | E7: no
A8: H | B8: Historia | C8: 3 | D8: =IF(($C8=5),"si","no") | E8: no
A9: EF | B9: Educacion Fisica | C9: 2 | D9: =IF(($C9=5),"si","no") | E9: no | G9: Terreno
A10: B | B10: Biologia | C10: 2 | D10: =IF(($C10=5),"si","no") | E10: no
A11: G | B11: Geografia | C11: 2 | D11: =IF(($C11=5),"si","no") | E11: no
A12: INF | B12: Informatica | C12: 1 | D12: =IF(($C12=5),"si","no") | E12: no | G12: Laboratorio
A13: Q | B13: Quimica | C13: 1 | D13: =IF(($C13=5),"si","no") | E13: no
A14: CP | B14: (CP, por confirmar) | C14: 1 | D14: =IF(($C14=5),"si","no") | E14: no
A15: DC | B15: (DC, por confirmar) | C15: 1 | D15: =IF(($C15=5),"si","no") | E15: no
A16: CA | B16: (CA, por confirmar) | C16: 1 | D16: =IF(($C16=5),"si","no") | E16: no
A17: RD | B17: (RD, por confirmar) | C17: 1 | D17: =IF(($C17=5),"si","no") | E17: no
A18: AL/AC | B18: (AL/AC, por confirmar) | C18: 1 | D18: =IF(($C18=5),"si","no") | E18: si

Sheet Plan por grupo
A1: Plan por grupo
A3: Clave | B3: Grupo | C3: Abrev | D3: Profesor | E3: Asignatura | F3: Frecuencia | G3: Asignadas | H3: Faltan
A4: 10-3#M | B4: 10-3 | C4: M | D4: Profesor de M en 10-3 | E4: =IFERROR(VLOOKUP($C4,Asignaturas!$A$4:$G$18,2,FALSE),"") | F4: =IFERROR(VLOOKUP($C4,Asignaturas!$A$4:$G$18,3,FALSE),0) | G4: =COUNTIFS('Casillas del horario'!$A$4:$A$73,$B4,'Casillas del horario'!$D$4:$D$73,$C4) | H4: =($F4-$G4)
A5: 10-3#Lit-L | B5: 10-3 | C5: Lit-L | D5: Profesor de Lit-L en 10-3 | E5: =IFERROR(VLOOKUP($C5,Asignaturas!$A$4:$G$18,2,FALSE),"") | F5: =IFERROR(VLOOKUP($C5,Asignaturas!$A$4:$G$18,3,FALSE),0) | G5: =COUNTIFS('Casillas del horario'!$A$4:$A$73,$B5,'Casillas del horario'!$D$4:$D$73,$C5) | H5: =($F5-$G5)
A6: 10-3#F | B6: 10-3 | C6: F | D6: Profesor de F en 10-3 | E6: =IFERROR(VLOOKUP($C6,Asignaturas!$A$4:$G$18,2,FALSE),"") | F6: =IFERROR(VLOOKUP($C6,Asignaturas!$A$4:$G$18,3,FALSE),0) | G6: =COUNTIFS('Casillas del horario'!$A$4:$A$73,$B6,'Casillas del horario'!$D$4:$D$73,$C6) | H6: =($F6-$G6)
A7: 10-3#I | B7: 10-3 | C7: I | D7: Profesor de I en 10-3 | E7: =IFERROR(VLOOKUP($C7,Asignaturas!$A$4:$G$18,2,FALSE),"") | F7: =IFERROR(VLOOKUP($C7,Asignaturas!$A$4:$G$18,3,FALSE),0) | G7: =COUNTIFS('Casillas del horario'!$A$4:$A$73,$B7,'Casillas del horario'!$D$4:$D$73,$C7) | H7: =($F7-$G7)
A8: 10-3#H | B8: 10-3 | C8: H | D8: Profesor de H en 10-3 | E8: =IFERROR(VLOOKUP($C8,Asignaturas!$A$4:$G$18,2,FALSE),"") | F8: =IFERROR(VLOOKUP($C8,Asignaturas!$A$4:$G$18,3,FALSE),0) | G8: =COUNTIFS('Casillas del horario'!$A$4:$A$73,$B8,'Casillas del horario'!$D$4:$D$73,$C8) | H8: =($F8-$G8)
A9: 10-3#EF | B9: 10-3 | C9: EF | D9: Profesor de EF en 10-3 | E9: =IFERROR(VLOOKUP($C9,Asignaturas!$A$4:$G$18,2,FALSE),"") | F9: =IFERROR(VLOOKUP($C9,Asignaturas!$A$4:$G$18,3,FALSE),0) | G9: =COUNTIFS('Casillas del horario'!$A$4:$A$73,$B9,'Casillas del horario'!$D$4:$D$73,$C9) | H9: =($F9-$G9)
A10: 10-3#B | B10: 10-3 | C10: B | D10: Profesor de B en 10-3 | E10: =IFERROR(VLOOKUP($C10,Asignaturas!$A$4:$G$18,2,FALSE),"") | F10: =IFERROR(VLOOKUP($C10,Asignaturas!$A$4:$G$18,3,FALSE),0) | G10: =COUNTIFS('Casillas del horario'!$A$4:$A$73,$B10,'Casillas del horario'!$D$4:$D$73,$C10) | H10: =($F10-$G10)
A11: 10-3#G | B11: 10-3 | C11: G | D11: Profesor de G en 10-3 | E11: =IFERROR(VLOOKUP($C11,Asignaturas!$A$4:$G$18,2,FALSE),"") | F11: =IFERROR(VLOOKUP($C11,Asignaturas!$A$4:$G$18,3,FALSE),0) | G11: =COUNTIFS('Casillas del horario'!$A$4:$A$73,$B11,'Casillas del horario'!$D$4:$D$73,$C11) | H11: =($F11-$G11)
A12: 10-3#INF | B12: 10-3 | C12: INF | D12: Profesor de INF en 10-3 | E12: =IFERROR(VLOOKUP($C12,Asignaturas!$A$4:$G$18,2,FALSE),"") | F12: =IFERROR(VLOOKUP($C12,Asignaturas!$A$4:$G$18,3,FALSE),0) | G12: =COUNTIFS('Casillas del horario'!$A$4:$A$73,$B12,'Casillas del horario'!$D$4:$D$73,$C12) | H12: =($F12-$G12)
A13: 10-3#Q | B13: 10-3 | C13: Q | D13: Profesor de Q en 10-3 | E13: =IFERROR(VLOOKUP($C13,Asignaturas!$A$4:$G$18,2,FALSE),"") | F13: =IFERROR(VLOOKUP($C13,Asignaturas!$A$4:$G$18,3,FALSE),0) | G13: =COUNTIFS('Casillas del horario'!$A$4:$A$73,$B13,'Casillas del horario'!$D$4:$D$73,$C13) | H13: =($F13-$G13)
