Workbook
Name Casillas: Casillas!$A$4:$G$12
Name Asignaturas: Asignaturas!$A$4:$C$7
Name Aulas: Aulas!$A$4:$A$6

Sheet Horario semanal
A1: Horario semanal
A3: Turno | B3: lunes | C3: martes | D3: miercoles
A4: T1 | B4: =IFERROR(IF(INDEX(Casillas!$C$4:$C$12,MATCH($A4&"|"&B$3,Casillas!$H$4:$H$12,0))="","",INDEX(Casillas!$C$4:$C$12,MATCH($A4&"|"&B$3,Casillas!$H$4:$H$12,0))),"") | C4: =IFERROR(IF(INDEX(Casillas!$C$4:$C$12,MATCH($A4&"|"&C$3,Casillas!$H$4:$H$12,0))="","",INDEX(Casillas!$C$4:$C$12,MATCH($A4&"|"&C$3,Casillas!$H$4:$H$12,0))),"") | D4: =IFERROR(IF(INDEX(Casillas!$C$4:$C$12,MATCH($A4&"|"&D$3,Casillas!$H$4:$H$12,0))="","",INDEX(Casillas!$C$4:$C$12,MATCH($A4&"|"&D$3,Casillas!$H$4:$H$12,0))),"")
A5: T2 | B5: =IFERROR(IF(INDEX(Casillas!$C$4:$C$12,MATCH($A5&"|"&B$3,Casillas!$H$4:$H$12,0))="","",INDEX(Casillas!$C$4:$C$12,MATCH($A5&"|"&B$3,Casillas!$H$4:$H$12,0))),"") | C5: =IFERROR(IF(INDEX(Casillas!$C$4:$C$12,MATCH($A5&"|"&C$3,Casillas!$H$4:$H$12,0))="","",INDEX(Casillas!$C$4:$C$12,MATCH($A5&"|"&C$3,Casillas!$H$4:$H$12,0))),"") | D5: =IFERROR(IF(INDEX(Casillas!$C$4:$C$12,MATCH($A5&"|"&D$3,Casillas!$H$4:$H$12,0))="","",INDEX(Casillas!$C$4:$C$12,MATCH($A5&"|"&D$3,Casillas!$H$4:$H$12,0))),"")
A6: T3 | B6: =IFERROR(IF(INDEX(Casillas!$C$4:$C$12,MATCH($A6&"|"&B$3,Casillas!$H$4:$H$12,0))="","",INDEX(Casillas!$C$4:$C$12,MATCH($A6&"|"&B$3,Casillas!$H$4:$H$12,0))),"") | C6: =IFERROR(IF(INDEX(Casillas!$C$4:$C$12,MATCH($A6&"|"&C$3,Casillas!$H$4:$H$12,0))="","",INDEX(Casillas!$C$4:$C$12,MATCH($A6&"|"&C$3,Casillas!$H$4:$H$12,0))),"") | D6: =IFERROR(IF(INDEX(Casillas!$C$4:$C$12,MATCH($A6&"|"&D$3,Casillas!$H$4:$H$12,0))="","",INDEX(Casillas!$C$4:$C$12,MATCH($A6&"|"&D$3,Casillas!$H$4:$H$12,0))),"")

Sheet Casillas
A1: Casillas
A3: Dia | B3: Turno | C3: Asignatura | D3: Aula | E3: Nombre | F3: Puestos | G3: Faltan | H3: (clave turno|dia)
A4: lunes | B4: T1 | C4: AL | D4: Aula 8 | E4: =IFERROR(VLOOKUP($C4,Asignaturas!$A$4:$C$7,2,FALSE),"") | F4: =COUNTIF(Casillas!$C$4:$C$12,$C4) | G4: =(IFERROR(VLOOKUP($C4,Asignaturas!$A$4:$C$7,3,FALSE),0)-$F4) | H4: =$B4&"|"&$A4
A5: martes | B5: T1 | C5: AL | D5: Aula 8 | E5: =IFERROR(VLOOKUP($C5,Asignaturas!$A$4:$C$7,2,FALSE),"") | F5: =COUNTIF(Casillas!$C$4:$C$12,$C5) | G5: =(IFERROR(VLOOKUP($C5,Asignaturas!$A$4:$C$7,3,FALSE),0)-$F5) | H5: =$B5&"|"&$A5
A6: miercoles | B6: T1 | C6: AL | D6: Aula 8 | E6: =IFERROR(VLOOKUP($C6,Asignaturas!$A$4:$C$7,2,FALSE),"") | F6: =COUNTIF(Casillas!$C$4:$C$12,$C6) | G6: =(IFERROR(VLOOKUP($C6,Asignaturas!$A$4:$C$7,3,FALSE),0)-$F6) | H6: =$B6&"|"&$A6
A7: lunes | B7: T2 | C7: L | D7: Aula 7 | E7: =IFERROR(VLOOKUP($C7,Asignaturas!$A$4:$C$7,2,FALSE),"") | F7: =COUNTIF(Casillas!$C$4:$C$12,$C7) | G7: =(IFERROR(VLOOKUP($C7,Asignaturas!$A$4:$C$7,3,FALSE),0)-$F7) | H7: =$B7&"|"&$A7
A8: martes | B8: T2 | C8: IP | D8: Lab 1 | E8: =IFERROR(VLOOKUP($C8,Asignaturas!$A$4:$C$7,2,FALSE),"") | F8: =COUNTIF(Casillas!$C$4:$C$12,$C8) | G8: =(IFERROR(VLOOKUP($C8,Asignaturas!$A$4:$C$7,3,FALSE),0)-$F8) | H8: =$B8&"|"&$A8
A9: miercoles | B9: T2 | C9: AL | D9: Aula 7 | E9: =IFERROR(VLOOKUP($C9,Asignaturas!$A$4:$C$7,2,FALSE),"") | F9: =COUNTIF(Casillas!$C$4:$C$12,$C9) | G9: =(IFERROR(VLOOKUP($C9,Asignaturas!$A$4:$C$7,3,FALSE),0)-$F9) | H9: =$B9&"|"&$A9
A10: lunes | B10: T3 | E10: =IFERROR(VLOOKUP($C10,Asignaturas!$A$4:$C$7,2,FALSE),"") | F10: =COUNTIF(Casillas!$C$4:$C$12,$C10) | G10: =(IFERROR(VLOOKUP($C10,Asignaturas!$A$4:$C$7,3,FALSE),0)-$F10) | H10: =$B10&"|"&$A10
A11: martes | B11: T3 | C11: AM | D11: Aula 7 | E11: =IFERROR(VLOOKUP($C11,Asignaturas!$A$4:$C$7,2,FALSE),"") | F11: =COUNTIF(Casillas!$C$4:$C$12,$C11) | G11: =(IFERROR(VLOOKUP($C11,Asignaturas!$A$4:$C$7,3,FALSE),0)-$F11) | H11: =$B11&"|"&$A11
A12: miercoles | B12: T3 | E12: =IFERROR(VLOOKUP($C12,Asignaturas!$A$4:$C$7,2,FALSE),"") | F12: =COUNTIF(Casillas!$C$4:$C$12,$C12) | G12: =(IFERROR(VLOOKUP($C12,Asignaturas!$A$4:$C$7,3,FALSE),0)-$F12) | H12: =$B12&"|"&$A12
A14: Leyenda
B15: aula ocupada
B16: asignatura excedida
B17: casilla libre

Sheet Asignaturas
A1: Asignaturas
A3: Abrev | B3: Asignatura | C3: Frec
A4: AL | B4: Algebra Lineal | C4: 3
A5: L | B5: Logica | C5: 2
A6: IP | B6: Intro a la Programacion | C6: 2
A7: AM | B7: Analisis Matematico | C7: 2

Sheet Aulas
A1: Aulas
A3: Aula
A4: Aula 7
A5: Aula 8
A6: Lab 1
