Workbook
Name Brigadas: OFFSET('Reparto de brigadas'!$A$4,0,0,COUNTA('Reparto de brigadas'!$A$4:$A$31),9)
Name Instalaciones: OFFSET('Instalaciones'!$A$4,0,0,COUNTA('Instalaciones'!$A$4:$A$27),4)
Name Anos: OFFSET('Anos de carrera'!$A$4,0,0,COUNTA('Anos de carrera'!$A$4:$A$29),3)
Name Disponibles: OFFSET('Horarios disponibles por ano'!$A$4,0,0,COUNTA('Horarios disponibles por ano'!$A$4:$A$34),2)
Name Franja: 'Brigadas por horario'!$A$4:$D$9

Sheet OI - par
A1: Ocupacion de instalaciones - par
A3: Instalacion | B3: 10 a.m. | C3: 11 a.m. | D3: 3 p.m.
A4: Pista 1 | B4: =IF(SUMPRODUCT(1*EXACT('Reparto de brigadas'!$L$4:$L$31,"par"&CHAR(31)&$A4&CHAR(31)&B$3))>1,IF(ISNA(MATCH(1,INDEX(EXACT('Reparto de brigadas'!$L$4:$L$31,"par"&CHAR(31)&$A4&CHAR(31)&B$3)*1,0),0)),"",IF(ISBLANK(INDEX('Reparto de brigadas'!$A$4:$A$31,MATCH(1,INDEX(EXACT('Reparto de brigadas'!$L$4:$L$31,"par"&CHAR(31)&$A4&CHAR(31)&B$3)*1,0),0))),"",INDEX('Reparto de brigadas'!$A$4:$A$31,MATCH(1,INDEX(EXACT('Reparto de brigadas'!$L$4:$L$31,"par"&CHAR(31)&$A4&CHAR(31)&B$3)*1,0),0))))&" / "&IF(ISBLANK(INDEX('Reparto de brigadas'!$A$4:$A$31,(MATCH(1,INDEX(EXACT('Reparto de brigadas'!$L$4:$L$31,"par"&CHAR(31)&$A4&CHAR(31)&B$3)*1,0),0)+MATCH(1,INDEX(EXACT(INDEX('Reparto de brigadas'!$L$4:$L$31,MATCH(1,INDEX(EXACT('Reparto de brigadas'!$L$4:$L$31,"par"&CHAR(31)&$A4&CHAR(31)&B$3)*1,0),0)+1):INDEX('Reparto de brigadas'!$L$4:$L$31,ROWS('Reparto de brigadas'!$L$4:$L$31)),"par"&CHAR(31)&$A4&CHAR(31)&B$3)*1,0),0)))),"",INDEX('Reparto de brigadas'!$A$4:$A$31,(MATCH(1,INDEX(EXACT('Reparto de brigadas'!$L$4:$L$31,"par"&CHAR(31)&$A4&CHAR(31)&B$3)*1,0),0)+MATCH(1,INDEX(EXACT(INDEX('Reparto de brigadas'!$L$4:$L$31,MATCH(1,INDEX(EXACT('Reparto de brigadas'!$L$4:$L$31,"par"&CHAR(31)&$A4&CHAR(31)&B$3)*1,0),0)+1):INDEX('Reparto de brigadas'!$L$4:$L$31,ROWS('Reparto de brigadas'!$L$4:$L$31)),"par"&CHAR(31)&$A4&CHAR(31)&B$3)*1,0),0))))&IF(SUMPRODUCT(1*EXACT('Reparto de brigadas'!$L$4:$L$31,"par"&CHAR(31)&$A4&CHAR(31)&B$3))>2," (+"&(SUMPRODUCT(1*EXACT('Reparto de brigadas'!$L$4:$L$31,"par"&CHAR(31)&$A4&CHAR(31)&B$3))-2)&")",""),IF(ISNA(MATCH(1,INDEX(EXACT('Reparto de brigadas'!$L$4:$L$31,"par"&CHAR(31)&$A4&CHAR(31)&B$3)*1,0),0)),"",IF(ISBLANK(INDEX('Reparto de brigadas'!$A$4:$A$31,MATCH(1,INDEX(EXACT('Reparto de brigadas'!$L$4:$L$31,"par"&CHAR(31)&$A4&CHAR(31)&B$3)*1,0),0))),"",INDEX('Reparto de brigadas'!$A$4:$A$31,MATCH(1,INDEX(EXACT('Reparto de brigadas'!$L$4:$L$31,"par"&CHAR(31)&$A4&CHAR(31)&B$3)*1,0),0))))) | C4: =IF(SUMPRODUCT(1*EXACT('Reparto de brigadas'!$L$4:$L$31,"par"&CHAR(31)&$A4&CHAR(31)&C$3))>1,IF(ISNA(MATCH(1,INDEX(EXACT('Reparto de brigadas'!$L$4:$L$31,"par"&CHAR(31)&$A4&CHAR(31)&C$3)*1,0),0)),"",IF(ISBLANK(INDEX('Reparto de brigadas'!$A$4:$A$31,MATCH(1,INDEX(EXACT('Reparto de brigadas'!$L$4:$L$31,"par"&CHAR(31)&$A4&CHAR(31)&C$3)*1,0),0))),"",INDEX('Reparto de brigadas'!$A$4:$A$31,MATCH(1,INDEX(EXACT('Reparto de brigadas'!$L$4:$L$31,"par"&CHAR(31)&$A4&CHAR(31)&C$3)*1,0),0))))&" / "&IF(ISBLANK(INDEX('Reparto de brigadas'!$A$4:$A$31,(MATCH(1,INDEX(EXACT('Reparto de brigadas'!$L$4:$L$31,"par"&CHAR(31)&$A4&CHAR(31)&C$3)*1,0),0)+MATCH(1,INDEX(EXACT(INDEX('Reparto de brigadas'!$L$4:$L$31,MATCH(1,INDEX(EXACT('Reparto de brigadas'!$L$4:$L$31,"par"&CHAR(31)&$A4&CHAR(31)&C$3)*1,0),0)+1):INDEX('Reparto de brigadas'!$L$4:$L$31,ROWS('Reparto de brigadas'!$L$4:$L$31)),"par"&CHAR(31)&$A4&CHAR(31)&C$3)*1,0),0)))),"",INDEX('Reparto de brigadas'!$A$4:$A$31,(MATCH(1,INDEX(EXACT('Reparto de brigadas'!$L$4:$L$31,"par"&CHAR(31)&$A4&CHAR(31)&C$3)*1,0),0)+MATCH(1,INDEX(EXACT(INDEX('Reparto de brigadas'!$L$4:$L$31,MATCH(1,INDEX(EXACT('Reparto de brigadas'!$L$4:$L$31,"par"&CHAR(31)&$A4&CHAR(31)&C$3)*1,0),0)+1):INDEX('Reparto de brigadas'!$L$4:$L$31,ROWS('Reparto de brigadas'!$L$4:$L$31)),"par"&CHAR(31)&$A4&CHAR(31)&C$3)*1,0),0))))&IF(SUMPRODUCT(1*EXACT('Reparto de brigadas'!$L$4:$L$31,"par"&CHAR(31)&$A4&CHAR(31)&C$3))>2," (+"&(SUMPRODUCT(1*EXACT('Reparto de brigadas'!$L$4:$L$31,"par"&CHAR(31)&$A4&CHAR(31)&C$3))-2)&")",""),IF(ISNA(MATCH(1,INDEX(EXACT('Reparto de brigadas'!$L$4:$L$31,"par"&CHAR(31)&$A4&CHAR(31)&C$3)*1,0),0)),"",IF(ISBLANK(INDEX('Reparto de brigadas'!$A$4:$A$31,MATCH(1,INDEX(EXACT('Reparto de brigadas'!$L$4:$L$31,"par"&CHAR(31)&$A4&CHAR(31)&C$3)*1,0),0))),"",INDEX('Reparto de brigadas'!$A$4:$A$31,MATCH(1,INDEX(EXACT('Reparto de brigadas'!$L$4:$L$31,"par"&CHAR(31)&$A4&CHAR(31)&C$3)*1,0),0))))) | D4: =IF(SUMPRODUCT(1*EXACT('Reparto de brigadas'!$L$4:$L$31,"par"&CHAR(31)&$A4&CHAR(31)&D$3))>1,IF(ISNA(MATCH(1,INDEX(EXACT('Reparto de brigadas'!$L$4:$L$31,"par"&CHAR(31)&$A4&CHAR(31)&D$3)*1,0),0)),"",IF(ISBLANK(INDEX('Reparto de brigadas'!$A$4:$A$31,MATCH(1,INDEX(EXACT('Reparto de brigadas'!$L$4:$L$31,"par"&CHAR(31)&$A4&CHAR(31)&D$3)*1,0),0))),"",INDEX('Reparto de brigadas'!$A$4:$A$31,MATCH(1,INDEX(EXACT('Reparto de brigadas'!$L$4:$L$31,"par"&CHAR(31)&$A4&CHAR(31)&D$3)*1,0),0))))&" / "&IF(ISBLANK(INDEX('Reparto de brigadas'!$A$4:$A$31,(MATCH(1,INDEX(EXACT('Reparto de brigadas'!$L$4:$L$31,"par"&CHAR(31)&$A4&CHAR(31)&D$3)*1,0),0)+MATCH(1,INDEX(EXACT(INDEX('Reparto de brigadas'!$L$4:$L$31,MATCH(1,INDEX(EXACT('Reparto de brigadas'!$L$4:$L$31,"par"&CHAR(31)&$A4&CHAR(31)&D$3)*1,0),0)+1):INDEX('Reparto de brigadas'!$L$4:$L$31,ROWS('Reparto de brigadas'!$L$4:$L$31)),"par"&CHAR(31)&$A4&CHAR(31)&D$3)*1,0),0)))),"",INDEX('Reparto de brigadas'!$A$4:$A$31,(MATCH(1,INDEX(EXACT('Reparto de brigadas'!$L$4:$L$31,"par"&CHAR(31)&$A4&CHAR(31)&D$3)*1,0),0)+MATCH(1,INDEX(EXACT(INDEX('Reparto de brigadas'!$L$4:$L$31,MATCH(1,INDEX(EXACT('Reparto de brigadas'!$L$4:$L$31,"par"&CHAR(31)&$A4&CHAR(31)&D$3)*1,0),0)+1):INDEX('Reparto de brigadas'!$L$4:$L$31,ROWS('Reparto de brigadas'!$L$4:$L$31)),"par"&CHAR(31)&$A4&CHAR(31)&D$3)*1,0),0))))&IF(SUMPRODUCT(1*EXACT('Reparto de brigadas'!$L$4:$L$31,"par"&CHAR(31)&$A4&CHAR(31)&D$3))>2," (+"&(SUMPRODUCT(1*EXACT('Reparto de brigadas'!$L$4:$L$31,"par"&CHAR(31)&$A4&CHAR(31)&D$3))-2)&")",""),IF(ISNA(MATCH(1,INDEX(EXACT('Reparto de brigadas'!$L$4:$L$31,"par"&CHAR(31)&$A4&CHAR(31)&D$3)*1,0),0)),"",IF(ISBLANK(INDEX('Reparto de brigadas'!$A$4:$A$31,MATCH(1,INDEX(EXACT('Reparto de brigadas'!$L$4:$L$31,"par"&CHAR(31)&$A4&CHAR(31)&D$3)*1,0),0))),"",INDEX('Reparto de brigadas'!$A$4:$A$31,MATCH(1,INDEX(EXACT('Reparto de brigadas'!$L$4:$L$31,"par"&CHAR(31)&$A4&CHAR(31)&D$3)*1,0),0)))))
A5: Pista 2 | B5: =IF(SUMPRODUCT(1*EXACT('Reparto de brigadas'!$L$4:$L$31,"par"&CHAR(31)&$A5&CHAR(31)&B$3))>1,IF(ISNA(MATCH(1,INDEX(EXACT('Reparto de brigadas'!$L$4:$L$31,"par"&CHAR(31)&$A5&CHAR(31)&B$3)*1,0),0)),"",IF(ISBLANK(INDEX('Reparto de brigadas'!$A$4:$A$31,MATCH(1,INDEX(EXACT('Reparto de brigadas'!$L$4:$L$31,"par"&CHAR(31)&$A5&CHAR(31)&B$3)*1,0),0))),"",INDEX('Reparto de brigadas'!$A$4:$A$31,MATCH(1,INDEX(EXACT('Reparto de brigadas'!$L$4:$L$31,"par"&CHAR(31)&$A5&CHAR(31)&B$3)*1,0),0))))&" / "&IF(ISBLANK(INDEX('Reparto de brigadas'!$A$4:$A$31,(MATCH(1,INDEX(EXACT('Reparto de brigadas'!$L$4:$L$31,"par"&CHAR(31)&$A5&CHAR(31)&B$3)*1,0),0)+MATCH(1,INDEX(EXACT(INDEX('Reparto de brigadas'!$L$4:$L$31,MATCH(1,INDEX(EXACT('Reparto de brigadas'!$L$4:$L$31,"par"&CHAR(31)&$A5&CHAR(31)&B$3)*1,0),0)+1):INDEX('Reparto de brigadas'!$L$4:$L$31,ROWS('Reparto de brigadas'!$L$4:$L$31)),"par"&CHAR(31)&$A5&CHAR(31)&B$3)*1,0),0)))),"",INDEX('Reparto de brigadas'!$A$4:$A$31,(MATCH(1,INDEX(EXACT('Reparto de brigadas'!$L$4:$L$31,"par"&CHAR(31)&$A5&CHAR(31)&B$3)*1,0),0)+MATCH(1,INDEX(EXACT(INDEX('Reparto de brigadas'!$L$4:$L$31,MATCH(1,INDEX(EXACT('Reparto de brigadas'!$L$4:$L$31,"par"&CHAR(31)&$A5&CHAR(31)&B$3)*1,0),0)+1):INDEX('Reparto de brigadas'!$L$4:$L$31,ROWS('Reparto de brigadas'!$L$4:$L$31)),"par"&CHAR(31)&$A5&CHAR(31)&B$3)*1,0),0))))&IF(SUMPRODUCT(1*EXACT('Reparto de brigadas'!$L$4:$L$31,"par"&CHAR(31)&$A5&CHAR(31)&B$3))>2," (+"&(SUMPRODUCT(1*EXACT('Reparto de brigadas'!$L$4:$L$31,"par"&CHAR(31)&$A5&CHAR(31)&B$3))-2)&")",""),IF(ISNA(MATCH(1,INDEX(EXACT('Reparto de brigadas'!$L$4:$L$31,"par"&CHAR(31)&$A5&CHAR(31)&B$3)*1,0),0)),"",IF(ISBLANK(INDEX('Reparto de brigadas'!$A$4:$A$31,MATCH(1,INDEX(EXACT('Reparto de brigadas'!$L$4:$L$31,"par"&CHAR(31)&$A5&CHAR(31)&B$3)*1,0),0))),"",INDEX('Reparto de brigadas'!$A$4:$A$31,MATCH(1,INDEX(EXACT('Reparto de brigadas'!$L$4:$L$31,"par"&CHAR(31)&$A5&CHAR(31)&B$3)*1,0),0))))) | C5: =IF(SUMPRODUCT(1*EXACT('Reparto de brigadas'!$L$4:$L$31,"par"&CHAR(31)&$A5&CHAR(31)&C$3))>1,IF(ISNA(MATCH(1,INDEX(EXACT('Reparto de brigadas'!$L$4:$L$31,"par"&CHAR(31)&$A5&CHAR(31)&C$3)*1,0),0)),"",IF(ISBLANK(INDEX('Reparto de brigadas'!$A$4:$A$31,MATCH(1,INDEX(EXACT('Reparto de brigadas'!$L$4:$L$31,"par"&CHAR(31)&$A5&CHAR(31)&C$3)*1,0),0))),"",INDEX('Reparto de brigadas'!$A$4:$A$31,MATCH(1,INDEX(EXACT('Reparto de brigadas'!$L$4:$L$31,"par"&CHAR(31)&$A5&CHAR(31)&C$3)*1,0),0))))&" / "&IF(ISBLANK(INDEX('Reparto de brigadas'!$A$4:$A$31,(MATCH(1,INDEX(EXACT('Reparto de brigadas'!$L$4:$L$31,"par"&CHAR(31)&$A5&CHAR(31)&C$3)*1,0),0)+MATCH(1,INDEX(EXACT(INDEX('Reparto de brigadas'!$L$4:$L$31,MATCH(1,INDEX(EXACT('Reparto de brigadas'!$L$4:$L$31,"par"&CHAR(31)&$A5&CHAR(31)&C$3)*1,0),0)+1):INDEX('Reparto de brigadas'!$L$4:$L$31,ROWS('Reparto de brigadas'!$L$4:$L$31)),"par"&CHAR(31)&$A5&CHAR(31)&C$3)*1,0),0)))),"",INDEX('Reparto de brigadas'!$A$4:$A$31,(MATCH(1,INDEX(EXACT('Reparto de brigadas'!$L$4:$L$31,"par"&CHAR(31)&$A5&CHAR(31)&C$3)*1,0),0)+MATCH(1,INDEX(EXACT(INDEX('Reparto de brigadas'!$L$4:$L$31,MATCH(1,INDEX(EXACT('Reparto de brigadas'!$L$4:$L$31,"par"&CHAR(31)&$A5&CHAR(31)&C$3)*1,0),0)+1):INDEX('Reparto de brigadas'!$L$4:$L$31,ROWS('Reparto de brigadas'!$L$4:$L$31)),"par"&CHAR(31)&$A5&CHAR(31)&C$3)*1,0),0))))&IF(SUMPRODUCT(1*EXACT('Reparto de brigadas'!$L$4:$L$31,"par"&CHAR(31)&$A5&CHAR(31)&C$3))>2," (+"&(SUMPRODUCT(1*EXACT('Reparto de brigadas'!$L$4:$L$31,"par"&CHAR(31)&$A5&CHAR(31)&C$3))-2)&")",""),IF(ISNA(MATCH(1,INDEX(EXACT('Reparto de brigadas'!$L$4:$L$31,"par"&CHAR(31)&$A5&CHAR(31)&C$3)*1,0),0)),"",IF(ISBLANK(INDEX('Reparto de brigadas'!$A$4:$A$31,MATCH(1,INDEX(EXACT('Reparto de brigadas'!$L$4:$L$31,"par"&CHAR(31)&$A5&CHAR(31)&C$3)*1,0),0))),"",INDEX('Reparto de brigadas'!$A$4:$A$31,MATCH(1,INDEX(EXACT('Reparto de brigadas'!$L$4:$L$31,"par"&CHAR(31)&$A5&CHAR(31)&C$3)*1,0),0))))) | D5: =IF(SUMPRODUCT(1*EXACT('Reparto de brigadas'!$L$4:$L$31,"par"&CHAR(31)&$A5&CHAR(31)&D$3))>1,IF(ISNA(MATCH(1,INDEX(EXACT('Reparto de brigadas'!$L$4:$L$31,"par"&CHAR(31)&$A5&CHAR(31)&D$3)*1,0),0)),"",IF(ISBLANK(INDEX('Reparto de brigadas'!$A$4:$A$31,MATCH(1,INDEX(EXACT('Reparto de brigadas'!$L$4:$L$31,"par"&CHAR(31)&$A5&CHAR(31)&D$3)*1,0),0))),"",INDEX('Reparto de brigadas'!$A$4:$A$31,MATCH(1,INDEX(EXACT('Reparto de brigadas'!$L$4:$L$31,"par"&CHAR(31)&$A5&CHAR(31)&D$3)*1,0),0))))&" / "&IF(ISBLANK(INDEX('Reparto de brigadas'!$A$4:$A$31,(MATCH(1,INDEX(EXACT('Reparto de brigadas'!$L$4:$L$31,"par"&CHAR(31)&$A5&CHAR(31)&D$3)*1,0),0)+MATCH(1,INDEX(EXACT(INDEX('Reparto de brigadas'!$L$4:$L$31,MATCH(1,INDEX(EXACT('Reparto de brigadas'!$L$4:$L$31,"par"&CHAR(31)&$A5&CHAR(31)&D$3)*1,0),0)+1):INDEX('Reparto de brigadas'!$L$4:$L$31,ROWS('Reparto de brigadas'!$L$4:$L$31)),"par"&CHAR(31)&$A5&CHAR(31)&D$3)*1,0),0)))),"",INDEX('Reparto de brigadas'!$A$4:$A$31,(MATCH(1,INDEX(EXACT('Reparto de brigadas'!$L$4:$L$31,"par"&CHAR(31)&$A5&CHAR(31)&D$3)*1,0),0)+MATCH(1,INDEX(EXACT(INDEX('Reparto de brigadas'!$L$4:$L$31,MATCH(1,INDEX(EXACT('Reparto de brigadas'!$L$4:$L$31,"par"&CHAR(31)&$A5&CHAR(31)&D$3)*1,0),0)+1):INDEX('Reparto de brigadas'!$L$4:$L$31,ROWS('Reparto de brigadas'!$L$4:$L$31)),"par"&CHAR(31)&$A5&CHAR(31)&D$3)*1,0),0))))&IF(SUMPRODUCT(1*EXACT('Reparto de brigadas'!$L$4:$L$31,"par"&CHAR(31)&$A5&CHAR(31)&D$3))>2," (+"&(SUMPRODUCT(1*EXACT('Reparto de brigadas'!$L$4:$L$31,"par"&CHAR(31)&$A5&CHAR(31)&D$3))-2)&")",""),IF(ISNA(MATCH(1,INDEX(EXACT('Reparto de brigadas'!$L$4:$L$31,"par"&CHAR(31)&$A5&CHAR(31)&D$3)*1,0),0)),"",IF(ISBLANK(INDEX('Reparto de brigadas'!$A$4:$A$31,MATCH(1,INDEX(EXACT('Reparto de brigadas'!$L$4:$L$31,"par"&CHAR(31)&$A5&CHAR(31)&D$3)*1,0),0))),"",INDEX('Reparto de brigadas'!$A$4:$A$31,MATCH(1,INDEX(EXACT('Reparto de brigadas'!$L$4:$L$31,"par"&CHAR(31)&$A5&CHAR(31)&D$3)*1,0),0)))))
A6: Gimnasio | B6: =IF(SUMPRODUCT(1*EXACT('Reparto de brigadas'!$L$4:$L$31,"par"&CHAR(31)&$A6&CHAR(31)&B$3))>1,IF(ISNA(MATCH(1,INDEX(EXACT('Reparto de brigadas'!$L$4:$L$31,"par"&CHAR(31)&$A6&CHAR(31)&B$3)*1,0),0)),"",IF(ISBLANK(INDEX('Reparto de brigadas'!$A$4:$A$31,MATCH(1,INDEX(EXACT('Reparto de brigadas'!$L$4:$L$31,"par"&CHAR(31)&$A6&CHAR(31)&B$3)*1,0),0))),"",INDEX('Reparto de brigadas'!$A$4:$A$31,MATCH(1,INDEX(EXACT('Reparto de brigadas'!$L$4:$L$31,"par"&CHAR(31)&$A6&CHAR(31)&B$3)*1,0),0))))&" / "&IF(ISBLANK(INDEX('Reparto de brigadas'!$A$4:$A$31,(MATCH(1,INDEX(EXACT('Reparto de brigadas'!$L$4:$L$31,"par"&CHAR(31)&$A6&CHAR(31)&B$3)*1,0),0)+MATCH(1,INDEX(EXACT(INDEX('Reparto de brigadas'!$L$4:$L$31,MATCH(1,INDEX(EXACT('Reparto de brigadas'!$L$4:$L$31,"par"&CHAR(31)&$A6&CHAR(31)&B$3)*1,0),0)+1):INDEX('Reparto de brigadas'!$L$4:$L$31,ROWS('Reparto de brigadas'!$L$4:$L$31)),"par"&CHAR(31)&$A6&CHAR(31)&B$3)*1,0),0)))),"",INDEX('Reparto de brigadas'!$A$4:$A$31,(MATCH(1,INDEX(EXACT('Reparto de brigadas'!$L$4:$L$31,"par"&CHAR(31)&$A6&CHAR(31)&B$3)*1,0),0)+MATCH(1,INDEX(EXACT(INDEX('Reparto de brigadas'!$L$4:$L$31,MATCH(1,INDEX(EXACT('Reparto de brigadas'!$L$4:$L$31,"par"&CHAR(31)&$A6&CHAR(31)&B$3)*1,0),0)+1):INDEX('Reparto de brigadas'!$L$4:$L$31,ROWS('Reparto de brigadas'!$L$4:$L$31)),"par"&CHAR(31)&$A6&CHAR(31)&B$3)*1,0),0))))&IF(SUMPRODUCT(1*EXACT('Reparto de brigadas'!$L$4:$L$31,"par"&CHAR(31)&$A6&CHAR(31)&B$3))>2," (+"&(SUMPRODUCT(1*EXACT('Reparto de brigadas'!$L$4:$L$31,"par"&CHAR(31)&$A6&CHAR(31)&B$3))-2)&")",""),IF(ISNA(MATCH(1,INDEX(EXACT('Reparto de brigadas'!$L$4:$L$31,"par"&CHAR(31)&$A6&CHAR(31)&B$3)*1,0),0)),"",IF(ISBLANK(INDEX('Reparto de brigadas'!$A$4:$A$31,MATCH(1,INDEX(EXACT('Reparto de brigadas'!$L$4:$L$31,"par"&CHAR(31)&$A6&CHAR(31)&B$3)*1,0),0))),"",INDEX('Reparto de brigadas'!$A$4:$A$31,MATCH(1,INDEX(EXACT('Reparto de brigadas'!$L$4:$L$31,"par"&CHAR(31)&$A6&CHAR(31)&B$3)*1,0),0))))) | C6: =IF(SUMPRODUCT(1*EXACT('Reparto de brigadas'!$L$4:$L$31,"par"&CHAR(31)&$A6&CHAR(31)&C$3))>1,IF(ISNA(MATCH(1,INDEX(EXACT('Reparto de brigadas'!$L$4:$L$31,"par"&CHAR(31)&$A6&CHAR(31)&C$3)*1,0),0)),"",IF(ISBLANK(INDEX('Reparto de brigadas'!$A$4:$A$31,MATCH(1,INDEX(EXACT('Reparto de brigadas'!$L$4:$L$31,"par"&CHAR(31)&$A6&CHAR(31)&C$3)*1,0),0))),"",INDEX('Reparto de brigadas'!$A$4:$A$31,MATCH(1,INDEX(EXACT('Reparto de brigadas'!$L$4:$L$31,"par"&CHAR(31)&$A6&CHAR(31)&C$3)*1,0),0))))&" / "&IF(ISBLANK(INDEX('Reparto de brigadas'!$A$4:$A$31,(MATCH(1,INDEX(EXACT('Reparto de brigadas'!$L$4:$L$31,"par"&CHAR(31)&$A6&CHAR(31)&C$3)*1,0),0)+MATCH(1,INDEX(EXACT(INDEX('Reparto de brigadas'!$L$4:$L$31,MATCH(1,INDEX(EXACT('Reparto de brigadas'!$L$4:$L$31,"par"&CHAR(31)&$A6&CHAR(31)&C$3)*1,0),0)+1):INDEX('Reparto de brigadas'!$L$4:$L$31,ROWS('Reparto de brigadas'!$L$4:$L$31)),"par"&CHAR(31)&$A6&CHAR(31)&C$3)*1,0),0)))),"",INDEX('Reparto de brigadas'!$A$4:$A$31,(MATCH(1,INDEX(EXACT('Reparto de brigadas'!$L$4:$L$31,"par"&CHAR(31)&$A6&CHAR(31)&C$3)*1,0),0)+MATCH(1,INDEX(EXACT(INDEX('Reparto de brigadas'!$L$4:$L$31,MATCH(1,INDEX(EXACT('Reparto de brigadas'!$L$4:$L$31,"par"&CHAR(31)&$A6&CHAR(31)&C$3)*1,0),0)+1):INDEX('Reparto de brigadas'!$L$4:$L$31,ROWS('Reparto de brigadas'!$L$4:$L$31)),"par"&CHAR(31)&$A6&CHAR(31)&C$3)*1,0),0))))&IF(SUMPRODUCT(1*EXACT('Reparto de brigadas'!$L$4:$L$31,"par"&CHAR(31)&$A6&CHAR(31)&C$3))>2," (+"&(SUMPRODUCT(1*EXACT('Reparto de brigadas'!$L$4:$L$31,"par"&CHAR(31)&$A6&CHAR(31)&C$3))-2)&")",""),IF(ISNA(MATCH(1,INDEX(EXACT('Reparto de brigadas'!$L$4:$L$31,"par"&CHAR(31)&$A6&CHAR(31)&C$3)*1,0),0)),"",IF(ISBLANK(INDEX('Reparto de brigadas'!$A$4:$A$31,MATCH(1,INDEX(EXACT('Reparto de brigadas'!$L$4:$L$31,"par"&CHAR(31)&$A6&CHAR(31)&C$3)*1,0),0))),"",INDEX('Reparto de brigadas'!$A$4:$A$31,MATCH(1,INDEX(EXACT('Reparto de brigadas'!$L$4:$L$31,"par"&CHAR(31)&$A6&CHAR(31)&C$3)*1,0),0))))) | D6: =IF(SUMPRODUCT(1*EXACT('Reparto de brigadas'!$L$4:$L$31,"par"&CHAR(31)&$A6&CHAR(31)&D$3))>1,IF(ISNA(MATCH(1,INDEX(EXACT('Reparto de brigadas'!$L$4:$L$31,"par"&CHAR(31)&$A6&CHAR(31)&D$3)*1,0),0)),"",IF(ISBLANK(INDEX('Reparto de brigadas'!$A$4:$A$31,MATCH(1,INDEX(EXACT('Reparto de brigadas'!$L$4:$L$31,"par"&CHAR(31)&$A6&CHAR(31)&D$3)*1,0),0))),"",INDEX('Reparto de brigadas'!$A$4:$A$31,MATCH(1,INDEX(EXACT('Reparto de brigadas'!$L$4:$L$31,"par"&CHAR(31)&$A6&CHAR(31)&D$3)*1,0),0))))&" / "&IF(ISBLANK(INDEX('Reparto de brigadas'!$A$4:$A$31,(MATCH(1,INDEX(EXACT('Reparto de brigadas'!$L$4:$L$31,"par"&CHAR(31)&$A6&CHAR(31)&D$3)*1,0),0)+MATCH(1,INDEX(EXACT(INDEX('Reparto de brigadas'!$L$4:$L$31,MATCH(1,INDEX(EXACT('Reparto de brigadas'!$L$4:$L$31,"par"&CHAR(31)&$A6&CHAR(31)&D$3)*1,0),0)+1):INDEX('Reparto de brigadas'!$L$4:$L$31,ROWS('Reparto de brigadas'!$L$4:$L$31)),"par"&CHAR(31)&$A6&CHAR(31)&D$3)*1,0),0)))),"",INDEX('Reparto de brigadas'!$A$4:$A$31,(MATCH(1,INDEX(EXACT('Reparto de brigadas'!$L$4:$L$31,"par"&CHAR(31)&$A6&CHAR(31)&D$3)*1,0),0)+MATCH(1,INDEX(EXACT(INDEX('Reparto de brigadas'!$L$4:$L$31,MATCH(1,INDEX(EXACT('Reparto de brigadas'!$L$4:$L$31,"par"&CHAR(31)&$A6&CHAR(31)&D$3)*1,0),0)+1):INDEX('Reparto de brigadas'!$L$4:$L$31,ROWS('Reparto de brigadas'!$L$4:$L$31)),"par"&CHAR(31)&$A6&CHAR(31)&D$3)*1,0),0))))&IF(SUMPRODUCT(1*EXACT('Reparto de brigadas'!$L$4:$L$31,"par"&CHAR(31)&$A6&CHAR(31)&D$3))>2," (+"&(SUMPRODUCT(1*EXACT('Reparto de brigadas'!$L$4:$L$31,"par"&CHAR(31)&$A6&CHAR(31)&D$3))-2)&")",""),IF(ISNA(MATCH(1,INDEX(EXACT('Reparto de brigadas'!$L$4:$L$31,"par"&CHAR(31)&$A6&CHAR(31)&D$3)*1,0),0)),"",IF(ISBLANK(INDEX('Reparto de brigadas'!$A$4:$A$31,MATCH(1,INDEX(EXACT('Reparto de brigadas'!$L$4:$L$31,"par"&CHAR(31)&$A6&CHAR(31)&D$3)*1,0),0))),"",INDEX('Reparto de brigadas'!$A$4:$A$31,MATCH(1,INDEX(EXACT('Reparto de brigadas'!$L$4:$L$31,"par"&CHAR(31)&$A6&CHAR(31)&D$3)*1,0),0)))))
A7: Piscina | B7: =IF(SUMPRODUCT(1*EXACT('Reparto de brigadas'!$L$4:$L$31,"par"&CHAR(31)&$A7&CHAR(31)&B$3))>1,IF(ISNA(MATCH(1,INDEX(EXACT('Reparto de brigadas'!$L$4:$L$31,"par"&CHAR(31)&$A7&CHAR(31)&B$3)*1,0),0)),"",IF(ISBLANK(INDEX('Reparto de brigadas'!$A$4:$A$31,MATCH(1,INDEX(EXACT('Reparto de brigadas'!$L$4:$L$31,"par"&CHAR(31)&$A7&CHAR(31)&B$3)*1,0),0))),"",INDEX('Reparto de brigadas'!$A$4:$A$31,MATCH(1,INDEX(EXACT('Reparto de brigadas'!$L$4:$L$31,"par"&CHAR(31)&$A7&CHAR(31)&B$3)*1,0),0))))&" / "&IF(ISBLANK(INDEX('Reparto de brigadas'!$A$4:$A$31,(MATCH(1,INDEX(EXACT('Reparto de brigadas'!$L$4:$L$31,"par"&CHAR(31)&$A7&CHAR(31)&B$3)*1,0),0)+MATCH(1,INDEX(EXACT(INDEX('Reparto de brigadas'!$L$4:$L$31,MATCH(1,INDEX(EXACT('Reparto de brigadas'!$L$4:$L$31,"par"&CHAR(31)&$A7&CHAR(31)&B$3)*1,0),0)+1):INDEX('Reparto de brigadas'!$L$4:$L$31,ROWS('Reparto de brigadas'!$L$4:$L$31)),"par"&CHAR(31)&$A7&CHAR(31)&B$3)*1,0),0)))),"",INDEX('Reparto de brigadas'!$A$4:$A$31,(MATCH(1,INDEX(EXACT('Reparto de brigadas'!$L$4:$L$31,"par"&CHAR(31)&$A7&CHAR(31)&B$3)*1,0),0)+MATCH(1,INDEX(EXACT(INDEX('Reparto de brigadas'!$L$4:$L$31,MATCH(1,INDEX(EXACT('Reparto de brigadas'!$L$4:$L$31,"par"&CHAR(31)&$A7&CHAR(31)&B$3)*1,0),0)+1):INDEX('Reparto de brigadas'!$L$4:$L$31,ROWS('Reparto de brigadas'!$L$4:$L$31)),"par"&CHAR(31)&$A7&CHAR(31)&B$3)*1,0),0))))&IF(SUMPRODUCT(1*EXACT('Reparto de brigadas'!$L$4:$L$31,"par"&CHAR(31)&$A7&CHAR(31)&B$3))>2," (+"&(SUMPRODUCT(1*EXACT('Reparto de brigadas'!$L$4:$L$31,"par"&CHAR(31)&$A7&CHAR(31)&B$3))-2)&")",""),IF(ISNA(MATCH(1,INDEX(EXACT('Reparto de brigadas'!$L$4:$L$31,"par"&CHAR(31)&$A7&CHAR(31)&B$3)*1,0),0)),"",IF(ISBLANK(INDEX('Reparto de brigadas'!$A$4:$A$31,MATCH(1,INDEX(EXACT('Reparto de brigadas'!$L$4:$L$31,"par"&CHAR(31)&$A7&CHAR(31)&B$3)*1,0),0))),"",INDEX('Reparto de brigadas'!$A$4:$A$31,MATCH(1,INDEX(EXACT('Reparto de brigadas'!$L$4:$L$31,"par"&CHAR(31)&$A7&CHAR(31)&B$3)*1,0),0))))) | C7: =IF(SUMPRODUCT(1*EXACT('Reparto de brigadas'!$L$4:$L$31,"par"&CHAR(31)&$A7&CHAR(31)&C$3))>1,IF(ISNA(MATCH(1,INDEX(EXACT('Reparto de brigadas'!$L$4:$L$31,"par"&CHAR(31)&$A7&CHAR(31)&C$3)*1,0),0)),"",IF(ISBLANK(INDEX('Reparto de brigadas'!$A$4:$A$31,MATCH(1,INDEX(EXACT('Reparto de brigadas'!$L$4:$L$31,"par"&CHAR(31)&$A7&CHAR(31)&C$3)*1,0),0))),"",INDEX('Reparto de brigadas'!$A$4:$A$31,MATCH(1,INDEX(EXACT('Reparto de brigadas'!$L$4:$L$31,"par"&CHAR(31)&$A7&CHAR(31)&C$3)*1,0),0))))&" / "&IF(ISBLANK(INDEX('Reparto de brigadas'!$A$4:$A$31,(MATCH(1,INDEX(EXACT('Reparto de brigadas'!$L$4:$L$31,"par"&CHAR(31)&$A7&CHAR(31)&C$3)*1,0),0)+MATCH(1,INDEX(EXACT(INDEX('Reparto de brigadas'!$L$4:$L$31,MATCH(1,INDEX(EXACT('Reparto de brigadas'!$L$4:$L$31,"par"&CHAR(31)&$A7&CHAR(31)&C$3)*1,0),0)+1):INDEX('Reparto de brigadas'!$L$4:$L$31,ROWS('Reparto de brigadas'!$L$4:$L$31)),"par"&CHAR(31)&$A7&CHAR(31)&C$3)*1,0),0)))),"",INDEX('Reparto de brigadas'!$A$4:$A$31,(MATCH(1,INDEX(EXACT('Reparto de brigadas'!$L$4:$L$31,"par"&CHAR(31)&$A7&CHAR(31)&C$3)*1,0),0)+MATCH(1,INDEX(EXACT(INDEX('Reparto de brigadas'!$L$4:$L$31,MATCH(1,INDEX(EXACT('Reparto de brigadas'!$L$4:$L$31,"par"&CHAR(31)&$A7&CHAR(31)&C$3)*1,0),0)+1):INDEX('Reparto de brigadas'!$L$4:$L$31,ROWS('Reparto de brigadas'!$L$4:$L$31)),"par"&CHAR(31)&$A7&CHAR(31)&C$3)*1,0),0))))&IF(SUMPRODUCT(1*EXACT('Reparto de brigadas'!$L$4:$L$31,"par"&CHAR(31)&$A7&CHAR(31)&C$3))>2," (+"&(SUMPRODUCT(1*EXACT('Reparto de brigadas'!$L$4:$L$31,"par"&CHAR(31)&$A7&CHAR(31)&C$3))-2)&")",""),IF(ISNA(MATCH(1,INDEX(EXACT('Reparto de brigadas'!$L$4:$L$31,"par"&CHAR(31)&$A7&CHAR(31)&C$3)*1,0),0)),"",IF(ISBLANK(INDEX('Reparto de brigadas'!$A$4:$A$31,MATCH(1,INDEX(EXACT('Reparto de brigadas'!$L$4:$L$31,"par"&CHAR(31)&$A7&CHAR(31)&C$3)*1,0),0))),"",INDEX('Reparto de brigadas'!$A$4:$A$31,MATCH(1,INDEX(EXACT('Reparto de brigadas'!$L$4:$L$31,"par"&CHAR(31)&$A7&CHAR(31)&C$3)*1,0),0))))) | D7: =IF(SUMPRODUCT(1*EXACT('Reparto de brigadas'!$L$4:$L$31,"par"&CHAR(31)&$A7&CHAR(31)&D$3))>1,IF(ISNA(MATCH(1,INDEX(EXACT('Reparto de brigadas'!$L$4:$L$31,"par"&CHAR(31)&$A7&CHAR(31)&D$3)*1,0),0)),"",IF(ISBLANK(INDEX('Reparto de brigadas'!$A$4:$A$31,MATCH(1,INDEX(EXACT('Reparto de brigadas'!$L$4:$L$31,"par"&CHAR(31)&$A7&CHAR(31)&D$3)*1,0),0))),"",INDEX('Reparto de brigadas'!$A$4:$A$31,MATCH(1,INDEX(EXACT('Reparto de brigadas'!$L$4:$L$31,"par"&CHAR(31)&$A7&CHAR(31)&D$3)*1,0),0))))&" / "&IF(ISBLANK(INDEX('Reparto de brigadas'!$A$4:$A$31,(MATCH(1,INDEX(EXACT('Reparto de brigadas'!$L$4:$L$31,"par"&CHAR(31)&$A7&CHAR(31)&D$3)*1,0),0)+MATCH(1,INDEX(EXACT(INDEX('Reparto de brigadas'!$L$4:$L$31,MATCH(1,INDEX(EXACT('Reparto de brigadas'!$L$4:$L$31,"par"&CHAR(31)&$A7&CHAR(31)&D$3)*1,0),0)+1):INDEX('Reparto de brigadas'!$L$4:$L$31,ROWS('Reparto de brigadas'!$L$4:$L$31)),"par"&CHAR(31)&$A7&CHAR(31)&D$3)*1,0),0)))),"",INDEX('Reparto de brigadas'!$A$4:$A$31,(MATCH(1,INDEX(EXACT('Reparto de brigadas'!$L$4:$L$31,"par"&CHAR(31)&$A7&CHAR(31)&D$3)*1,0),0)+MATCH(1,INDEX(EXACT(INDEX('Reparto de brigadas'!$L$4:$L$31,MATCH(1,INDEX(EXACT('Reparto de brigadas'!$L$4:$L$31,"par"&CHAR(31)&$A7&CHAR(31)&D$3)*1,0),0)+1):INDEX('Reparto de brigadas'!$L$4:$L$31,ROWS('Reparto de brigadas'!$L$4:$L$31)),"par"&CHAR(31)&$A7&CHAR(31)&D$3)*1,0),0))))&IF(SUMPRODUCT(1*EXACT('Reparto de brigadas'!$L$4:$L$31,"par"&CHAR(31)&$A7&CHAR(31)&D$3))>2," (+"&(SUMPRODUCT(1*EXACT('Reparto de brigadas'!$L$4:$L$31,"par"&CHAR(31)&$A7&CHAR(31)&D$3))-2)&")",""),IF(ISNA(MATCH(1,INDEX(EXACT('Reparto de brigadas'!$L$4:$L$31,"par"&CHAR(31)&$A7&CHAR(31)&D$3)*1,0),0)),"",IF(ISBLANK(INDEX('Reparto de brigadas'!$A$4:$A$31,MATCH(1,INDEX(EXACT('Reparto de brigadas'!$L$4:$L$31,"par"&CHAR(31)&$A7&CHAR(31)&D$3)*1,0),0))),"",INDEX('Reparto de brigadas'!$A$4:$A$31,MATCH(1,INDEX(EXACT('Reparto de brigadas'!$L$4:$L$31,"par"&CHAR(31)&$A7&CHAR(31)&D$3)*1,0),0)))))

Sheet OI - impar
A1: Ocupacion de instalaciones - impar
A3: Instalacion | B3: 10 a.m. | C3: 11 a.m. | D3: 3 p.m.
A4: Pista 1 | B4: =IF(SUMPRODUCT(1*EXACT('Reparto de brigadas'!$L$4:$L$31,"impar"&CHAR(31)&$A4&CHAR(31)&B$3))>1,IF(ISNA(MATCH(1,INDEX(EXACT('Reparto de brigadas'!$L$4:$L$31,"impar"&CHAR(31)&$A4&CHAR(31)&B$3)*1,0),0)),"",IF(ISBLANK(INDEX('Reparto de brigadas'!$A$4:$A$31,MATCH(1,INDEX(EXACT('Reparto de brigadas'!$L$4:$L$31,"impar"&CHAR(31)&$A4&CHAR(31)&B$3)*1,0),0))),"",INDEX('Reparto de brigadas'!$A$4:$A$31,MATCH(1,INDEX(EXACT('Reparto de brigadas'!$L$4:$L$31,"impar"&CHAR(31)&$A4&CHAR(31)&B$3)*1,0),0))))&" / "&IF(ISBLANK(INDEX('Reparto de brigadas'!$A$4:$A$31,(MATCH(1,INDEX(EXACT('Reparto de brigadas'!$L$4:$L$31,"impar"&CHAR(31)&$A4&CHAR(31)&B$3)*1,0),0)+MATCH(1,INDEX(EXACT(INDEX('Reparto de brigadas'!$L$4:$L$31,MATCH(1,INDEX(EXACT('Reparto de brigadas'!$L$4:$L$31,"impar"&CHAR(31)&$A4&CHAR(31)&B$3)*1,0),0)+1):INDEX('Reparto de brigadas'!$L$4:$L$31,ROWS('Reparto de brigadas'!$L$4:$L$31)),"impar"&CHAR(31)&$A4&CHAR(31)&B$3)*1,0),0)))),"",INDEX('Reparto de brigadas'!$A$4:$A$31,(MATCH(1,INDEX(EXACT('Reparto de brigadas'!$L$4:$L$31,"impar"&CHAR(31)&$A4&CHAR(31)&B$3)*1,0),0)+MATCH(1,INDEX(EXACT(INDEX('Reparto de brigadas'!$L$4:$L$31,MATCH(1,INDEX(EXACT('Reparto de brigadas'!$L$4:$L$31,"impar"&CHAR(31)&$A4&CHAR(31)&B$3)*1,0),0)+1):INDEX('Reparto de brigadas'!$L$4:$L$31,ROWS('Reparto de brigadas'!$L$4:$L$31)),"impar"&CHAR(31)&$A4&CHAR(31)&B$3)*1,0),0))))&IF(SUMPRODUCT(1*EXACT('Reparto de brigadas'!$L$4:$L$31,"impar"&CHAR(31)&$A4&CHAR(31)&B$3))>2," (+"&(SUMPRODUCT(1*EXACT('Reparto de brigadas'!$L$4:$L$31,"impar"&CHAR(31)&$A4&CHAR(31)&B$3))-2)&")",""),IF(ISNA(MATCH(1,INDEX(EXACT('Reparto de brigadas'!$L$4:$L$31,"impar"&CHAR(31)&$A4&CHAR(31)&B$3)*1,0),0)),"",IF(ISBLANK(INDEX('Reparto de brigadas'!$A$4:$A$31,MATCH(1,INDEX(EXACT('Reparto de brigadas'!$L$4:$L$31,"impar"&CHAR(31)&$A4&CHAR(31)&B$3)*1,0),0))),"",INDEX('Reparto de brigadas'!$A$4:$A$31,MATCH(1,INDEX(EXACT('Reparto de brigadas'!$L$4:$L$31,"impar"&CHAR(31)&$A4&CHAR(31)&B$3)*1,0),0))))) | C4: =IF(SUMPRODUCT(1*EXACT('Reparto de brigadas'!$L$4:$L$31,"impar"&CHAR(31)&$A4&CHAR(31)&C$3))>1,IF(ISNA(MATCH(1,INDEX(EXACT('Reparto de brigadas'!$L$4:$L$31,"impar"&CHAR(31)&$A4&CHAR(31)&C$3)*1,0),0)),"",IF(ISBLANK(INDEX('Reparto de brigadas'!$A$4:$A$31,MATCH(1,INDEX(EXACT('Reparto de brigadas'!$L$4:$L$31,"impar"&CHAR(31)&$A4&CHAR(31)&C$3)*1,0),0))),"",INDEX('Reparto de brigadas'!$A$4:$A$31,MATCH(1,INDEX(EXACT('Reparto de brigadas'!$L$4:$L$31,"impar"&CHAR(31)&$A4&CHAR(31)&C$3)*1,0),0))))&" / "&IF(ISBLANK(INDEX('Reparto de brigadas'!$A$4:$A$31,(MATCH(1,INDEX(EXACT('Reparto de brigadas'!$L$4:$L$31,"impar"&CHAR(31)&$A4&CHAR(31)&C$3)*1,0),0)+MATCH(1,INDEX(EXACT(INDEX('Reparto de brigadas'!$L$4:$L$31,MATCH(1,INDEX(EXACT('Reparto de brigadas'!$L$4:$L$31,"impar"&CHAR(31)&$A4&CHAR(31)&C$3)*1,0),0)+1):INDEX('Reparto de brigadas'!$L$4:$L$31,ROWS('Reparto de brigadas'!$L$4:$L$31)),"impar"&CHAR(31)&$A4&CHAR(31)&C$3)*1,0),0)))),"",INDEX('Reparto de brigadas'!$A$4:$A$31,(MATCH(1,INDEX(EXACT('Reparto de brigadas'!$L$4:$L$31,"impar"&CHAR(31)&$A4&CHAR(31)&C$3)*1,0),0)+MATCH(1,INDEX(EXACT(INDEX('Reparto de brigadas'!$L$4:$L$31,MATCH(1,INDEX(EXACT('Reparto de brigadas'!$L$4:$L$31,"impar"&CHAR(31)&$A4&CHAR(31)&C$3)*1,0),0)+1):INDEX('Reparto de brigadas'!$L$4:$L$31,ROWS('Reparto de brigadas'!$L$4:$L$31)),"impar"&CHAR(31)&$A4&CHAR(31)&C$3)*1,0),0))))&IF(SUMPRODUCT(1*EXACT('Reparto de brigadas'!$L$4:$L$31,"impar"&CHAR(31)&$A4&CHAR(31)&C$3))>2," (+"&(SUMPRODUCT(1*EXACT('Reparto de brigadas'!$L$4:$L$31,"impar"&CHAR(31)&$A4&CHAR(31)&C$3))-2)&")",""),IF(ISNA(MATCH(1,INDEX(EXACT('Reparto de brigadas'!$L$4:$L$31,"impar"&CHAR(31)&$A4&CHAR(31)&C$3)*1,0),0)),"",IF(ISBLANK(INDEX('Reparto de brigadas'!$A$4:$A$31,MATCH(1,INDEX(EXACT('Reparto de brigadas'!$L$4:$L$31,"impar"&CHAR(31)&$A4&CHAR(31)&C$3)*1,0),0))),"",INDEX('Reparto de brigadas'!$A$4:$A$31,MATCH(1,INDEX(EXACT('Reparto de brigadas'!$L$4:$L$31,"impar"&CHAR(31)&$A4&CHAR(31)&C$3)*1,0),0))))) | D4: =IF(SUMPRODUCT(1*EXACT('Reparto de brigadas'!$L$4:$L$31,"impar"&CHAR(31)&$A4&CHAR(31)&D$3))>1,IF(ISNA(MATCH(1,INDEX(EXACT('Reparto de brigadas'!$L$4:$L$31,"impar"&CHAR(31)&$A4&CHAR(31)&D$3)*1,0),0)),"",IF(ISBLANK(INDEX('Reparto de brigadas'!$A$4:$A$31,MATCH(1,INDEX(EXACT('Reparto de brigadas'!$L$4:$L$31,"impar"&CHAR(31)&$A4&CHAR(31)&D$3)*1,0),0))),"",INDEX('Reparto de brigadas'!$A$4:$A$31,MATCH(1,INDEX(EXACT('Reparto de brigadas'!$L$4:$L$31,"impar"&CHAR(31)&$A4&CHAR(31)&D$3)*1,0),0))))&" / "&IF(ISBLANK(INDEX('Reparto de brigadas'!$A$4:$A$31,(MATCH(1,INDEX(EXACT('Reparto de brigadas'!$L$4:$L$31,"impar"&CHAR(31)&$A4&CHAR(31)&D$3)*1,0),0)+MATCH(1,INDEX(EXACT(INDEX('Reparto de brigadas'!$L$4:$L$31,MATCH(1,INDEX(EXACT('Reparto de brigadas'!$L$4:$L$31,"impar"&CHAR(31)&$A4&CHAR(31)&D$3)*1,0),0)+1):INDEX('Reparto de brigadas'!$L$4:$L$31,ROWS('Reparto de brigadas'!$L$4:$L$31)),"impar"&CHAR(31)&$A4&CHAR(31)&D$3)*1,0),0)))),"",INDEX('Reparto de brigadas'!$A$4:$A$31,(MATCH(1,INDEX(EXACT('Reparto de brigadas'!$L$4:$L$31,"impar"&CHAR(31)&$A4&CHAR(31)&D$3)*1,0),0)+MATCH(1,INDEX(EXACT(INDEX('Reparto de brigadas'!$L$4:$L$31,MATCH(1,INDEX(EXACT('Reparto de brigadas'!$L$4:$L$31,"impar"&CHAR(31)&$A4&CHAR(31)&D$3)*1,0),0)+1):INDEX('Reparto de brigadas'!$L$4:$L$31,ROWS('Reparto de brigadas'!$L$4:$L$31)),"impar"&CHAR(31)&$A4&CHAR(31)&D$3)*1,0),0))))&IF(SUMPRODUCT(1*EXACT('Reparto de brigadas'!$L$4:$L$31,"impar"&CHAR(31)&$A4&CHAR(31)&D$3))>2," (+"&(SUMPRODUCT(1*EXACT('Reparto de brigadas'!$L$4:$L$31,"impar"&CHAR(31)&$A4&CHAR(31)&D$3))-2)&")",""),IF(ISNA(MATCH(1,INDEX(EXACT('Reparto de brigadas'!$L$4:$L$31,"impar"&CHAR(31)&$A4&CHAR(31)&D$3)*1,0),0)),"",IF(ISBLANK(INDEX('Reparto de brigadas'!$A$4:$A$31,MATCH(1,INDEX(EXACT('Reparto de brigadas'!$L$4:$L$31,"impar"&CHAR(31)&$A4&CHAR(31)&D$3)*1,0),0))),"",INDEX('Reparto de brigadas'!$A$4:$A$31,MATCH(1,INDEX(EXACT('Reparto de brigadas'!$L$4:$L$31,"impar"&CHAR(31)&$A4&CHAR(31)&D$3)*1,0),0)))))
A5: Pista 2 | B5: =IF(SUMPRODUCT(1*EXACT('Reparto de brigadas'!$L$4:$L$31,"impar"&CHAR(31)&$A5&CHAR(31)&B$3))>1,IF(ISNA(MATCH(1,INDEX(EXACT('Reparto de brigadas'!$L$4:$L$31,"impar"&CHAR(31)&$A5&CHAR(31)&B$3)*1,0),0)),"",IF(ISBLANK(INDEX('Reparto de brigadas'!$A$4:$A$31,MATCH(1,INDEX(EXACT('Reparto de brigadas'!$L$4:$L$31,"impar"&CHAR(31)&$A5&CHAR(31)&B$3)*1,0),0))),"",INDEX('Reparto de brigadas'!$A$4:$A$31,MATCH(1,INDEX(EXACT('Reparto de brigadas'!$L$4:$L$31,"impar"&CHAR(31)&$A5&CHAR(31)&B$3)*1,0),0))))&" / "&IF(ISBLANK(INDEX('Reparto de brigadas'!$A$4:$A$31,(MATCH(1,INDEX(EXACT('Reparto de brigadas'!$L$4:$L$31,"impar"&CHAR(31)&$A5&CHAR(31)&B$3)*1,0),0)+MATCH(1,INDEX(EXACT(INDEX('Reparto de brigadas'!$L$4:$L$31,MATCH(1,INDEX(EXACT('Reparto de brigadas'!$L$4:$L$31,"impar"&CHAR(31)&$A5&CHAR(31)&B$3)*1,0),0)+1):INDEX('Reparto de brigadas'!$L$4:$L$31,ROWS('Reparto de brigadas'!$L$4:$L$31)),"impar"&CHAR(31)&$A5&CHAR(31)&B$3)*1,0),0)))),"",INDEX('Reparto de brigadas'!$A$4:$A$31,(MATCH(1,INDEX(EXACT('Reparto de brigadas'!$L$4:$L$31,"impar"&CHAR(31)&$A5&CHAR(31)&B$3)*1,0),0)+MATCH(1,INDEX(EXACT(INDEX('Reparto de brigadas'!$L$4:$L$31,MATCH(1,INDEX(EXACT('Reparto de brigadas'!$L$4:$L$31,"impar"&CHAR(31)&$A5&CHAR(31)&B$3)*1,0),0)+1):INDEX('Reparto de brigadas'!$L$4:$L$31,ROWS('Reparto de brigadas'!$L$4:$L$31)),"impar"&CHAR(31)&$A5&CHAR(31)&B$3)*1,0),0))))&IF(SUMPRODUCT(1*EXACT('Reparto de brigadas'!$L$4:$L$31,"impar"&CHAR(31)&$A5&CHAR(31)&B$3))>2," (+"&(SUMPRODUCT(1*EXACT('Reparto de brigadas'!$L$4:$L$31,"impar"&CHAR(31)&$A5&CHAR(31)&B$3))-2)&")",""),IF(ISNA(MATCH(1,INDEX(EXACT('Reparto de brigadas'!$L$4:$L$31,"impar"&CHAR(31)&$A5&CHAR(31)&B$3)*1,0),0)),"",IF(ISBLANK(INDEX('Reparto de brigadas'!$A$4:$A$31,MATCH(1,INDEX(EXACT('Reparto de brigadas'!$L$4:$L$31,"impar"&CHAR(31)&$A5&CHAR(31)&B$3)*1,0),0))),"",INDEX('Reparto de brigadas'!$A$4:$A$31,MATCH(1,INDEX(EXACT('Reparto de brigadas'!$L$4:$L$31,"impar"&CHAR(31)&$A5&CHAR(31)&B$3)*1,0),0))))) | C5: =IF(SUMPRODUCT(1*EXACT('Reparto de brigadas'!$L$4:$L$31,"impar"&CHAR(31)&$A5&CHAR(31)&C$3))>1,IF(ISNA(MATCH(1,INDEX(EXACT('Reparto de brigadas'!$L$4:$L$31,"impar"&CHAR(31)&$A5&CHAR(31)&C$3)*1,0),0)),"",IF(ISBLANK(INDEX('Reparto de brigadas'!$A$4:$A$31,MATCH(1,INDEX(EXACT('Reparto de brigadas'!$L$4:$L$31,"impar"&CHAR(31)&$A5&CHAR(31)&C$3)*1,0),0))),"",INDEX('Reparto de brigadas'!$A$4:$A$31,MATCH(1,INDEX(EXACT('Reparto de brigadas'!$L$4:$L$31,"impar"&CHAR(31)&$A5&CHAR(31)&C$3)*1,0),0))))&" / "&IF(ISBLANK(INDEX('Reparto de brigadas'!$A$4:$A$31,(MATCH(1,INDEX(EXACT('Reparto de brigadas'!$L$4:$L$31,"impar"&CHAR(31)&$A5&CHAR(31)&C$3)*1,0),0)+MATCH(1,INDEX(EXACT(INDEX('Reparto de brigadas'!$L$4:$L$31,MATCH(1,INDEX(EXACT('Reparto de brigadas'!$L$4:$L$31,"impar"&CHAR(31)&$A5&CHAR(31)&C$3)*1,0),0)+1):INDEX('Reparto de brigadas'!$L$4:$L$31,ROWS('Reparto de brigadas'!$L$4:$L$31)),"impar"&CHAR(31)&$A5&CHAR(31)&C$3)*1,0),0)))),"",INDEX('Reparto de brigadas'!$A$4:$A$31,(MATCH(1,INDEX(EXACT('Reparto de brigadas'!$L$4:$L$31,"impar"&CHAR(31)&$A5&CHAR(31)&C$3)*1,0),0)+MATCH(1,INDEX(EXACT(INDEX('Reparto de brigadas'!$L$4:$L$31,MATCH(1,INDEX(EXACT('Reparto de brigadas'!$L$4:$L$31,"impar"&CHAR(31)&$A5&CHAR(31)&C$3)*1,0),0)+1):INDEX('Reparto de brigadas'!$L$4:$L$31,ROWS('Reparto de brigadas'!$L$4:$L$31)),"impar"&CHAR(31)&$A5&CHAR(31)&C$3)*1,0),0))))&IF(SUMPRODUCT(1*EXACT('Reparto de brigadas'!$L$4:$L$31,"impar"&CHAR(31)&$A5&CHAR(31)&C$3))>2," (+"&(SUMPRODUCT(1*EXACT('Reparto de brigadas'!$L$4:$L$31,"impar"&CHAR(31)&$A5&CHAR(31)&C$3))-2)&")",""),IF(ISNA(MATCH(1,INDEX(EXACT('Reparto de brigadas'!$L$4:$L$31,"impar"&CHAR(31)&$A5&CHAR(31)&C$3)*1,0),0)),"",IF(ISBLANK(INDEX('Reparto de brigadas'!$A$4:$A$31,MATCH(1,INDEX(EXACT('Reparto de brigadas'!$L$4:$L$31,"impar"&CHAR(31)&$A5&CHAR(31)&C$3)*1,0),0))),"",INDEX('Reparto de brigadas'!$A$4:$A$31,MATCH(1,INDEX(EXACT('Reparto de brigadas'!$L$4:$L$31,"impar"&CHAR(31)&$A5&CHAR(31)&C$3)*1,0),0))))) | D5: =IF(SUMPRODUCT(1*EXACT('Reparto de brigadas'!$L$4:$L$31,"impar"&CHAR(31)&$A5&CHAR(31)&D$3))>1,IF(ISNA(MATCH(1,INDEX(EXACT('Reparto de brigadas'!$L$4:$L$31,"impar"&CHAR(31)&$A5&CHAR(31)&D$3)*1,0),0)),"",IF(ISBLANK(INDEX('Reparto de brigadas'!$A$4:$A$31,MATCH(1,INDEX(EXACT('Reparto de brigadas'!$L$4:$L$31,"impar"&CHAR(31)&$A5&CHAR(31)&D$3)*1,0),0))),"",INDEX('Reparto de brigadas'!$A$4:$A$31,MATCH(1,INDEX(EXACT('Reparto de brigadas'!$L$4:$L$31,"impar"&CHAR(31)&$A5&CHAR(31)&D$3)*1,0),0))))&" / "&IF(ISBLANK(INDEX('Reparto de brigadas'!$A$4:$A$31,(MATCH(1,INDEX(EXACT('Reparto de brigadas'!$L$4:$L$31,"impar"&CHAR(31)&$A5&CHAR(31)&D$3)*1,0),0)+MATCH(1,INDEX(EXACT(INDEX('Reparto de brigadas'!$L$4:$L$31,MATCH(1,INDEX(EXACT('Reparto de brigadas'!$L$4:$L$31,"impar"&CHAR(31)&$A5&CHAR(31)&D$3)*1,0),0)+1):INDEX('Reparto de brigadas'!$L$4:$L$31,ROWS('Reparto de brigadas'!$L$4:$L$31)),"impar"&CHAR(31)&$A5&CHAR(31)&D$3)*1,0),0)))),"",INDEX('Reparto de brigadas'!$A$4:$A$31,(MATCH(1,INDEX(EXACT('Reparto de brigadas'!$L$4:$L$31,"impar"&CHAR(31)&$A5&CHAR(31)&D$3)*1,0),0)+MATCH(1,INDEX(EXACT(INDEX('Reparto de brigadas'!$L$4:$L$31,MATCH(1,INDEX(EXACT('Reparto de brigadas'!$L$4:$L$31,"impar"&CHAR(31)&$A5&CHAR(31)&D$3)*1,0),0)+1):INDEX('Reparto de brigadas'!$L$4:$L$31,ROWS('Reparto de brigadas'!$L$4:$L$31)),"impar"&CHAR(31)&$A5&CHAR(31)&D$3)*1,0),0))))&IF(SUMPRODUCT(1*EXACT('Reparto de brigadas'!$L$4:$L$31,"impar"&CHAR(31)&$A5&CHAR(31)&D$3))>2," (+"&(SUMPRODUCT(1*EXACT('Reparto de brigadas'!$L$4:$L$31,"impar"&CHAR(31)&$A5&CHAR(31)&D$3))-2)&")",""),IF(ISNA(MATCH(1,INDEX(EXACT('Reparto de brigadas'!$L$4:$L$31,"impar"&CHAR(31)&$A5&CHAR(31)&D$3)*1,0),0)),"",IF(ISBLANK(INDEX('Reparto de brigadas'!$A$4:$A$31,MATCH(1,INDEX(EXACT('Reparto de brigadas'!$L$4:$L$31,"impar"&CHAR(31)&$A5&CHAR(31)&D$3)*1,0),0))),"",INDEX('Reparto de brigadas'!$A$4:$A$31,MATCH(1,INDEX(EXACT('Reparto de brigadas'!$L$4:$L$31,"impar"&CHAR(31)&$A5&CHAR(31)&D$3)*1,0),0)))))
A6: Gimnasio | B6: =IF(SUMPRODUCT(1*EXACT('Reparto de brigadas'!$L$4:$L$31,"impar"&CHAR(31)&$A6&CHAR(31)&B$3))>1,IF(ISNA(MATCH(1,INDEX(EXACT('Reparto de brigadas'!$L$4:$L$31,"impar"&CHAR(31)&$A6&CHAR(31)&B$3)*1,0),0)),"",IF(ISBLANK(INDEX('Reparto de brigadas'!$A$4:$A$31,MATCH(1,INDEX(EXACT('Reparto de brigadas'!$L$4:$L$31,"impar"&CHAR(31)&$A6&CHAR(31)&B$3)*1,0),0))),"",INDEX('Reparto de brigadas'!$A$4:$A$31,MATCH(1,INDEX(EXACT('Reparto de brigadas'!$L$4:$L$31,"impar"&CHAR(31)&$A6&CHAR(31)&B$3)*1,0),0))))&" / "&IF(ISBLANK(INDEX('Reparto de brigadas'!$A$4:$A$31,(MATCH(1,INDEX(EXACT('Reparto de brigadas'!$L$4:$L$31,"impar"&CHAR(31)&$A6&CHAR(31)&B$3)*1,0),0)+MATCH(1,INDEX(EXACT(INDEX('Reparto de brigadas'!$L$4:$L$31,MATCH(1,INDEX(EXACT('Reparto de brigadas'!$L$4:$L$31,"impar"&CHAR(31)&$A6&CHAR(31)&B$3)*1,0),0)+1):INDEX('Reparto de brigadas'!$L$4:$L$31,ROWS('Reparto de brigadas'!$L$4:$L$31)),"impar"&CHAR(31)&$A6&CHAR(31)&B$3)*1,0),0)))),"",INDEX('Reparto de brigadas'!$A$4:$A$31,(MATCH(1,INDEX(EXACT('Reparto de brigadas'!$L$4:$L$31,"impar"&CHAR(31)&$A6&CHAR(31)&B$3)*1,0),0)+MATCH(1,INDEX(EXACT(INDEX('Reparto de brigadas'!$L$4:$L$31,MATCH(1,INDEX(EXACT('Reparto de brigadas'!$L$4:$L$31,"impar"&CHAR(31)&$A6&CHAR(31)&B$3)*1,0),0)+1):INDEX('Reparto de brigadas'!$L$4:$L$31,ROWS('Reparto de brigadas'!$L$4:$L$31)),"impar"&CHAR(31)&$A6&CHAR(31)&B$3)*1,0),0))))&IF(SUMPRODUCT(1*EXACT('Reparto de brigadas'!$L$4:$L$31,"impar"&CHAR(31)&$A6&CHAR(31)&B$3))>2," (+"&(SUMPRODUCT(1*EXACT('Reparto de brigadas'!$L$4:$L$31,"impar"&CHAR(31)&$A6&CHAR(31)&B$3))-2)&")",""),IF(ISNA(MATCH(1,INDEX(EXACT('Reparto de brigadas'!$L$4:$L$31,"impar"&CHAR(31)&$A6&CHAR(31)&B$3)*1,0),0)),"",IF(ISBLANK(INDEX('Reparto de brigadas'!$A$4:$A$31,MATCH(1,INDEX(EXACT('Reparto de brigadas'!$L$4:$L$31,"impar"&CHAR(31)&$A6&CHAR(31)&B$3)*1,0),0))),"",INDEX('Reparto de brigadas'!$A$4:$A$31,MATCH(1,INDEX(EXACT('Reparto de brigadas'!$L$4:$L$31,"impar"&CHAR(31)&$A6&CHAR(31)&B$3)*1,0),0))))) | C6: =IF(SUMPRODUCT(1*EXACT('Reparto de brigadas'!$L$4:$L$31,"impar"&CHAR(31)&$A6&CHAR(31)&C$3))>1,IF(ISNA(MATCH(1,INDEX(EXACT('Reparto de brigadas'!$L$4:$L$31,"impar"&CHAR(31)&$A6&CHAR(31)&C$3)*1,0),0)),"",IF(ISBLANK(INDEX('Reparto de brigadas'!$A$4:$A$31,MATCH(1,INDEX(EXACT('Reparto de brigadas'!$L$4:$L$31,"impar"&CHAR(31)&$A6&CHAR(31)&C$3)*1,0),0))),"",INDEX('Reparto de brigadas'!$A$4:$A$31,MATCH(1,INDEX(EXACT('Reparto de brigadas'!$L$4:$L$31,"impar"&CHAR(31)&$A6&CHAR(31)&C$3)*1,0),0))))&" / "&IF(ISBLANK(INDEX('Reparto de brigadas'!$A$4:$A$31,(MATCH(1,INDEX(EXACT('Reparto de brigadas'!$L$4:$L$31,"impar"&CHAR(31)&$A6&CHAR(31)&C$3)*1,0),0)+MATCH(1,INDEX(EXACT(INDEX('Reparto de brigadas'!$L$4:$L$31,MATCH(1,INDEX(EXACT('Reparto de brigadas'!$L$4:$L$31,"impar"&CHAR(31)&$A6&CHAR(31)&C$3)*1,0),0)+1):INDEX('Reparto de brigadas'!$L$4:$L$31,ROWS('Reparto de brigadas'!$L$4:$L$31)),"impar"&CHAR(31)&$A6&CHAR(31)&C$3)*1,0),0)))),"",INDEX('Reparto de brigadas'!$A$4:$A$31,(MATCH(1,INDEX(EXACT('Reparto de brigadas'!$L$4:$L$31,"impar"&CHAR(31)&$A6&CHAR(31)&C$3)*1,0),0)+MATCH(1,INDEX(EXACT(INDEX('Reparto de brigadas'!$L$4:$L$31,MATCH(1,INDEX(EXACT('Reparto de brigadas'!$L$4:$L$31,"impar"&CHAR(31)&$A6&CHAR(31)&C$3)*1,0),0)+1):INDEX('Reparto de brigadas'!$L$4:$L$31,ROWS('Reparto de brigadas'!$L$4:$L$31)),"impar"&CHAR(31)&$A6&CHAR(31)&C$3)*1,0),0))))&IF(SUMPRODUCT(1*EXACT('Reparto de brigadas'!$L$4:$L$31,"impar"&CHAR(31)&$A6&CHAR(31)&C$3))>2," (+"&(SUMPRODUCT(1*EXACT('Reparto de brigadas'!$L$4:$L$31,"impar"&CHAR(31)&$A6&CHAR(31)&C$3))-2)&")",""),IF(ISNA(MATCH(1,INDEX(EXACT('Reparto de brigadas'!$L$4:$L$31,"impar"&CHAR(31)&$A6&CHAR(31)&C$3)*1,0),0)),"",IF(ISBLANK(INDEX('Reparto de brigadas'!$A$4:$A$31,MATCH(1,INDEX(EXACT('Reparto de brigadas'!$L$4:$L$31,"impar"&CHAR(31)&$A6&CHAR(31)&C$3)*1,0),0))),"",INDEX('Reparto de brigadas'!$A$4:$A$31,MATCH(1,INDEX(EXACT('Reparto de brigadas'!$L$4:$L$31,"impar"&CHAR(31)&$A6&CHAR(31)&C$3)*1,0),0))))) | D6: =IF(SUMPRODUCT(1*EXACT('Reparto de brigadas'!$L$4:$L$31,"impar"&CHAR(31)&$A6&CHAR(31)&D$3))>1,IF(ISNA(MATCH(1,INDEX(EXACT('Reparto de brigadas'!$L$4:$L$31,"impar"&CHAR(31)&$A6&CHAR(31)&D$3)*1,0),0)),"",IF(ISBLANK(INDEX('Reparto de brigadas'!$A$4:$A$31,MATCH(1,INDEX(EXACT('Reparto de brigadas'!$L$4:$L$31,"impar"&CHAR(31)&$A6&CHAR(31)&D$3)*1,0),0))),"",INDEX('Reparto de brigadas'!$A$4:$A$31,MATCH(1,INDEX(EXACT('Reparto de brigadas'!$L$4:$L$31,"impar"&CHAR(31)&$A6&CHAR(31)&D$3)*1,0),0))))&" / "&IF(ISBLANK(INDEX('Reparto de brigadas'!$A$4:$A$31,(MATCH(1,INDEX(EXACT('Reparto de brigadas'!$L$4:$L$31,"impar"&CHAR(31)&$A6&CHAR(31)&D$3)*1,0),0)+MATCH(1,INDEX(EXACT(INDEX('Reparto de brigadas'!$L$4:$L$31,MATCH(1,INDEX(EXACT('Reparto de brigadas'!$L$4:$L$31,"impar"&CHAR(31)&$A6&CHAR(31)&D$3)*1,0),0)+1):INDEX('Reparto de brigadas'!$L$4:$L$31,ROWS('Reparto de brigadas'!$L$4:$L$31)),"impar"&CHAR(31)&$A6&CHAR(31)&D$3)*1,0),0)))),"",INDEX('Reparto de brigadas'!$A$4:$A$31,(MATCH(1,INDEX(EXACT('Reparto de brigadas'!$L$4:$L$31,"impar"&CHAR(31)&$A6&CHAR(31)&D$3)*1,0),0)+MATCH(1,INDEX(EXACT(INDEX('Reparto de brigadas'!$L$4:$L$31,MATCH(1,INDEX(EXACT('Reparto de brigadas'!$L$4:$L$31,"impar"&CHAR(31)&$A6&CHAR(31)&D$3)*1,0),0)+1):INDEX('Reparto de brigadas'!$L$4:$L$31,ROWS('Reparto de brigadas'!$L$4:$L$31)),"impar"&CHAR(31)&$A6&CHAR(31)&D$3)*1,0),0))))&IF(SUMPRODUCT(1*EXACT('Reparto de brigadas'!$L$4:$L$31,"impar"&CHAR(31)&$A6&CHAR(31)&D$3))>2," (+"&(SUMPRODUCT(1*EXACT('Reparto de brigadas'!$L$4:$L$31,"impar"&CHAR(31)&$A6&CHAR(31)&D$3))-2)&")",""),IF(ISNA(MATCH(1,INDEX(EXACT('Reparto de brigadas'!$L$4:$L$31,"impar"&CHAR(31)&$A6&CHAR(31)&D$3)*1,0),0)),"",IF(ISBLANK(INDEX('Reparto de brigadas'!$A$4:$A$31,MATCH(1,INDEX(EXACT('Reparto de brigadas'!$L$4:$L$31,"impar"&CHAR(31)&$A6&CHAR(31)&D$3)*1,0),0))),"",INDEX('Reparto de brigadas'!$A$4:$A$31,MATCH(1,INDEX(EXACT('Reparto de brigadas'!$L$4:$L$31,"impar"&CHAR(31)&$A6&CHAR(31)&D$3)*1,0),0)))))
A7: Piscina | B7: =IF(SUMPRODUCT(1*EXACT('Reparto de brigadas'!$L$4:$L$31,"impar"&CHAR(31)&$A7&CHAR(31)&B$3))>1,IF(ISNA(MATCH(1,INDEX(EXACT('Reparto de brigadas'!$L$4:$L$31,"impar"&CHAR(31)&$A7&CHAR(31)&B$3)*1,0),0)),"",IF(ISBLANK(INDEX('Reparto de brigadas'!$A$4:$A$31,MATCH(1,INDEX(EXACT('Reparto de brigadas'!$L$4:$L$31,"impar"&CHAR(31)&$A7&CHAR(31)&B$3)*1,0),0))),"",INDEX('Reparto de brigadas'!$A$4:$A$31,MATCH(1,INDEX(EXACT('Reparto de brigadas'!$L$4:$L$31,"impar"&CHAR(31)&$A7&CHAR(31)&B$3)*1,0),0))))&" / "&IF(ISBLANK(INDEX('Reparto de brigadas'!$A$4:$A$31,(MATCH(1,INDEX(EXACT('Reparto de brigadas'!$L$4:$L$31,"impar"&CHAR(31)&$A7&CHAR(31)&B$3)*1,0),0)+MATCH(1,INDEX(EXACT(INDEX('Reparto de brigadas'!$L$4:$L$31,MATCH(1,INDEX(EXACT('Reparto de brigadas'!$L$4:$L$31,"impar"&CHAR(31)&$A7&CHAR(31)&B$3)*1,0),0)+1):INDEX('Reparto de brigadas'!$L$4:$L$31,ROWS('Reparto de brigadas'!$L$4:$L$31)),"impar"&CHAR(31)&$A7&CHAR(31)&B$3)*1,0),0)))),"",INDEX('Reparto de brigadas'!$A$4:$A$31,(MATCH(1,INDEX(EXACT('Reparto de brigadas'!$L$4:$L$31,"impar"&CHAR(31)&$A7&CHAR(31)&B$3)*1,0),0)+MATCH(1,INDEX(EXACT(INDEX('Reparto de brigadas'!$L$4:$L$31,MATCH(1,INDEX(EXACT('Reparto de brigadas'!$L$4:$L$31,"impar"&CHAR(31)&$A7&CHAR(31)&B$3)*1,0),0)+1):INDEX('Reparto de brigadas'!$L$4:$L$31,ROWS('Reparto de brigadas'!$L$4:$L$31)),"impar"&CHAR(31)&$A7&CHAR(31)&B$3)*1,0),0))))&IF(SUMPRODUCT(1*EXACT('Reparto de brigadas'!$L$4:$L$31,"impar"&CHAR(31)&$A7&CHAR(31)&B$3))>2," (+"&(SUMPRODUCT(1*EXACT('Reparto de brigadas'!$L$4:$L$31,"impar"&CHAR(31)&$A7&CHAR(31)&B$3))-2)&")",""),IF(ISNA(MATCH(1,INDEX(EXACT('Reparto de brigadas'!$L$4:$L$31,"impar"&CHAR(31)&$A7&CHAR(31)&B$3)*1,0),0)),"",IF(ISBLANK(INDEX('Reparto de brigadas'!$A$4:$A$31,MATCH(1,INDEX(EXACT('Reparto de brigadas'!$L$4:$L$31,"impar"&CHAR(31)&$A7&CHAR(31)&B$3)*1,0),0))),"",INDEX('Reparto de brigadas'!$A$4:$A$31,MATCH(1,INDEX(EXACT('Reparto de brigadas'!$L$4:$L$31,"impar"&CHAR(31)&$A7&CHAR(31)&B$3)*1,0),0))))) | C7: =IF(SUMPRODUCT(1*EXACT('Reparto de brigadas'!$L$4:$L$31,"impar"&CHAR(31)&$A7&CHAR(31)&C$3))>1,IF(ISNA(MATCH(1,INDEX(EXACT('Reparto de brigadas'!$L$4:$L$31,"impar"&CHAR(31)&$A7&CHAR(31)&C$3)*1,0),0)),"",IF(ISBLANK(INDEX('Reparto de brigadas'!$A$4:$A$31,MATCH(1,INDEX(EXACT('Reparto de brigadas'!$L$4:$L$31,"impar"&CHAR(31)&$A7&CHAR(31)&C$3)*1,0),0))),"",INDEX('Reparto de brigadas'!$A$4:$A$31,MATCH(1,INDEX(EXACT('Reparto de brigadas'!$L$4:$L$31,"impar"&CHAR(31)&$A7&CHAR(31)&C$3)*1,0),0))))&" / "&IF(ISBLANK(INDEX('Reparto de brigadas'!$A$4:$A$31,(MATCH(1,INDEX(EXACT('Reparto de brigadas'!$L$4:$L$31,"impar"&CHAR(31)&$A7&CHAR(31)&C$3)*1,0),0)+MATCH(1,INDEX(EXACT(INDEX('Reparto de brigadas'!$L$4:$L$31,MATCH(1,INDEX(EXACT('Reparto de brigadas'!$L$4:$L$31,"impar"&CHAR(31)&$A7&CHAR(31)&C$3)*1,0),0)+1):INDEX('Reparto de brigadas'!$L$4:$L$31,ROWS('Reparto de brigadas'!$L$4:$L$31)),"impar"&CHAR(31)&$A7&CHAR(31)&C$3)*1,0),0)))),"",INDEX('Reparto de brigadas'!$A$4:$A$31,(MATCH(1,INDEX(EXACT('Reparto de brigadas'!$L$4:$L$31,"impar"&CHAR(31)&$A7&CHAR(31)&C$3)*1,0),0)+MATCH(1,INDEX(EXACT(INDEX('Reparto de brigadas'!$L$4:$L$31,MATCH(1,INDEX(EXACT('Reparto de brigadas'!$L$4:$L$31,"impar"&CHAR(31)&$A7&CHAR(31)&C$3)*1,0),0)+1):INDEX('Reparto de brigadas'!$L$4:$L$31,ROWS('Reparto de brigadas'!$L$4:$L$31)),"impar"&CHAR(31)&$A7&CHAR(31)&C$3)*1,0),0))))&IF(SUMPRODUCT(1*EXACT('Reparto de brigadas'!$L$4:$L$31,"impar"&CHAR(31)&$A7&CHAR(31)&C$3))>2," (+"&(SUMPRODUCT(1*EXACT('Reparto de brigadas'!$L$4:$L$31,"impar"&CHAR(31)&$A7&CHAR(31)&C$3))-2)&")",""),IF(ISNA(MATCH(1,INDEX(EXACT('Reparto de brigadas'!$L$4:$L$31,"impar"&CHAR(31)&$A7&CHAR(31)&C$3)*1,0),0)),"",IF(ISBLANK(INDEX('Reparto de brigadas'!$A$4:$A$31,MATCH(1,INDEX(EXACT('Reparto de brigadas'!$L$4:$L$31,"impar"&CHAR(31)&$A7&CHAR(31)&C$3)*1,0),0))),"",INDEX('Reparto de brigadas'!$A$4:$A$31,MATCH(1,INDEX(EXACT('Reparto de brigadas'!$L$4:$L$31,"impar"&CHAR(31)&$A7&CHAR(31)&C$3)*1,0),0))))) | D7: =IF(SUMPRODUCT(1*EXACT('Reparto de brigadas'!$L$4:$L$31,"impar"&CHAR(31)&$A7&CHAR(31)&D$3))>1,IF(ISNA(MATCH(1,INDEX(EXACT('Reparto de brigadas'!$L$4:$L$31,"impar"&CHAR(31)&$A7&CHAR(31)&D$3)*1,0),0)),"",IF(ISBLANK(INDEX('Reparto de brigadas'!$A$4:$A$31,MATCH(1,INDEX(EXACT('Reparto de brigadas'!$L$4:$L$31,"impar"&CHAR(31)&$A7&CHAR(31)&D$3)*1,0),0))),"",INDEX('Reparto de brigadas'!$A$4:$A$31,MATCH(1,INDEX(EXACT('Reparto de brigadas'!$L$4:$L$31,"impar"&CHAR(31)&$A7&CHAR(31)&D$3)*1,0),0))))&" / "&IF(ISBLANK(INDEX('Reparto de brigadas'!$A$4:$A$31,(MATCH(1,INDEX(EXACT('Reparto de brigadas'!$L$4:$L$31,"impar"&CHAR(31)&$A7&CHAR(31)&D$3)*1,0),0)+MATCH(1,INDEX(EXACT(INDEX('Reparto de brigadas'!$L$4:$L$31,MATCH(1,INDEX(EXACT('Reparto de brigadas'!$L$4:$L$31,"impar"&CHAR(31)&$A7&CHAR(31)&D$3)*1,0),0)+1):INDEX('Reparto de brigadas'!$L$4:$L$31,ROWS('Reparto de brigadas'!$L$4:$L$31)),"impar"&CHAR(31)&$A7&CHAR(31)&D$3)*1,0),0)))),"",INDEX('Reparto de brigadas'!$A$4:$A$31,(MATCH(1,INDEX(EXACT('Reparto de brigadas'!$L$4:$L$31,"impar"&CHAR(31)&$A7&CHAR(31)&D$3)*1,0),0)+MATCH(1,INDEX(EXACT(INDEX('Reparto de brigadas'!$L$4:$L$31,MATCH(1,INDEX(EXACT('Reparto de brigadas'!$L$4:$L$31,"impar"&CHAR(31)&$A7&CHAR(31)&D$3)*1,0),0)+1):INDEX('Reparto de brigadas'!$L$4:$L$31,ROWS('Reparto de brigadas'!$L$4:$L$31)),"impar"&CHAR(31)&$A7&CHAR(31)&D$3)*1,0),0))))&IF(SUMPRODUCT(1*EXACT('Reparto de brigadas'!$L$4:$L$31,"impar"&CHAR(31)&$A7&CHAR(31)&D$3))>2," (+"&(SUMPRODUCT(1*EXACT('Reparto de brigadas'!$L$4:$L$31,"impar"&CHAR(31)&$A7&CHAR(31)&D$3))-2)&")",""),IF(ISNA(MATCH(1,INDEX(EXACT('Reparto de brigadas'!$L$4:$L$31,"impar"&CHAR(31)&$A7&CHAR(31)&D$3)*1,0),0)),"",IF(ISBLANK(INDEX('Reparto de brigadas'!$A$4:$A$31,MATCH(1,INDEX(EXACT('Reparto de brigadas'!$L$4:$L$31,"impar"&CHAR(31)&$A7&CHAR(31)&D$3)*1,0),0))),"",INDEX('Reparto de brigadas'!$A$4:$A$31,MATCH(1,INDEX(EXACT('Reparto de brigadas'!$L$4:$L$31,"impar"&CHAR(31)&$A7&CHAR(31)&D$3)*1,0),0)))))

Sheet HP - Prof. Alvarez
A1: Horario del profesor - Prof. Alvarez
A3: Horario | B3: par | C3: impar
A4: 10 a.m. | B4: =IF(SUMPRODUCT(1*EXACT('Reparto de brigadas'!$M$4:$M$31,"Prof. Alvarez"&CHAR(31)&$A4&CHAR(31)&B$3))>1,IF(ISNA(MATCH(1,INDEX(EXACT('Reparto de brigadas'!$M$4:$M$31,"Prof. Alvarez"&CHAR(31)&$A4&CHAR(31)&B$3)*1,0),0)),"",IF(ISBLANK(INDEX('Reparto de brigadas'!$A$4:$A$31,MATCH(1,INDEX(EXACT('Reparto de brigadas'!$M$4:$M$31,"Prof. Alvarez"&CHAR(31)&$A4&CHAR(31)&B$3)*1,0),0))),"",INDEX('Reparto de brigadas'!$A$4:$A$31,MATCH(1,INDEX(EXACT('Reparto de brigadas'!$M$4:$M$31,"Prof. Alvarez"&CHAR(31)&$A4&CHAR(31)&B$3)*1,0),0))))&" / "&IF(ISBLANK(INDEX('Reparto de brigadas'!$A$4:$A$31,(MATCH(1,INDEX(EXACT('Reparto de brigadas'!$M$4:$M$31,"Prof. Alvarez"&CHAR(31)&$A4&CHAR(31)&B$3)*1,0),0)+MATCH(1,INDEX(EXACT(INDEX('Reparto de brigadas'!$M$4:$M$31,MATCH(1,INDEX(EXACT('Reparto de brigadas'!$M$4:$M$31,"Prof. Alvarez"&CHAR(31)&$A4&CHAR(31)&B$3)*1,0),0)+1):INDEX('Reparto de brigadas'!$M$4:$M$31,ROWS('Reparto de brigadas'!$M$4:$M$31)),"Prof. Alvarez"&CHAR(31)&$A4&CHAR(31)&B$3)*1,0),0)))),"",INDEX('Reparto de brigadas'!$A$4:$A$31,(MATCH(1,INDEX(EXACT('Reparto de brigadas'!$M$4:$M$31,"Prof. Alvarez"&CHAR(31)&$A4&CHAR(31)&B$3)*1,0),0)+MATCH(1,INDEX(EXACT(INDEX('Reparto de brigadas'!$M$4:$M$31,MATCH(1,INDEX(EXACT('Reparto de brigadas'!$M$4:$M$31,"Prof. Alvarez"&CHAR(31)&$A4&CHAR(31)&B$3)*1,0),0)+1):INDEX('Reparto de brigadas'!$M$4:$M$31,ROWS('Reparto de brigadas'!$M$4:$M$31)),"Prof. Alvarez"&CHAR(31)&$A4&CHAR(31)&B$3)*1,0),0))))&IF(SUMPRODUCT(1*EXACT('Reparto de brigadas'!$M$4:$M$31,"Prof. Alvarez"&CHAR(31)&$A4&CHAR(31)&B$3))>2," (+"&(SUMPRODUCT(1*EXACT('Reparto de brigadas'!$M$4:$M$31,"Prof. Alvarez"&CHAR(31)&$A4&CHAR(31)&B$3))-2)&")",""),IF(ISNA(MATCH(1,INDEX(EXACT('Reparto de brigadas'!$M$4:$M$31,"Prof. Alvarez"&CHAR(31)&$A4&CHAR(31)&B$3)*1,0),0)),"",IF(ISBLANK(INDEX('Reparto de brigadas'!$A$4:$A$31,MATCH(1,INDEX(EXACT('Reparto de brigadas'!$M$4:$M$31,"Prof. Alvarez"&CHAR(31)&$A4&CHAR(31)&B$3)*1,0),0))),"",INDEX('Reparto de brigadas'!$A$4:$A$31,MATCH(1,INDEX(EXACT('Reparto de brigadas'!$M$4:$M$31,"Prof. Alvarez"&CHAR(31)&$A4&CHAR(31)&B$3)*1,0),0))))) | C4: =IF(SUMPRODUCT(1*EXACT('Reparto de brigadas'!$M$4:$M$31,"Prof. Alvarez"&CHAR(31)&$A4&CHAR(31)&C$3))>1,IF(ISNA(MATCH(1,INDEX(EXACT('Reparto de brigadas'!$M$4:$M$31,"Prof. Alvarez"&CHAR(31)&$A4&CHAR(31)&C$3)*1,0),0)),"",IF(ISBLANK(INDEX('Reparto de brigadas'!$A$4:$A$31,MATCH(1,INDEX(EXACT('Reparto de brigadas'!$M$4:$M$31,"Prof. Alvarez"&CHAR(31)&$A4&CHAR(31)&C$3)*1,0),0))),"",INDEX('Reparto de brigadas'!$A$4:$A$31,MATCH(1,INDEX(EXACT('Reparto de brigadas'!$M$4:$M$31,"Prof. Alvarez"&CHAR(31)&$A4&CHAR(31)&C$3)*1,0),0))))&" / "&IF(ISBLANK(INDEX('Reparto de brigadas'!$A$4:$A$31,(MATCH(1,INDEX(EXACT('Reparto de brigadas'!$M$4:$M$31,"Prof. Alvarez"&CHAR(31)&$A4&CHAR(31)&C$3)*1,0),0)+MATCH(1,INDEX(EXACT(INDEX('Reparto de brigadas'!$M$4:$M$31,MATCH(1,INDEX(EXACT('Reparto de brigadas'!$M$4:$M$31,"Prof. Alvarez"&CHAR(31)&$A4&CHAR(31)&C$3)*1,0),0)+1):INDEX('Reparto de brigadas'!$M$4:$M$31,ROWS('Reparto de brigadas'!$M$4:$M$31)),"Prof. Alvarez"&CHAR(31)&$A4&CHAR(31)&C$3)*1,0),0)))),"",INDEX('Reparto de brigadas'!$A$4:$A$31,(MATCH(1,INDEX(EXACT('Reparto de brigadas'!$M$4:$M$31,"Prof. Alvarez"&CHAR(31)&$A4&CHAR(31)&C$3)*1,0),0)+MATCH(1,INDEX(EXACT(INDEX('Reparto de brigadas'!$M$4:$M$31,MATCH(1,INDEX(EXACT('Reparto de brigadas'!$M$4:$M$31,"Prof. Alvarez"&CHAR(31)&$A4&CHAR(31)&C$3)*1,0),0)+1):INDEX('Reparto de brigadas'!$M$4:$M$31,ROWS('Reparto de brigadas'!$M$4:$M$31)),"Prof. Alvarez"&CHAR(31)&$A4&CHAR(31)&C$3)*1,0),0))))&IF(SUMPRODUCT(1*EXACT('Reparto de brigadas'!$M$4:$M$31,"Prof. Alvarez"&CHAR(31)&$A4&CHAR(31)&C$3))>2," (+"&(SUMPRODUCT(1*EXACT('Reparto de brigadas'!$M$4:$M$31,"Prof. Alvarez"&CHAR(31)&$A4&CHAR(31)&C$3))-2)&")",""),IF(ISNA(MATCH(1,INDEX(EXACT('Reparto de brigadas'!$M$4:$M$31,"Prof. Alvarez"&CHAR(31)&$A4&CHAR(31)&C$3)*1,0),0)),"",IF(ISBLANK(INDEX('Reparto de brigadas'!$A$4:$A$31,MATCH(1,INDEX(EXACT('Reparto de brigadas'!$M$4:$M$31,"Prof. Alvarez"&CHAR(31)&$A4&CHAR(31)&C$3)*1,0),0))),"",INDEX('Reparto de brigadas'!$A$4:$A$31,MATCH(1,INDEX(EXACT('Reparto de brigadas'!$M$4:$M$31,"Prof. Alvarez"&CHAR(31)&$A4&CHAR(31)&C$3)*1,0),0)))))
A5: 11 a.m. | B5: =IF(SUMPRODUCT(1*EXACT('Reparto de brigadas'!$M$4:$M$31,"Prof. Alvarez"&CHAR(31)&$A5&CHAR(31)&B$3))>1,IF(ISNA(MATCH(1,INDEX(EXACT('Reparto de brigadas'!$M$4:$M$31,"Prof. Alvarez"&CHAR(31)&$A5&CHAR(31)&B$3)*1,0),0)),"",IF(ISBLANK(INDEX('Reparto de brigadas'!$A$4:$A$31,MATCH(1,INDEX(EXACT('Reparto de brigadas'!$M$4:$M$31,"Prof. Alvarez"&CHAR(31)&$A5&CHAR(31)&B$3)*1,0),0))),"",INDEX('Reparto de brigadas'!$A$4:$A$31,MATCH(1,INDEX(EXACT('Reparto de brigadas'!$M$4:$M$31,"Prof. Alvarez"&CHAR(31)&$A5&CHAR(31)&B$3)*1,0),0))))&" / "&IF(ISBLANK(INDEX('Reparto de brigadas'!$A$4:$A$31,(MATCH(1,INDEX(EXACT('Reparto de brigadas'!$M$4:$M$31,"Prof. Alvarez"&CHAR(31)&$A5&CHAR(31)&B$3)*1,0),0)+MATCH(1,INDEX(EXACT(INDEX('Reparto de brigadas'!$M$4:$M$31,MATCH(1,INDEX(EXACT('Reparto de brigadas'!$M$4:$M$31,"Prof. Alvarez"&CHAR(31)&$A5&CHAR(31)&B$3)*1,0),0)+1):INDEX('Reparto de brigadas'!$M$4:$M$31,ROWS('Reparto de brigadas'!$M$4:$M$31)),"Prof. Alvarez"&CHAR(31)&$A5&CHAR(31)&B$3)*1,0),0)))),"",INDEX('Reparto de brigadas'!$A$4:$A$31,(MATCH(1,INDEX(EXACT('Reparto de brigadas'!$M$4:$M$31,"Prof. Alvarez"&CHAR(31)&$A5&CHAR(31)&B$3)*1,0),0)+MATCH(1,INDEX(EXACT(INDEX('Reparto de brigadas'!$M$4:$M$31,MATCH(1,INDEX(EXACT('Reparto de brigadas'!$M$4:$M$31,"Prof. Alvarez"&CHAR(31)&$A5&CHAR(31)&B$3)*1,0),0)+1):INDEX('Reparto de brigadas'!$M$4:$M$31,ROWS('Reparto de brigadas'!$M$4:$M$31)),"Prof. Alvarez"&CHAR(31)&$A5&CHAR(31)&B$3)*1,0),0))))&IF(SUMPRODUCT(1*EXACT('Reparto de brigadas'!$M$4:$M$31,"Prof. Alvarez"&CHAR(31)&$A5&CHAR(31)&B$3))>2," (+"&(SUMPRODUCT(1*EXACT('Reparto de brigadas'!$M$4:$M$31,"Prof. Alvarez"&CHAR(31)&$A5&CHAR(31)&B$3))-2)&")",""),IF(ISNA(MATCH(1,INDEX(EXACT('Reparto de brigadas'!$M$4:$M$31,"Prof. Alvarez"&CHAR(31)&$A5&CHAR(31)&B$3)*1,0),0)),"",IF(ISBLANK(INDEX('Reparto de brigadas'!$A$4:$A$31,MATCH(1,INDEX(EXACT('Reparto de brigadas'!$M$4:$M$31,"Prof. Alvarez"&CHAR(31)&$A5&CHAR(31)&B$3)*1,0),0))),"",INDEX('Reparto de brigadas'!$A$4:$A$31,MATCH(1,INDEX(EXACT('Reparto de brigadas'!$M$4:$M$31,"Prof. Alvarez"&CHAR(31)&$A5&CHAR(31)&B$3)*1,0),0))))) | C5: =IF(SUMPRODUCT(1*EXACT('Reparto de brigadas'!$M$4:$M$31,"Prof. Alvarez"&CHAR(31)&$A5&CHAR(31)&C$3))>1,IF(ISNA(MATCH(1,INDEX(EXACT('Reparto de brigadas'!$M$4:$M$31,"Prof. Alvarez"&CHAR(31)&$A5&CHAR(31)&C$3)*1,0),0)),"",IF(ISBLANK(INDEX('Reparto de brigadas'!$A$4:$A$31,MATCH(1,INDEX(EXACT('Reparto de brigadas'!$M$4:$M$31,"Prof. Alvarez"&CHAR(31)&$A5&CHAR(31)&C$3)*1,0),0))),"",INDEX('Reparto de brigadas'!$A$4:$A$31,MATCH(1,INDEX(EXACT('Reparto de brigadas'!$M$4:$M$31,"Prof. Alvarez"&CHAR(31)&$A5&CHAR(31)&C$3)*1,0),0))))&" / "&IF(ISBLANK(INDEX('Reparto de brigadas'!$A$4:$A$31,(MATCH(1,INDEX(EXACT('Reparto de brigadas'!$M$4:$M$31,"Prof. Alvarez"&CHAR(31)&$A5&CHAR(31)&C$3)*1,0),0)+MATCH(1,INDEX(EXACT(INDEX('Reparto de brigadas'!$M$4:$M$31,MATCH(1,INDEX(EXACT('Reparto de brigadas'!$M$4:$M$31,"Prof. Alvarez"&CHAR(31)&$A5&CHAR(31)&C$3)*1,0),0)+1):INDEX('Reparto de brigadas'!$M$4:$M$31,ROWS('Reparto de brigadas'!$M$4:$M$31)),"Prof. Alvarez"&CHAR(31)&$A5&CHAR(31)&C$3)*1,0),0)))),"",INDEX('Reparto de brigadas'!$A$4:$A$31,(MATCH(1,INDEX(EXACT('Reparto de brigadas'!$M$4:$M$31,"Prof. Alvarez"&CHAR(31)&$A5&CHAR(31)&C$3)*1,0),0)+MATCH(1,INDEX(EXACT(INDEX('Reparto de brigadas'!$M$4:$M$31,MATCH(1,INDEX(EXACT('Reparto de brigadas'!$M$4:$M$31,"Prof. Alvarez"&CHAR(31)&$A5&CHAR(31)&C$3)*1,0),0)+1):INDEX('Reparto de brigadas'!$M$4:$M$31,ROWS('Reparto de brigadas'!$M$4:$M$31)),"Prof. Alvarez"&CHAR(31)&$A5&CHAR(31)&C$3)*1,0),0))))&IF(SUMPRODUCT(1*EXACT('Reparto de brigadas'!$M$4:$M$31,"Prof. Alvarez"&CHAR(31)&$A5&CHAR(31)&C$3))>2," (+"&(SUMPRODUCT(1*EXACT('Reparto de brigadas'!$M$4:$M$31,"Prof. Alvarez"&CHAR(31)&$A5&CHAR(31)&C$3))-2)&")",""),IF(ISNA(MATCH(1,INDEX(EXACT('Reparto de brigadas'!$M$4:$M$31,"Prof. Alvarez"&CHAR(31)&$A5&CHAR(31)&C$3)*1,0),0)),"",IF(ISBLANK(INDEX('Reparto de brigadas'!$A$4:$A$31,MATCH(1,INDEX(EXACT('Reparto de brigadas'!$M$4:$M$31,"Prof. Alvarez"&CHAR(31)&$A5&CHAR(31)&C$3)*1,0),0))),"",INDEX('Reparto de brigadas'!$A$4:$A$31,MATCH(1,INDEX(EXACT('Reparto de brigadas'!$M$4:$M$31,"Prof. Alvarez"&CHAR(31)&$A5&CHAR(31)&C$3)*1,0),0)))))
A6: 3 p.m. | B6: =IF(SUMPRODUCT(1*EXACT('Reparto de brigadas'!$M$4:$M$31,"Prof. Alvarez"&CHAR(31)&$A6&CHAR(31)&B$3))>1,IF(ISNA(MATCH(1,INDEX(EXACT('Reparto de brigadas'!$M$4:$M$31,"Prof. Alvarez"&CHAR(31)&$A6&CHAR(31)&B$3)*1,0),0)),"",IF(ISBLANK(INDEX('Reparto de brigadas'!$A$4:$A$31,MATCH(1,INDEX(EXACT('Reparto de brigadas'!$M$4:$M$31,"Prof. Alvarez"&CHAR(31)&$A6&CHAR(31)&B$3)*1,0),0))),"",INDEX('Reparto de brigadas'!$A$4:$A$31,MATCH(1,INDEX(EXACT('Reparto de brigadas'!$M$4:$M$31,"Prof. Alvarez"&CHAR(31)&$A6&CHAR(31)&B$3)*1,0),0))))&" / "&IF(ISBLANK(INDEX('Reparto de brigadas'!$A$4:$A$31,(MATCH(1,INDEX(EXACT('Reparto de brigadas'!$M$4:$M$31,"Prof. Alvarez"&CHAR(31)&$A6&CHAR(31)&B$3)*1,0),0)+MATCH(1,INDEX(EXACT(INDEX('Reparto de brigadas'!$M$4:$M$31,MATCH(1,INDEX(EXACT('Reparto de brigadas'!$M$4:$M$31,"Prof. Alvarez"&CHAR(31)&$A6&CHAR(31)&B$3)*1,0),0)+1):INDEX('Reparto de brigadas'!$M$4:$M$31,ROWS('Reparto de brigadas'!$M$4:$M$31)),"Prof. Alvarez"&CHAR(31)&$A6&CHAR(31)&B$3)*1,0),0)))),"",INDEX('Reparto de brigadas'!$A$4:$A$31,(MATCH(1,INDEX(EXACT('Reparto de brigadas'!$M$4:$M$31,"Prof. Alvarez"&CHAR(31)&$A6&CHAR(31)&B$3)*1,0),0)+MATCH(1,INDEX(EXACT(INDEX('Reparto de brigadas'!$M$4:$M$31,MATCH(1,INDEX(EXACT('Reparto de brigadas'!$M$4:$M$31,"Prof. Alvarez"&CHAR(31)&$A6&CHAR(31)&B$3)*1,0),0)+1):INDEX('Reparto de brigadas'!$M$4:$M$31,ROWS('Reparto de brigadas'!$M$4:$M$31)),"Prof. Alvarez"&CHAR(31)&$A6&CHAR(31)&B$3)*1,0),0))))&IF(SUMPRODUCT(1*EXACT('Reparto de brigadas'!$M$4:$M$31,"Prof. Alvarez"&CHAR(31)&$A6&CHAR(31)&B$3))>2," (+"&(SUMPRODUCT(1*EXACT('Reparto de brigadas'!$M$4:$M$31,"Prof. Alvarez"&CHAR(31)&$A6&CHAR(31)&B$3))-2)&")",""),IF(ISNA(MATCH(1,INDEX(EXACT('Reparto de brigadas'!$M$4:$M$31,"Prof. Alvarez"&CHAR(31)&$A6&CHAR(31)&B$3)*1,0),0)),"",IF(ISBLANK(INDEX('Reparto de brigadas'!$A$4:$A$31,MATCH(1,INDEX(EXACT('Reparto de brigadas'!$M$4:$M$31,"Prof. Alvarez"&CHAR(31)&$A6&CHAR(31)&B$3)*1,0),0))),"",INDEX('Reparto de brigadas'!$A$4:$A$31,MATCH(1,INDEX(EXACT('Reparto de brigadas'!$M$4:$M$31,"Prof. Alvarez"&CHAR(31)&$A6&CHAR(31)&B$3)*1,0),0))))) | C6: =IF(SUMPRODUCT(1*EXACT('Reparto de brigadas'!$M$4:$M$31,"Prof. Alvarez"&CHAR(31)&$A6&CHAR(31)&C$3))>1,IF(ISNA(MATCH(1,INDEX(EXACT('Reparto de brigadas'!$M$4:$M$31,"Prof. Alvarez"&CHAR(31)&$A6&CHAR(31)&C$3)*1,0),0)),"",IF(ISBLANK(INDEX('Reparto de brigadas'!$A$4:$A$31,MATCH(1,INDEX(EXACT('Reparto de brigadas'!$M$4:$M$31,"Prof. Alvarez"&CHAR(31)&$A6&CHAR(31)&C$3)*1,0),0))),"",INDEX('Reparto de brigadas'!$A$4:$A$31,MATCH(1,INDEX(EXACT('Reparto de brigadas'!$M$4:$M$31,"Prof. Alvarez"&CHAR(31)&$A6&CHAR(31)&C$3)*1,0),0))))&" / "&IF(ISBLANK(INDEX('Reparto de brigadas'!$A$4:$A$31,(MATCH(1,INDEX(EXACT('Reparto de brigadas'!$M$4:$M$31,"Prof. Alvarez"&CHAR(31)&$A6&CHAR(31)&C$3)*1,0),0)+MATCH(1,INDEX(EXACT(INDEX('Reparto de brigadas'!$M$4:$M$31,MATCH(1,INDEX(EXACT('Reparto de brigadas'!$M$4:$M$31,"Prof. Alvarez"&CHAR(31)&$A6&CHAR(31)&C$3)*1,0),0)+1):INDEX('Reparto de brigadas'!$M$4:$M$31,ROWS('Reparto de brigadas'!$M$4:$M$31)),"Prof. Alvarez"&CHAR(31)&$A6&CHAR(31)&C$3)*1,0),0)))),"",INDEX('Reparto de brigadas'!$A$4:$A$31,(MATCH(1,INDEX(EXACT('Reparto de brigadas'!$M$4:$M$31,"Prof. Alvarez"&CHAR(31)&$A6&CHAR(31)&C$3)*1,0),0)+MATCH(1,INDEX(EXACT(INDEX('Reparto de brigadas'!$M$4:$M$31,MATCH(1,INDEX(EXACT('Reparto de brigadas'!$M$4:$M$31,"Prof. Alvarez"&CHAR(31)&$A6&CHAR(31)&C$3)*1,0),0)+1):INDEX('Reparto de brigadas'!$M$4:$M$31,ROWS('Reparto de brigadas'!$M$4:$M$31)),"Prof. Alvarez"&CHAR(31)&$A6&CHAR(31)&C$3)*1,0),0))))&IF(SUMPRODUCT(1*EXACT('Reparto de brigadas'!$M$4:$M$31,"Prof. Alvarez"&CHAR(31)&$A6&CHAR(31)&C$3))>2," (+"&(SUMPRODUCT(1*EXACT('Reparto de brigadas'!$M$4:$M$31,"Prof. Alvarez"&CHAR(31)&$A6&CHAR(31)&C$3))-2)&")",""),IF(ISNA(MATCH(1,INDEX(EXACT('Reparto de brigadas'!$M$4:$M$31,"Prof. Alvarez"&CHAR(31)&$A6&CHAR(31)&C$3)*1,0),0)),"",IF(ISBLANK(INDEX('Reparto de brigadas'!$A$4:$A$31,MATCH(1,INDEX(EXACT('Reparto de brigadas'!$M$4:$M$31,"Prof. Alvarez"&CHAR(31)&$A6&CHAR(31)&C$3)*1,0),0))),"",INDEX('Reparto de brigadas'!$A$4:$A$31,MATCH(1,INDEX(EXACT('Reparto de brigadas'!$M$4:$M$31,"Prof. Alvarez"&CHAR(31)&$A6&CHAR(31)&C$3)*1,0),0)))))

Sheet HP - Prof. Benitez
A1: Horario del profesor - Prof. Benitez
A3: Horario | B3: par | C3: impar
A4: 10 a.m. | B4: =IF(SUMPRODUCT(1*EXACT('Reparto de brigadas'!$M$4:$M$31,"Prof. Benitez"&CHAR(31)&$A4&CHAR(31)&B$3))>1,IF(ISNA(MATCH(1,INDEX(EXACT('Reparto de brigadas'!$M$4:$M$31,"Prof. Benitez"&CHAR(31)&$A4&CHAR(31)&B$3)*1,0),0)),"",IF(ISBLANK(INDEX('Reparto de brigadas'!$A$4:$A$31,MATCH(1,INDEX(EXACT('Reparto de brigadas'!$M$4:$M$31,"Prof. Benitez"&CHAR(31)&$A4&CHAR(31)&B$3)*1,0),0))),"",INDEX('Reparto de brigadas'!$A$4:$A$31,MATCH(1,INDEX(EXACT('Reparto de brigadas'!$M$4:$M$31,"Prof. Benitez"&CHAR(31)&$A4&CHAR(31)&B$3)*1,0),0))))&" / "&IF(ISBLANK(INDEX('Reparto de brigadas'!$A$4:$A$31,(MATCH(1,INDEX(EXACT('Reparto de brigadas'!$M$4:$M$31,"Prof. Benitez"&CHAR(31)&$A4&CHAR(31)&B$3)*1,0),0)+MATCH(1,INDEX(EXACT(INDEX('Reparto de brigadas'!$M$4:$M$31,MATCH(1,INDEX(EXACT('Reparto de brigadas'!$M$4:$M$31,"Prof. Benitez"&CHAR(31)&$A4&CHAR(31)&B$3)*1,0),0)+1):INDEX('Reparto de brigadas'!$M$4:$M$31,ROWS('Reparto de brigadas'!$M$4:$M$31)),"Prof. Benitez"&CHAR(31)&$A4&CHAR(31)&B$3)*1,0),0)))),"",INDEX('Reparto de brigadas'!$A$4:$A$31,(MATCH(1,INDEX(EXACT('Reparto de brigadas'!$M$4:$M$31,"Prof. Benitez"&CHAR(31)&$A4&CHAR(31)&B$3)*1,0),0)+MATCH(1,INDEX(EXACT(INDEX('Reparto de brigadas'!$M$4:$M$31,MATCH(1,INDEX(EXACT('Reparto de brigadas'!$M$4:$M$31,"Prof. Benitez"&CHAR(31)&$A4&CHAR(31)&B$3)*1,0),0)+1):INDEX('Reparto de brigadas'!$M$4:$M$31,ROWS('Reparto de brigadas'!$M$4:$M$31)),"Prof. Benitez"&CHAR(31)&$A4&CHAR(31)&B$3)*1,0),0))))&IF(SUMPRODUCT(1*EXACT('Reparto de brigadas'!$M$4:$M$31,"Prof. Benitez"&CHAR(31)&$A4&CHAR(31)&B$3))>2," (+"&(SUMPRODUCT(1*EXACT('Reparto de brigadas'!$M$4:$M$31,"Prof. Benitez"&CHAR(31)&$A4&CHAR(31)&B$3))-2)&")",""),IF(ISNA(MATCH(1,INDEX(EXACT('Reparto de brigadas'!$M$4:$M$31,"Prof. Benitez"&CHAR(31)&$A4&CHAR(31)&B$3)*1,0),0)),"",IF(ISBLANK(INDEX('Reparto de brigadas'!$A$4:$A$31,MATCH(1,INDEX(EXACT('Reparto de brigadas'!$M$4:$M$31,"Prof. Benitez"&CHAR(31)&$A4&CHAR(31)&B$3)*1,0),0))),"",INDEX('Reparto de brigadas'!$A$4:$A$31,MATCH(1,INDEX(EXACT('Reparto de brigadas'!$M$4:$M$31,"Prof. Benitez"&CHAR(31)&$A4&CHAR(31)&B$3)*1,0),0))))) | C4: =IF(SUMPRODUCT(1*EXACT('Reparto de brigadas'!$M$4:$M$31,"Prof. Benitez"&CHAR(31)&$A4&CHAR(31)&C$3))>1,IF(ISNA(MATCH(1,INDEX(EXACT('Reparto de brigadas'!$M$4:$M$31,"Prof. Benitez"&CHAR(31)&$A4&CHAR(31)&C$3)*1,0),0)),"",IF(ISBLANK(INDEX('Reparto de brigadas'!$A$4:$A$31,MATCH(1,INDEX(EXACT('Reparto de brigadas'!$M$4:$M$31,"Prof. Benitez"&CHAR(31)&$A4&CHAR(31)&C$3)*1,0),0))),"",INDEX('Reparto de brigadas'!$A$4:$A$31,MATCH(1,INDEX(EXACT('Reparto de brigadas'!$M$4:$M$31,"Prof. Benitez"&CHAR(31)&$A4&CHAR(31)&C$3)*1,0),0))))&" / "&IF(ISBLANK(INDEX('Reparto de brigadas'!$A$4:$A$31,(MATCH(1,INDEX(EXACT('Reparto de brigadas'!$M$4:$M$31,"Prof. Benitez"&CHAR(31)&$A4&CHAR(31)&C$3)*1,0),0)+MATCH(1,INDEX(EXACT(INDEX('Reparto de brigadas'!$M$4:$M$31,MATCH(1,INDEX(EXACT('Reparto de brigadas'!$M$4:$M$31,"Prof. Benitez"&CHAR(31)&$A4&CHAR(31)&C$3)*1,0),0)+1):INDEX('Reparto de brigadas'!$M$4:$M$31,ROWS('Reparto de brigadas'!$M$4:$M$31)),"Prof. Benitez"&CHAR(31)&$A4&CHAR(31)&C$3)*1,0),0)))),"",INDEX('Reparto de brigadas'!$A$4:$A$31,(MATCH(1,INDEX(EXACT('Reparto de brigadas'!$M$4:$M$31,"Prof. Benitez"&CHAR(31)&$A4&CHAR(31)&C$3)*1,0),0)+MATCH(1,INDEX(EXACT(INDEX('Reparto de brigadas'!$M$4:$M$31,MATCH(1,INDEX(EXACT('Reparto de brigadas'!$M$4:$M$31,"Prof. Benitez"&CHAR(31)&$A4&CHAR(31)&C$3)*1,0),0)+1):INDEX('Reparto de brigadas'!$M$4:$M$31,ROWS('Reparto de brigadas'!$M$4:$M$31)),"Prof. Benitez"&CHAR(31)&$A4&CHAR(31)&C$3)*1,0),0))))&IF(SUMPRODUCT(1*EXACT('Reparto de brigadas'!$M$4:$M$31,"Prof. Benitez"&CHAR(31)&$A4&CHAR(31)&C$3))>2," (+"&(SUMPRODUCT(1*EXACT('Reparto de brigadas'!$M$4:$M$31,"Prof. Benitez"&CHAR(31)&$A4&CHAR(31)&C$3))-2)&")",""),IF(ISNA(MATCH(1,INDEX(EXACT('Reparto de brigadas'!$M$4:$M$31,"Prof. Benitez"&CHAR(31)&$A4&CHAR(31)&C$3)*1,0),0)),"",IF(ISBLANK(INDEX('Reparto de brigadas'!$A$4:$A$31,MATCH(1,INDEX(EXACT('Reparto de brigadas'!$M$4:$M$31,"Prof. Benitez"&CHAR(31)&$A4&CHAR(31)&C$3)*1,0),0))),"",INDEX('Reparto de brigadas'!$A$4:$A$31,MATCH(1,INDEX(EXACT('Reparto de brigadas'!$M$4:$M$31,"Prof. Benitez"&CHAR(31)&$A4&CHAR(31)&C$3)*1,0),0)))))
A5: 11 a.m. | B5: =IF(SUMPRODUCT(1*EXACT('Reparto de brigadas'!$M$4:$M$31,"Prof. Benitez"&CHAR(31)&$A5&CHAR(31)&B$3))>1,IF(ISNA(MATCH(1,INDEX(EXACT('Reparto de brigadas'!$M$4:$M$31,"Prof. Benitez"&CHAR(31)&$A5&CHAR(31)&B$3)*1,0),0)),"",IF(ISBLANK(INDEX('Reparto de brigadas'!$A$4:$A$31,MATCH(1,INDEX(EXACT('Reparto de brigadas'!$M$4:$M$31,"Prof. Benitez"&CHAR(31)&$A5&CHAR(31)&B$3)*1,0),0))),"",INDEX('Reparto de brigadas'!$A$4:$A$31,MATCH(1,INDEX(EXACT('Reparto de brigadas'!$M$4:$M$31,"Prof. Benitez"&CHAR(31)&$A5&CHAR(31)&B$3)*1,0),0))))&" / "&IF(ISBLANK(INDEX('Reparto de brigadas'!$A$4:$A$31,(MATCH(1,INDEX(EXACT('Reparto de brigadas'!$M$4:$M$31,"Prof. Benitez"&CHAR(31)&$A5&CHAR(31)&B$3)*1,0),0)+MATCH(1,INDEX(EXACT(INDEX('Reparto de brigadas'!$M$4:$M$31,MATCH(1,INDEX(EXACT('Reparto de brigadas'!$M$4:$M$31,"Prof. Benitez"&CHAR(31)&$A5&CHAR(31)&B$3)*1,0),0)+1):INDEX('Reparto de brigadas'!$M$4:$M$31,ROWS('Reparto de brigadas'!$M$4:$M$31)),"Prof. Benitez"&CHAR(31)&$A5&CHAR(31)&B$3)*1,0),0)))),"",INDEX('Reparto de brigadas'!$A$4:$A$31,(MATCH(1,INDEX(EXACT('Reparto de brigadas'!$M$4:$M$31,"Prof. Benitez"&CHAR(31)&$A5&CHAR(31)&B$3)*1,0),0)+MATCH(1,INDEX(EXACT(INDEX('Reparto de brigadas'!$M$4:$M$31,MATCH(1,INDEX(EXACT('Reparto de brigadas'!$M$4:$M$31,"Prof. Benitez"&CHAR(31)&$A5&CHAR(31)&B$3)*1,0),0)+1):INDEX('Reparto de brigadas'!$M$4:$M$31,ROWS('Reparto de brigadas'!$M$4:$M$31)),"Prof. Benitez"&CHAR(31)&$A5&CHAR(31)&B$3)*1,0),0))))&IF(SUMPRODUCT(1*EXACT('Reparto de brigadas'!$M$4:$M$31,"Prof. Benitez"&CHAR(31)&$A5&CHAR(31)&B$3))>2," (+"&(SUMPRODUCT(1*EXACT('Reparto de brigadas'!$M$4:$M$31,"Prof. Benitez"&CHAR(31)&$A5&CHAR(31)&B$3))-2)&")",""),IF(ISNA(MATCH(1,INDEX(EXACT('Reparto de brigadas'!$M$4:$M$31,"Prof. Benitez"&CHAR(31)&$A5&CHAR(31)&B$3)*1,0),0)),"",IF(ISBLANK(INDEX('Reparto de brigadas'!$A$4:$A$31,MATCH(1,INDEX(EXACT('Reparto de brigadas'!$M$4:$M$31,"Prof. Benitez"&CHAR(31)&$A5&CHAR(31)&B$3)*1,0),0))),"",INDEX('Reparto de brigadas'!$A$4:$A$31,MATCH(1,INDEX(EXACT('Reparto de brigadas'!$M$4:$M$31,"Prof. Benitez"&CHAR(31)&$A5&CHAR(31)&B$3)*1,0),0))))) | C5: =IF(SUMPRODUCT(1*EXACT('Reparto de brigadas'!$M$4:$M$31,"Prof. Benitez"&CHAR(31)&$A5&CHAR(31)&C$3))>1,IF(ISNA(MATCH(1,INDEX(EXACT('Reparto de brigadas'!$M$4:$M$31,"Prof. Benitez"&CHAR(31)&$A5&CHAR(31)&C$3)*1,0),0)),"",IF(ISBLANK(INDEX('Reparto de brigadas'!$A$4:$A$31,MATCH(1,INDEX(EXACT('Reparto de brigadas'!$M$4:$M$31,"Prof. Benitez"&CHAR(31)&$A5&CHAR(31)&C$3)*1,0),0))),"",INDEX('Reparto de brigadas'!$A$4:$A$31,MATCH(1,INDEX(EXACT('Reparto de brigadas'!$M$4:$M$31,"Prof. Benitez"&CHAR(31)&$A5&CHAR(31)&C$3)*1,0),0))))&" / "&IF(ISBLANK(INDEX('Reparto de brigadas'!$A$4:$A$31,(MATCH(1,INDEX(EXACT('Reparto de brigadas'!$M$4:$M$31,"Prof. Benitez"&CHAR(31)&$A5&CHAR(31)&C$3)*1,0),0)+MATCH(1,INDEX(EXACT(INDEX('Reparto de brigadas'!$M$4:$M$31,MATCH(1,INDEX(EXACT('Reparto de brigadas'!$M$4:$M$31,"Prof. Benitez"&CHAR(31)&$A5&CHAR(31)&C$3)*1,0),0)+1):INDEX('Reparto de brigadas'!$M$4:$M$31,ROWS('Reparto de brigadas'!$M$4:$M$31)),"Prof. Benitez"&CHAR(31)&$A5&CHAR(31)&C$3)*1,0),0)))),"",INDEX('Reparto de brigadas'!$A$4:$A$31,(MATCH(1,INDEX(EXACT('Reparto de brigadas'!$M$4:$M$31,"Prof. Benitez"&CHAR(31)&$A5&CHAR(31)&C$3)*1,0),0)+MATCH(1,INDEX(EXACT(INDEX('Reparto de brigadas'!$M$4:$M$31,MATCH(1,INDEX(EXACT('Reparto de brigadas'!$M$4:$M$31,"Prof. Benitez"&CHAR(31)&$A5&CHAR(31)&C$3)*1,0),0)+1):INDEX('Reparto de brigadas'!$M$4:$M$31,ROWS('Reparto de brigadas'!$M$4:$M$31)),"Prof. Benitez"&CHAR(31)&$A5&CHAR(31)&C$3)*1,0),0))))&IF(SUMPRODUCT(1*EXACT('Reparto de brigadas'!$M$4:$M$31,"Prof. Benitez"&CHAR(31)&$A5&CHAR(31)&C$3))>2," (+"&(SUMPRODUCT(1*EXACT('Reparto de brigadas'!$M$4:$M$31,"Prof. Benitez"&CHAR(31)&$A5&CHAR(31)&C$3))-2)&")",""),IF(ISNA(MATCH(1,INDEX(EXACT('Reparto de brigadas'!$M$4:$M$31,"Prof. Benitez"&CHAR(31)&$A5&CHAR(31)&C$3)*1,0),0)),"",IF(ISBLANK(INDEX('Reparto de brigadas'!$A$4:$A$31,MATCH(1,INDEX(EXACT('Reparto de brigadas'!$M$4:$M$31,"Prof. Benitez"&CHAR(31)&$A5&CHAR(31)&C$3)*1,0),0))),"",INDEX('Reparto de brigadas'!$A$4:$A$31,MATCH(1,INDEX(EXACT('Reparto de brigadas'!$M$4:$M$31,"Prof. Benitez"&CHAR(31)&$A5&CHAR(31)&C$3)*1,0),0)))))
A6: 3 p.m. | B6: =IF(SUMPRODUCT(1*EXACT('Reparto de brigadas'!$M$4:$M$31,"Prof. Benitez"&CHAR(31)&$A6&CHAR(31)&B$3))>1,IF(ISNA(MATCH(1,INDEX(EXACT('Reparto de brigadas'!$M$4:$M$31,"Prof. Benitez"&CHAR(31)&$A6&CHAR(31)&B$3)*1,0),0)),"",IF(ISBLANK(INDEX('Reparto de brigadas'!$A$4:$A$31,MATCH(1,INDEX(EXACT('Reparto de brigadas'!$M$4:$M$31,"Prof. Benitez"&CHAR(31)&$A6&CHAR(31)&B$3)*1,0),0))),"",INDEX('Reparto de brigadas'!$A$4:$A$31,MATCH(1,INDEX(EXACT('Reparto de brigadas'!$M$4:$M$31,"Prof. Benitez"&CHAR(31)&$A6&CHAR(31)&B$3)*1,0),0))))&" / "&IF(ISBLANK(INDEX('Reparto de brigadas'!$A$4:$A$31,(MATCH(1,INDEX(EXACT('Reparto de brigadas'!$M$4:$M$31,"Prof. Benitez"&CHAR(31)&$A6&CHAR(31)&B$3)*1,0),0)+MATCH(1,INDEX(EXACT(INDEX('Reparto de brigadas'!$M$4:$M$31,MATCH(1,INDEX(EXACT('Reparto de brigadas'!$M$4:$M$31,"Prof. Benitez"&CHAR(31)&$A6&CHAR(31)&B$3)*1,0),0)+1):INDEX('Reparto de brigadas'!$M$4:$M$31,ROWS('Reparto de brigadas'!$M$4:$M$31)),"Prof. Benitez"&CHAR(31)&$A6&CHAR(31)&B$3)*1,0),0)))),"",INDEX('Reparto de brigadas'!$A$4:$A$31,(MATCH(1,INDEX(EXACT('Reparto de brigadas'!$M$4:$M$31,"Prof. Benitez"&CHAR(31)&$A6&CHAR(31)&B$3)*1,0),0)+MATCH(1,INDEX(EXACT(INDEX('Reparto de brigadas'!$M$4:$M$31,MATCH(1,INDEX(EXACT('Reparto de brigadas'!$M$4:$M$31,"Prof. Benitez"&CHAR(31)&$A6&CHAR(31)&B$3)*1,0),0)+1):INDEX('Reparto de brigadas'!$M$4:$M$31,ROWS('Reparto de brigadas'!$M$4:$M$31)),"Prof. Benitez"&CHAR(31)&$A6&CHAR(31)&B$3)*1,0),0))))&IF(SUMPRODUCT(1*EXACT('Reparto de brigadas'!$M$4:$M$31,"Prof. Benitez"&CHAR(31)&$A6&CHAR(31)&B$3))>2," (+"&(SUMPRODUCT(1*EXACT('Reparto de brigadas'!$M$4:$M$31,"Prof. Benitez"&CHAR(31)&$A6&CHAR(31)&B$3))-2)&")",""),IF(ISNA(MATCH(1,INDEX(EXACT('Reparto de brigadas'!$M$4:$M$31,"Prof. Benitez"&CHAR(31)&$A6&CHAR(31)&B$3)*1,0),0)),"",IF(ISBLANK(INDEX('Reparto de brigadas'!$A$4:$A$31,MATCH(1,INDEX(EXACT('Reparto de brigadas'!$M$4:$M$31,"Prof. Benitez"&CHAR(31)&$A6&CHAR(31)&B$3)*1,0),0))),"",INDEX('Reparto de brigadas'!$A$4:$A$31,MATCH(1,INDEX(EXACT('Reparto de brigadas'!$M$4:$M$31,"Prof. Benitez"&CHAR(31)&$A6&CHAR(31)&B$3)*1,0),0))))) | C6: =IF(SUMPRODUCT(1*EXACT('Reparto de brigadas'!$M$4:$M$31,"Prof. Benitez"&CHAR(31)&$A6&CHAR(31)&C$3))>1,IF(ISNA(MATCH(1,INDEX(EXACT('Reparto de brigadas'!$M$4:$M$31,"Prof. Benitez"&CHAR(31)&$A6&CHAR(31)&C$3)*1,0),0)),"",IF(ISBLANK(INDEX('Reparto de brigadas'!$A$4:$A$31,MATCH(1,INDEX(EXACT('Reparto de brigadas'!$M$4:$M$31,"Prof. Benitez"&CHAR(31)&$A6&CHAR(31)&C$3)*1,0),0))),"",INDEX('Reparto de brigadas'!$A$4:$A$31,MATCH(1,INDEX(EXACT('Reparto de brigadas'!$M$4:$M$31,"Prof. Benitez"&CHAR(31)&$A6&CHAR(31)&C$3)*1,0),0))))&" / "&IF(ISBLANK(INDEX('Reparto de brigadas'!$A$4:$A$31,(MATCH(1,INDEX(EXACT('Reparto de brigadas'!$M$4:$M$31,"Prof. Benitez"&CHAR(31)&$A6&CHAR(31)&C$3)*1,0),0)+MATCH(1,INDEX(EXACT(INDEX('Reparto de brigadas'!$M$4:$M$31,MATCH(1,INDEX(EXACT('Reparto de brigadas'!$M$4:$M$31,"Prof. Benitez"&CHAR(31)&$A6&CHAR(31)&C$3)*1,0),0)+1):INDEX('Reparto de brigadas'!$M$4:$M$31,ROWS('Reparto de brigadas'!$M$4:$M$31)),"Prof. Benitez"&CHAR(31)&$A6&CHAR(31)&C$3)*1,0),0)))),"",INDEX('Reparto de brigadas'!$A$4:$A$31,(MATCH(1,INDEX(EXACT('Reparto de brigadas'!$M$4:$M$31,"Prof. Benitez"&CHAR(31)&$A6&CHAR(31)&C$3)*1,0),0)+MATCH(1,INDEX(EXACT(INDEX('Reparto de brigadas'!$M$4:$M$31,MATCH(1,INDEX(EXACT('Reparto de brigadas'!$M$4:$M$31,"Prof. Benitez"&CHAR(31)&$A6&CHAR(31)&C$3)*1,0),0)+1):INDEX('Reparto de brigadas'!$M$4:$M$31,ROWS('Reparto de brigadas'!$M$4:$M$31)),"Prof. Benitez"&CHAR(31)&$A6&CHAR(31)&C$3)*1,0),0))))&IF(SUMPRODUCT(1*EXACT('Reparto de brigadas'!$M$4:$M$31,"Prof. Benitez"&CHAR(31)&$A6&CHAR(31)&C$3))>2," (+"&(SUMPRODUCT(1*EXACT('Reparto de brigadas'!$M$4:$M$31,"Prof. Benitez"&CHAR(31)&$A6&CHAR(31)&C$3))-2)&")",""),IF(ISNA(MATCH(1,INDEX(EXACT('Reparto de brigadas'!$M$4:$M$31,"Prof. Benitez"&CHAR(31)&$A6&CHAR(31)&C$3)*1,0),0)),"",IF(ISBLANK(INDEX('Reparto de brigadas'!$A$4:$A$31,MATCH(1,INDEX(EXACT('Reparto de brigadas'!$M$4:$M$31,"Prof. Benitez"&CHAR(31)&$A6&CHAR(31)&C$3)*1,0),0))),"",INDEX('Reparto de brigadas'!$A$4:$A$31,MATCH(1,INDEX(EXACT('Reparto de brigadas'!$M$4:$M$31,"Prof. Benitez"&CHAR(31)&$A6&CHAR(31)&C$3)*1,0),0)))))

Sheet HP - Prof. Castro
A1: Horario del profesor - Prof. Castro
A3: Horario | B3: par | C3: impar
A4: 10 a.m. | B4: =IF(SUMPRODUCT(1*EXACT('Reparto de brigadas'!$M$4:$M$31,"Prof. Castro"&CHAR(31)&$A4&CHAR(31)&B$3))>1,IF(ISNA(MATCH(1,INDEX(EXACT('Reparto de brigadas'!$M$4:$M$31,"Prof. Castro"&CHAR(31)&$A4&CHAR(31)&B$3)*1,0),0)),"",IF(ISBLANK(INDEX('Reparto de brigadas'!$A$4:$A$31,MATCH(1,INDEX(EXACT('Reparto de brigadas'!$M$4:$M$31,"Prof. Castro"&CHAR(31)&$A4&CHAR(31)&B$3)*1,0),0))),"",INDEX('Reparto de brigadas'!$A$4:$A$31,MATCH(1,INDEX(EXACT('Reparto de brigadas'!$M$4:$M$31,"Prof. Castro"&CHAR(31)&$A4&CHAR(31)&B$3)*1,0),0))))&" / "&IF(ISBLANK(INDEX('Reparto de brigadas'!$A$4:$A$31,(MATCH(1,INDEX(EXACT('Reparto de brigadas'!$M$4:$M$31,"Prof. Castro"&CHAR(31)&$A4&CHAR(31)&B$3)*1,0),0)+MATCH(1,INDEX(EXACT(INDEX('Reparto de brigadas'!$M$4:$M$31,MATCH(1,INDEX(EXACT('Reparto de brigadas'!$M$4:$M$31,"Prof. Castro"&CHAR(31)&$A4&CHAR(31)&B$3)*1,0),0)+1):INDEX('Reparto de brigadas'!$M$4:$M$31,ROWS('Reparto de brigadas'!$M$4:$M$31)),"Prof. Castro"&CHAR(31)&$A4&CHAR(31)&B$3)*1,0),0)))),"",INDEX('Reparto de brigadas'!$A$4:$A$31,(MATCH(1,INDEX(EXACT('Reparto de brigadas'!$M$4:$M$31,"Prof. Castro"&CHAR(31)&$A4&CHAR(31)&B$3)*1,0),0)+MATCH(1,INDEX(EXACT(INDEX('Reparto de brigadas'!$M$4:$M$31,MATCH(1,INDEX(EXACT('Reparto de brigadas'!$M$4:$M$31,"Prof. Castro"&CHAR(31)&$A4&CHAR(31)&B$3)*1,0),0)+1):INDEX('Reparto de brigadas'!$M$4:$M$31,ROWS('Reparto de brigadas'!$M$4:$M$31)),"Prof. Castro"&CHAR(31)&$A4&CHAR(31)&B$3)*1,0),0))))&IF(SUMPRODUCT(1*EXACT('Reparto de brigadas'!$M$4:$M$31,"Prof. Castro"&CHAR(31)&$A4&CHAR(31)&B$3))>2," (+"&(SUMPRODUCT(1*EXACT('Reparto de brigadas'!$M$4:$M$31,"Prof. Castro"&CHAR(31)&$A4&CHAR(31)&B$3))-2)&")",""),IF(ISNA(MATCH(1,INDEX(EXACT('Reparto de brigadas'!$M$4:$M$31,"Prof. Castro"&CHAR(31)&$A4&CHAR(31)&B$3)*1,0),0)),"",IF(ISBLANK(INDEX('Reparto de brigadas'!$A$4:$A$31,MATCH(1,INDEX(EXACT('Reparto de brigadas'!$M$4:$M$31,"Prof. Castro"&CHAR(31)&$A4&CHAR(31)&B$3)*1,0),0))),"",INDEX('Reparto de brigadas'!$A$4:$A$31,MATCH(1,INDEX(EXACT('Reparto de brigadas'!$M$4:$M$31,"Prof. Castro"&CHAR(31)&$A4&CHAR(31)&B$3)*1,0),0))))) | C4: =IF(SUMPRODUCT(1*EXACT('Reparto de brigadas'!$M$4:$M$31,"Prof. Castro"&CHAR(31)&$A4&CHAR(31)&C$3))>1,IF(ISNA(MATCH(1,INDEX(EXACT('Reparto de brigadas'!$M$4:$M$31,"Prof. Castro"&CHAR(31)&$A4&CHAR(31)&C$3)*1,0),0)),"",IF(ISBLANK(INDEX('Reparto de brigadas'!$A$4:$A$31,MATCH(1,INDEX(EXACT('Reparto de brigadas'!$M$4:$M$31,"Prof. Castro"&CHAR(31)&$A4&CHAR(31)&C$3)*1,0),0))),"",INDEX('Reparto de brigadas'!$A$4:$A$31,MATCH(1,INDEX(EXACT('Reparto de brigadas'!$M$4:$M$31,"Prof. Castro"&CHAR(31)&$A4&CHAR(31)&C$3)*1,0),0))))&" / "&IF(ISBLANK(INDEX('Reparto de brigadas'!$A$4:$A$31,(MATCH(1,INDEX(EXACT('Reparto de brigadas'!$M$4:$M$31,"Prof. Castro"&CHAR(31)&$A4&CHAR(31)&C$3)*1,0),0)+MATCH(1,INDEX(EXACT(INDEX('Reparto de brigadas'!$M$4:$M$31,MATCH(1,INDEX(EXACT('Reparto de brigadas'!$M$4:$M$31,"Prof. Castro"&CHAR(31)&$A4&CHAR(31)&C$3)*1,0),0)+1):INDEX('Reparto de brigadas'!$M$4:$M$31,ROWS('Reparto de brigadas'!$M$4:$M$31)),"Prof. Castro"&CHAR(31)&$A4&CHAR(31)&C$3)*1,0),0)))),"",INDEX('Reparto de brigadas'!$A$4:$A$31,(MATCH(1,INDEX(EXACT('Reparto de brigadas'!$M$4:$M$31,"Prof. Castro"&CHAR(31)&$A4&CHAR(31)&C$3)*1,0),0)+MATCH(1,INDEX(EXACT(INDEX('Reparto de brigadas'!$M$4:$M$31,MATCH(1,INDEX(EXACT('Reparto de brigadas'!$M$4:$M$31,"Prof. Castro"&CHAR(31)&$A4&CHAR(31)&C$3)*1,0),0)+1):INDEX('Reparto de brigadas'!$M$4:$M$31,ROWS('Reparto de brigadas'!$M$4:$M$31)),"Prof. Castro"&CHAR(31)&$A4&CHAR(31)&C$3)*1,0),0))))&IF(SUMPRODUCT(1*EXACT('Reparto de brigadas'!$M$4:$M$31,"Prof. Castro"&CHAR(31)&$A4&CHAR(31)&C$3))>2," (+"&(SUMPRODUCT(1*EXACT('Reparto de brigadas'!$M$4:$M$31,"Prof. Castro"&CHAR(31)&$A4&CHAR(31)&C$3))-2)&")",""),IF(ISNA(MATCH(1,INDEX(EXACT('Reparto de brigadas'!$M$4:$M$31,"Prof. Castro"&CHAR(31)&$A4&CHAR(31)&C$3)*1,0),0)),"",IF(ISBLANK(INDEX('Reparto de brigadas'!$A$4:$A$31,MATCH(1,INDEX(EXACT('Reparto de brigadas'!$M$4:$M$31,"Prof. Castro"&CHAR(31)&$A4&CHAR(31)&C$3)*1,0),0))),"",INDEX('Reparto de brigadas'!$A$4:$A$31,MATCH(1,INDEX(EXACT('Reparto de brigadas'!$M$4:$M$31,"Prof. Castro"&CHAR(31)&$A4&CHAR(31)&C$3)*1,0),0)))))
A5: 11 a.m. | B5: =IF(SUMPRODUCT(1*EXACT('Reparto de brigadas'!$M$4:$M$31,"Prof. Castro"&CHAR(31)&$A5&CHAR(31)&B$3))>1,IF(ISNA(MATCH(1,INDEX(EXACT('Reparto de brigadas'!$M$4:$M$31,"Prof. Castro"&CHAR(31)&$A5&CHAR(31)&B$3)*1,0),0)),"",IF(ISBLANK(INDEX('Reparto de brigadas'!$A$4:$A$31,MATCH(1,INDEX(EXACT('Reparto de brigadas'!$M$4:$M$31,"Prof. Castro"&CHAR(31)&$A5&CHAR(31)&B$3)*1,0),0))),"",INDEX('Reparto de brigadas'!$A$4:$A$31,MATCH(1,INDEX(EXACT('Reparto de brigadas'!$M$4:$M$31,"Prof. Castro"&CHAR(31)&$A5&CHAR(31)&B$3)*1,0),0))))&" / "&IF(ISBLANK(INDEX('Reparto de brigadas'!$A$4:$A$31,(MATCH(1,INDEX(EXACT('Reparto de brigadas'!$M$4:$M$31,"Prof. Castro"&CHAR(31)&$A5&CHAR(31)&B$3)*1,0),0)+MATCH(1,INDEX(EXACT(INDEX('Reparto de brigadas'!$M$4:$M$31,MATCH(1,INDEX(EXACT('Reparto de brigadas'!$M$4:$M$31,"Prof. Castro"&CHAR(31)&$A5&CHAR(31)&B$3)*1,0),0)+1):INDEX('Reparto de brigadas'!$M$4:$M$31,ROWS('Reparto de brigadas'!$M$4:$M$31)),"Prof. Castro"&CHAR(31)&$A5&CHAR(31)&B$3)*1,0),0)))),"",INDEX('Reparto de brigadas'!$A$4:$A$31,(MATCH(1,INDEX(EXACT('Reparto de brigadas'!$M$4:$M$31,"Prof. Castro"&CHAR(31)&$A5&CHAR(31)&B$3)*1,0),0)+MATCH(1,INDEX(EXACT(INDEX('Reparto de brigadas'!$M$4:$M$31,MATCH(1,INDEX(EXACT('Reparto de brigadas'!$M$4:$M$31,"Prof. Castro"&CHAR(31)&$A5&CHAR(31)&B$3)*1,0),0)+1):INDEX('Reparto de brigadas'!$M$4:$M$31,ROWS('Reparto de brigadas'!$M$4:$M$31)),"Prof. Castro"&CHAR(31)&$A5&CHAR(31)&B$3)*1,0),0))))&IF(SUMPRODUCT(1*EXACT('Reparto de brigadas'!$M$4:$M$31,"Prof. Castro"&CHAR(31)&$A5&CHAR(31)&B$3))>2," (+"&(SUMPRODUCT(1*EXACT('Reparto de brigadas'!$M$4:$M$31,"Prof. Castro"&CHAR(31)&$A5&CHAR(31)&B$3))-2)&")",""),IF(ISNA(MATCH(1,INDEX(EXACT('Reparto de brigadas'!$M$4:$M$31,"Prof. Castro"&CHAR(31)&$A5&CHAR(31)&B$3)*1,0),0)),"",IF(ISBLANK(INDEX('Reparto de brigadas'!$A$4:$A$31,MATCH(1,INDEX(EXACT('Reparto de brigadas'!$M$4:$M$31,"Prof. Castro"&CHAR(31)&$A5&CHAR(31)&B$3)*1,0),0))),"",INDEX('Reparto de brigadas'!$A$4:$A$31,MATCH(1,INDEX(EXACT('Reparto de brigadas'!$M$4:$M$31,"Prof. Castro"&CHAR(31)&$A5&CHAR(31)&B$3)*1,0),0))))) | C5: =IF(SUMPRODUCT(1*EXACT('Reparto de brigadas'!$M$4:$M$31,"Prof. Castro"&CHAR(31)&$A5&CHAR(31)&C$3))>1,IF(ISNA(MATCH(1,INDEX(EXACT('Reparto de brigadas'!$M$4:$M$31,"Prof. Castro"&CHAR(31)&$A5&CHAR(31)&C$3)*1,0),0)),"",IF(ISBLANK(INDEX('Reparto de brigadas'!$A$4:$A$31,MATCH(1,INDEX(EXACT('Reparto de brigadas'!$M$4:$M$31,"Prof. Castro"&CHAR(31)&$A5&CHAR(31)&C$3)*1,0),0))),"",INDEX('Reparto de brigadas'!$A$4:$A$31,MATCH(1,INDEX(EXACT('Reparto de brigadas'!$M$4:$M$31,"Prof. Castro"&CHAR(31)&$A5&CHAR(31)&C$3)*1,0),0))))&" / "&IF(ISBLANK(INDEX('Reparto de brigadas'!$A$4:$A$31,(MATCH(1,INDEX(EXACT('Reparto de brigadas'!$M$4:$M$31,"Prof. Castro"&CHAR(31)&$A5&CHAR(31)&C$3)*1,0),0)+MATCH(1,INDEX(EXACT(INDEX('Reparto de brigadas'!$M$4:$M$31,MATCH(1,INDEX(EXACT('Reparto de brigadas'!$M$4:$M$31,"Prof. Castro"&CHAR(31)&$A5&CHAR(31)&C$3)*1,0),0)+1):INDEX('Reparto de brigadas'!$M$4:$M$31,ROWS('Reparto de brigadas'!$M$4:$M$31)),"Prof. Castro"&CHAR(31)&$A5&CHAR(31)&C$3)*1,0),0)))),"",INDEX('Reparto de brigadas'!$A$4:$A$31,(MATCH(1,INDEX(EXACT('Reparto de brigadas'!$M$4:$M$31,"Prof. Castro"&CHAR(31)&$A5&CHAR(31)&C$3)*1,0),0)+MATCH(1,INDEX(EXACT(INDEX('Reparto de brigadas'!$M$4:$M$31,MATCH(1,INDEX(EXACT('Reparto de brigadas'!$M$4:$M$31,"Prof. Castro"&CHAR(31)&$A5&CHAR(31)&C$3)*1,0),0)+1):INDEX('Reparto de brigadas'!$M$4:$M$31,ROWS('Reparto de brigadas'!$M$4:$M$31)),"Prof. Castro"&CHAR(31)&$A5&CHAR(31)&C$3)*1,0),0))))&IF(SUMPRODUCT(1*EXACT('Reparto de brigadas'!$M$4:$M$31,"Prof. Castro"&CHAR(31)&$A5&CHAR(31)&C$3))>2," (+"&(SUMPRODUCT(1*EXACT('Reparto de brigadas'!$M$4:$M$31,"Prof. Castro"&CHAR(31)&$A5&CHAR(31)&C$3))-2)&")",""),IF(ISNA(MATCH(1,INDEX(EXACT('Reparto de brigadas'!$M$4:$M$31,"Prof. Castro"&CHAR(31)&$A5&CHAR(31)&C$3)*1,0),0)),"",IF(ISBLANK(INDEX('Reparto de brigadas'!$A$4:$A$31,MATCH(1,INDEX(EXACT('Reparto de brigadas'!$M$4:$M$31,"Prof. Castro"&CHAR(31)&$A5&CHAR(31)&C$3)*1,0),0))),"",INDEX('Reparto de brigadas'!$A$4:$A$31,MATCH(1,INDEX(EXACT('Reparto de brigadas'!$M$4:$M$31,"Prof. Castro"&CHAR(31)&$A5&CHAR(31)&C$3)*1,0),0)))))
A6: 3 p.m. | B6: =IF(SUMPRODUCT(1*EXACT('Reparto de brigadas'!$M$4:$M$31,"Prof. Castro"&CHAR(31)&$A6&CHAR(31)&B$3))>1,IF(ISNA(MATCH(1,INDEX(EXACT('Reparto de brigadas'!$M$4:$M$31,"Prof. Castro"&CHAR(31)&$A6&CHAR(31)&B$3)*1,0),0)),"",IF(ISBLANK(INDEX('Reparto de brigadas'!$A$4:$A$31,MATCH(1,INDEX(EXACT('Reparto de brigadas'!$M$4:$M$31,"Prof. Castro"&CHAR(31)&$A6&CHAR(31)&B$3)*1,0),0))),"",INDEX('Reparto de brigadas'!$A$4:$A$31,MATCH(1,INDEX(EXACT('Reparto de brigadas'!$M$4:$M$31,"Prof. Castro"&CHAR(31)&$A6&CHAR(31)&B$3)*1,0),0))))&" / "&IF(ISBLANK(INDEX('Reparto de brigadas'!$A$4:$A$31,(MATCH(1,INDEX(EXACT('Reparto de brigadas'!$M$4:$M$31,"Prof. Castro"&CHAR(31)&$A6&CHAR(31)&B$3)*1,0),0)+MATCH(1,INDEX(EXACT(INDEX('Reparto de brigadas'!$M$4:$M$31,MATCH(1,INDEX(EXACT('Reparto de brigadas'!$M$4:$M$31,"Prof. Castro"&CHAR(31)&$A6&CHAR(31)&B$3)*1,0),0)+1):INDEX('Reparto de brigadas'!$M$4:$M$31,ROWS('Reparto de brigadas'!$M$4:$M$31)),"Prof. Castro"&CHAR(31)&$A6&CHAR(31)&B$3)*1,0),0)))),"",INDEX('Reparto de brigadas'!$A$4:$A$31,(MATCH(1,INDEX(EXACT('Reparto de brigadas'!$M$4:$M$31,"Prof. Castro"&CHAR(31)&$A6&CHAR(31)&B$3)*1,0),0)+MATCH(1,INDEX(EXACT(INDEX('Reparto de brigadas'!$M$4:$M$31,MATCH(1,INDEX(EXACT('Reparto de brigadas'!$M$4:$M$31,"Prof. Castro"&CHAR(31)&$A6&CHAR(31)&B$3)*1,0),0)+1):INDEX('Reparto de brigadas'!$M$4:$M$31,ROWS('Reparto de brigadas'!$M$4:$M$31)),"Prof. Castro"&CHAR(31)&$A6&CHAR(31)&B$3)*1,0),0))))&IF(SUMPRODUCT(1*EXACT('Reparto de brigadas'!$M$4:$M$31,"Prof. Castro"&CHAR(31)&$A6&CHAR(31)&B$3))>2," (+"&(SUMPRODUCT(1*EXACT('Reparto de brigadas'!$M$4:$M$31,"Prof. Castro"&CHAR(31)&$A6&CHAR(31)&B$3))-2)&")",""),IF(ISNA(MATCH(1,INDEX(EXACT('Reparto de brigadas'!$M$4:$M$31,"Prof. Castro"&CHAR(31)&$A6&CHAR(31)&B$3)*1,0),0)),"",IF(ISBLANK(INDEX('Reparto de brigadas'!$A$4:$A$31,MATCH(1,INDEX(EXACT('Reparto de brigadas'!$M$4:$M$31,"Prof. Castro"&CHAR(31)&$A6&CHAR(31)&B$3)*1,0),0))),"",INDEX('Reparto de brigadas'!$A$4:$A$31,MATCH(1,INDEX(EXACT('Reparto de brigadas'!$M$4:$M$31,"Prof. Castro"&CHAR(31)&$A6&CHAR(31)&B$3)*1,0),0))))) | C6: =IF(SUMPRODUCT(1*EXACT('Reparto de brigadas'!$M$4:$M$31,"Prof. Castro"&CHAR(31)&$A6&CHAR(31)&C$3))>1,IF(ISNA(MATCH(1,INDEX(EXACT('Reparto de brigadas'!$M$4:$M$31,"Prof. Castro"&CHAR(31)&$A6&CHAR(31)&C$3)*1,0),0)),"",IF(ISBLANK(INDEX('Reparto de brigadas'!$A$4:$A$31,MATCH(1,INDEX(EXACT('Reparto de brigadas'!$M$4:$M$31,"Prof. Castro"&CHAR(31)&$A6&CHAR(31)&C$3)*1,0),0))),"",INDEX('Reparto de brigadas'!$A$4:$A$31,MATCH(1,INDEX(EXACT('Reparto de brigadas'!$M$4:$M$31,"Prof. Castro"&CHAR(31)&$A6&CHAR(31)&C$3)*1,0),0))))&" / "&IF(ISBLANK(INDEX('Reparto de brigadas'!$A$4:$A$31,(MATCH(1,INDEX(EXACT('Reparto de brigadas'!$M$4:$M$31,"Prof. Castro"&CHAR(31)&$A6&CHAR(31)&C$3)*1,0),0)+MATCH(1,INDEX(EXACT(INDEX('Reparto de brigadas'!$M$4:$M$31,MATCH(1,INDEX(EXACT('Reparto de brigadas'!$M$4:$M$31,"Prof. Castro"&CHAR(31)&$A6&CHAR(31)&C$3)*1,0),0)+1):INDEX('Reparto de brigadas'!$M$4:$M$31,ROWS('Reparto de brigadas'!$M$4:$M$31)),"Prof. Castro"&CHAR(31)&$A6&CHAR(31)&C$3)*1,0),0)))),"",INDEX('Reparto de brigadas'!$A$4:$A$31,(MATCH(1,INDEX(EXACT('Reparto de brigadas'!$M$4:$M$31,"Prof. Castro"&CHAR(31)&$A6&CHAR(31)&C$3)*1,0),0)+MATCH(1,INDEX(EXACT(INDEX('Reparto de brigadas'!$M$4:$M$31,MATCH(1,INDEX(EXACT('Reparto de brigadas'!$M$4:$M$31,"Prof. Castro"&CHAR(31)&$A6&CHAR(31)&C$3)*1,0),0)+1):INDEX('Reparto de brigadas'!$M$4:$M$31,ROWS('Reparto de brigadas'!$M$4:$M$31)),"Prof. Castro"&CHAR(31)&$A6&CHAR(31)&C$3)*1,0),0))))&IF(SUMPRODUCT(1*EXACT('Reparto de brigadas'!$M$4:$M$31,"Prof. Castro"&CHAR(31)&$A6&CHAR(31)&C$3))>2," (+"&(SUMPRODUCT(1*EXACT('Reparto de brigadas'!$M$4:$M$31,"Prof. Castro"&CHAR(31)&$A6&CHAR(31)&C$3))-2)&")",""),IF(ISNA(MATCH(1,INDEX(EXACT('Reparto de brigadas'!$M$4:$M$31,"Prof. Castro"&CHAR(31)&$A6&CHAR(31)&C$3)*1,0),0)),"",IF(ISBLANK(INDEX('Reparto de brigadas'!$A$4:$A$31,MATCH(1,INDEX(EXACT('Reparto de brigadas'!$M$4:$M$31,"Prof. Castro"&CHAR(31)&$A6&CHAR(31)&C$3)*1,0),0))),"",INDEX('Reparto de brigadas'!$A$4:$A$31,MATCH(1,INDEX(EXACT('Reparto de brigadas'!$M$4:$M$31,"Prof. Castro"&CHAR(31)&$A6&CHAR(31)&C$3)*1,0),0)))))

Sheet HP - Prof. Diaz
A1: Horario del profesor - Prof. Diaz
A3: Horario | B3: par | C3: impar
A4: 10 a.m. | B4: =IF(SUMPRODUCT(1*EXACT('Reparto de brigadas'!$M$4:$M$31,"Prof. Diaz"&CHAR(31)&$A4&CHAR(31)&B$3))>1,IF(ISNA(MATCH(1,INDEX(EXACT('Reparto de brigadas'!$M$4:$M$31,"Prof. Diaz"&CHAR(31)&$A4&CHAR(31)&B$3)*1,0),0)),"",IF(ISBLANK(INDEX('Reparto de brigadas'!$A$4:$A$31,MATCH(1,INDEX(EXACT('Reparto de brigadas'!$M$4:$M$31,"Prof. Diaz"&CHAR(31)&$A4&CHAR(31)&B$3)*1,0),0))),"",INDEX('Reparto de brigadas'!$A$4:$A$31,MATCH(1,INDEX(EXACT('Reparto de brigadas'!$M$4:$M$31,"Prof. Diaz"&CHAR(31)&$A4&CHAR(31)&B$3)*1,0),0))))&" / "&IF(ISBLANK(INDEX('Reparto de brigadas'!$A$4:$A$31,(MATCH(1,INDEX(EXACT('Reparto de brigadas'!$M$4:$M$31,"Prof. Diaz"&CHAR(31)&$A4&CHAR(31)&B$3)*1,0),0)+MATCH(1,INDEX(EXACT(INDEX('Reparto de brigadas'!$M$4:$M$31,MATCH(1,INDEX(EXACT('Reparto de brigadas'!$M$4:$M$31,"Prof. Diaz"&CHAR(31)&$A4&CHAR(31)&B$3)*1,0),0)+1):INDEX('Reparto de brigadas'!$M$4:$M$31,ROWS('Reparto de brigadas'!$M$4:$M$31)),"Prof. Diaz"&CHAR(31)&$A4&CHAR(31)&B$3)*1,0),0)))),"",INDEX('Reparto de brigadas'!$A$4:$A$31,(MATCH(1,INDEX(EXACT('Reparto de brigadas'!$M$4:$M$31,"Prof. Diaz"&CHAR(31)&$A4&CHAR(31)&B$3)*1,0),0)+MATCH(1,INDEX(EXACT(INDEX('Reparto de brigadas'!$M$4:$M$31,MATCH(1,INDEX(EXACT('Reparto de brigadas'!$M$4:$M$31,"Prof. Diaz"&CHAR(31)&$A4&CHAR(31)&B$3)*1,0),0)+1):INDEX('Reparto de brigadas'!$M$4:$M$31,ROWS('Reparto de brigadas'!$M$4:$M$31)),"Prof. Diaz"&CHAR(31)&$A4&CHAR(31)&B$3)*1,0),0))))&IF(SUMPRODUCT(1*EXACT('Reparto de brigadas'!$M$4:$M$31,"Prof. Diaz"&CHAR(31)&$A4&CHAR(31)&B$3))>2," (+"&(SUMPRODUCT(1*EXACT('Reparto de brigadas'!$M$4:$M$31,"Prof. Diaz"&CHAR(31)&$A4&CHAR(31)&B$3))-2)&")",""),IF(ISNA(MATCH(1,INDEX(EXACT('Reparto de brigadas'!$M$4:$M$31,"Prof. Diaz"&CHAR(31)&$A4&CHAR(31)&B$3)*1,0),0)),"",IF(ISBLANK(INDEX('Reparto de brigadas'!$A$4:$A$31,MATCH(1,INDEX(EXACT('Reparto de brigadas'!$M$4:$M$31,"Prof. Diaz"&CHAR(31)&$A4&CHAR(31)&B$3)*1,0),0))),"",INDEX('Reparto de brigadas'!$A$4:$A$31,MATCH(1,INDEX(EXACT('Reparto de brigadas'!$M$4:$M$31,"Prof. Diaz"&CHAR(31)&$A4&CHAR(31)&B$3)*1,0),0))))) | C4: =IF(SUMPRODUCT(1*EXACT('Reparto de brigadas'!$M$4:$M$31,"Prof. Diaz"&CHAR(31)&$A4&CHAR(31)&C$3))>1,IF(ISNA(MATCH(1,INDEX(EXACT('Reparto de brigadas'!$M$4:$M$31,"Prof. Diaz"&CHAR(31)&$A4&CHAR(31)&C$3)*1,0),0)),"",IF(ISBLANK(INDEX('Reparto de brigadas'!$A$4:$A$31,MATCH(1,INDEX(EXACT('Reparto de brigadas'!$M$4:$M$31,"Prof. Diaz"&CHAR(31)&$A4&CHAR(31)&C$3)*1,0),0))),"",INDEX('Reparto de brigadas'!$A$4:$A$31,MATCH(1,INDEX(EXACT('Reparto de brigadas'!$M$4:$M$31,"Prof. Diaz"&CHAR(31)&$A4&CHAR(31)&C$3)*1,0),0))))&" / "&IF(ISBLANK(INDEX('Reparto de brigadas'!$A$4:$A$31,(MATCH(1,INDEX(EXACT('Reparto de brigadas'!$M$4:$M$31,"Prof. Diaz"&CHAR(31)&$A4&CHAR(31)&C$3)*1,0),0)+MATCH(1,INDEX(EXACT(INDEX('Reparto de brigadas'!$M$4:$M$31,MATCH(1,INDEX(EXACT('Reparto de brigadas'!$M$4:$M$31,"Prof. Diaz"&CHAR(31)&$A4&CHAR(31)&C$3)*1,0),0)+1):INDEX('Reparto de brigadas'!$M$4:$M$31,ROWS('Reparto de brigadas'!$M$4:$M$31)),"Prof. Diaz"&CHAR(31)&$A4&CHAR(31)&C$3)*1,0),0)))),"",INDEX('Reparto de brigadas'!$A$4:$A$31,(MATCH(1,INDEX(EXACT('Reparto de brigadas'!$M$4:$M$31,"Prof. Diaz"&CHAR(31)&$A4&CHAR(31)&C$3)*1,0),0)+MATCH(1,INDEX(EXACT(INDEX('Reparto de brigadas'!$M$4:$M$31,MATCH(1,INDEX(EXACT('Reparto de brigadas'!$M$4:$M$31,"Prof. Diaz"&CHAR(31)&$A4&CHAR(31)&C$3)*1,0),0)+1):INDEX('Reparto de brigadas'!$M$4:$M$31,ROWS('Reparto de brigadas'!$M$4:$M$31)),"Prof. Diaz"&CHAR(31)&$A4&CHAR(31)&C$3)*1,0),0))))&IF(SUMPRODUCT(1*EXACT('Reparto de brigadas'!$M$4:$M$31,"Prof. Diaz"&CHAR(31)&$A4&CHAR(31)&C$3))>2," (+"&(SUMPRODUCT(1*EXACT('Reparto de brigadas'!$M$4:$M$31,"Prof. Diaz"&CHAR(31)&$A4&CHAR(31)&C$3))-2)&")",""),IF(ISNA(MATCH(1,INDEX(EXACT('Reparto de brigadas'!$M$4:$M$31,"Prof. Diaz"&CHAR(31)&$A4&CHAR(31)&C$3)*1,0),0)),"",IF(ISBLANK(INDEX('Reparto de brigadas'!$A$4:$A$31,MATCH(1,INDEX(EXACT('Reparto de brigadas'!$M$4:$M$31,"Prof. Diaz"&CHAR(31)&$A4&CHAR(31)&C$3)*1,0),0))),"",INDEX('Reparto de brigadas'!$A$4:$A$31,MATCH(1,INDEX(EXACT('Reparto de brigadas'!$M$4:$M$31,"Prof. Diaz"&CHAR(31)&$A4&CHAR(31)&C$3)*1,0),0)))))
A5: 11 a.m. | B5: =IF(SUMPRODUCT(1*EXACT('Reparto de brigadas'!$M$4:$M$31,"Prof. Diaz"&CHAR(31)&$A5&CHAR(31)&B$3))>1,IF(ISNA(MATCH(1,INDEX(EXACT('Reparto de brigadas'!$M$4:$M$31,"Prof. Diaz"&CHAR(31)&$A5&CHAR(31)&B$3)*1,0),0)),"",IF(ISBLANK(INDEX('Reparto de brigadas'!$A$4:$A$31,MATCH(1,INDEX(EXACT('Reparto de brigadas'!$M$4:$M$31,"Prof. Diaz"&CHAR(31)&$A5&CHAR(31)&B$3)*1,0),0))),"",INDEX('Reparto de brigadas'!$A$4:$A$31,MATCH(1,INDEX(EXACT('Reparto de brigadas'!$M$4:$M$31,"Prof. Diaz"&CHAR(31)&$A5&CHAR(31)&B$3)*1,0),0))))&" / "&IF(ISBLANK(INDEX('Reparto de brigadas'!$A$4:$A$31,(MATCH(1,INDEX(EXACT('Reparto de brigadas'!$M$4:$M$31,"Prof. Diaz"&CHAR(31)&$A5&CHAR(31)&B$3)*1,0),0)+MATCH(1,INDEX(EXACT(INDEX('Reparto de brigadas'!$M$4:$M$31,MATCH(1,INDEX(EXACT('Reparto de brigadas'!$M$4:$M$31,"Prof. Diaz"&CHAR(31)&$A5&CHAR(31)&B$3)*1,0),0)+1):INDEX('Reparto de brigadas'!$M$4:$M$31,ROWS('Reparto de brigadas'!$M$4:$M$31)),"Prof. Diaz"&CHAR(31)&$A5&CHAR(31)&B$3)*1,0),0)))),"",INDEX('Reparto de brigadas'!$A$4:$A$31,(MATCH(1,INDEX(EXACT('Reparto de brigadas'!$M$4:$M$31,"Prof. Diaz"&CHAR(31)&$A5&CHAR(31)&B$3)*1,0),0)+MATCH(1,INDEX(EXACT(INDEX('Reparto de brigadas'!$M$4:$M$31,MATCH(1,INDEX(EXACT('Reparto de brigadas'!$M$4:$M$31,"Prof. Diaz"&CHAR(31)&$A5&CHAR(31)&B$3)*1,0),0)+1):INDEX('Reparto de brigadas'!$M$4:$M$31,ROWS('Reparto de brigadas'!$M$4:$M$31)),"Prof. Diaz"&CHAR(31)&$A5&CHAR(31)&B$3)*1,0),0))))&IF(SUMPRODUCT(1*EXACT('Reparto de brigadas'!$M$4:$M$31,"Prof. Diaz"&CHAR(31)&$A5&CHAR(31)&B$3))>2," (+"&(SUMPRODUCT(1*EXACT('Reparto de brigadas'!$M$4:$M$31,"Prof. Diaz"&CHAR(31)&$A5&CHAR(31)&B$3))-2)&")",""),IF(ISNA(MATCH(1,INDEX(EXACT('Reparto de brigadas'!$M$4:$M$31,"Prof. Diaz"&CHAR(31)&$A5&CHAR(31)&B$3)*1,0),0)),"",IF(ISBLANK(INDEX('Reparto de brigadas'!$A$4:$A$31,MATCH(1,INDEX(EXACT('Reparto de brigadas'!$M$4:$M$31,"Prof. Diaz"&CHAR(31)&$A5&CHAR(31)&B$3)*1,0),0))),"",INDEX('Reparto de brigadas'!$A$4:$A$31,MATCH(1,INDEX(EXACT('Reparto de brigadas'!$M$4:$M$31,"Prof. Diaz"&CHAR(31)&$A5&CHAR(31)&B$3)*1,0),0))))) | C5: =IF(SUMPRODUCT(1*EXACT('Reparto de brigadas'!$M$4:$M$31,"Prof. Diaz"&CHAR(31)&$A5&CHAR(31)&C$3))>1,IF(ISNA(MATCH(1,INDEX(EXACT('Reparto de brigadas'!$M$4:$M$31,"Prof. Diaz"&CHAR(31)&$A5&CHAR(31)&C$3)*1,0),0)),"",IF(ISBLANK(INDEX('Reparto de brigadas'!$A$4:$A$31,MATCH(1,INDEX(EXACT('Reparto de brigadas'!$M$4:$M$31,"Prof. Diaz"&CHAR(31)&$A5&CHAR(31)&C$3)*1,0),0))),"",INDEX('Reparto de brigadas'!$A$4:$A$31,MATCH(1,INDEX(EXACT('Reparto de brigadas'!$M$4:$M$31,"Prof. Diaz"&CHAR(31)&$A5&CHAR(31)&C$3)*1,0),0))))&" / "&IF(ISBLANK(INDEX('Reparto de brigadas'!$A$4:$A$31,(MATCH(1,INDEX(EXACT('Reparto de brigadas'!$M$4:$M$31,"Prof. Diaz"&CHAR(31)&$A5&CHAR(31)&C$3)*1,0),0)+MATCH(1,INDEX(EXACT(INDEX('Reparto de brigadas'!$M$4:$M$31,MATCH(1,INDEX(EXACT('Reparto de brigadas'!$M$4:$M$31,"Prof. Diaz"&CHAR(31)&$A5&CHAR(31)&C$3)*1,0),0)+1):INDEX('Reparto de brigadas'!$M$4:$M$31,ROWS('Reparto de brigadas'!$M$4:$M$31)),"Prof. Diaz"&CHAR(31)&$A5&CHAR(31)&C$3)*1,0),0)))),"",INDEX('Reparto de brigadas'!$A$4:$A$31,(MATCH(1,INDEX(EXACT('Reparto de brigadas'!$M$4:$M$31,"Prof. Diaz"&CHAR(31)&$A5&CHAR(31)&C$3)*1,0),0)+MATCH(1,INDEX(EXACT(INDEX('Reparto de brigadas'!$M$4:$M$31,MATCH(1,INDEX(EXACT('Reparto de brigadas'!$M$4:$M$31,"Prof. Diaz"&CHAR(31)&$A5&CHAR(31)&C$3)*1,0),0)+1):INDEX('Reparto de brigadas'!$M$4:$M$31,ROWS('Reparto de brigadas'!$M$4:$M$31)),"Prof. Diaz"&CHAR(31)&$A5&CHAR(31)&C$3)*1,0),0))))&IF(SUMPRODUCT(1*EXACT('Reparto de brigadas'!$M$4:$M$31,"Prof. Diaz"&CHAR(31)&$A5&CHAR(31)&C$3))>2," (+"&(SUMPRODUCT(1*EXACT('Reparto de brigadas'!$M$4:$M$31,"Prof. Diaz"&CHAR(31)&$A5&CHAR(31)&C$3))-2)&")",""),IF(ISNA(MATCH(1,INDEX(EXACT('Reparto de brigadas'!$M$4:$M$31,"Prof. Diaz"&CHAR(31)&$A5&CHAR(31)&C$3)*1,0),0)),"",IF(ISBLANK(INDEX('Reparto de brigadas'!$A$4:$A$31,MATCH(1,INDEX(EXACT('Reparto de brigadas'!$M$4:$M$31,"Prof. Diaz"&CHAR(31)&$A5&CHAR(31)&C$3)*1,0),0))),"",INDEX('Reparto de brigadas'!$A$4:$A$31,MATCH(1,INDEX(EXACT('Reparto de brigadas'!$M$4:$M$31,"Prof. Diaz"&CHAR(31)&$A5&CHAR(31)&C$3)*1,0),0)))))
A6: 3 p.m. | B6: =IF(SUMPRODUCT(1*EXACT('Reparto de brigadas'!$M$4:$M$31,"Prof. Diaz"&CHAR(31)&$A6&CHAR(31)&B$3))>1,IF(ISNA(MATCH(1,INDEX(EXACT('Reparto de brigadas'!$M$4:$M$31,"Prof. Diaz"&CHAR(31)&$A6&CHAR(31)&B$3)*1,0),0)),"",IF(ISBLANK(INDEX('Reparto de brigadas'!$A$4:$A$31,MATCH(1,INDEX(EXACT('Reparto de brigadas'!$M$4:$M$31,"Prof. Diaz"&CHAR(31)&$A6&CHAR(31)&B$3)*1,0),0))),"",INDEX('Reparto de brigadas'!$A$4:$A$31,MATCH(1,INDEX(EXACT('Reparto de brigadas'!$M$4:$M$31,"Prof. Diaz"&CHAR(31)&$A6&CHAR(31)&B$3)*1,0),0))))&" / "&IF(ISBLANK(INDEX('Reparto de brigadas'!$A$4:$A$31,(MATCH(1,INDEX(EXACT('Reparto de brigadas'!$M$4:$M$31,"Prof. Diaz"&CHAR(31)&$A6&CHAR(31)&B$3)*1,0),0)+MATCH(1,INDEX(EXACT(INDEX('Reparto de brigadas'!$M$4:$M$31,MATCH(1,INDEX(EXACT('Reparto de brigadas'!$M$4:$M$31,"Prof. Diaz"&CHAR(31)&$A6&CHAR(31)&B$3)*1,0),0)+1):INDEX('Reparto de brigadas'!$M$4:$M$31,ROWS('Reparto de brigadas'!$M$4:$M$31)),"Prof. Diaz"&CHAR(31)&$A6&CHAR(31)&B$3)*1,0),0)))),"",INDEX('Reparto de brigadas'!$A$4:$A$31,(MATCH(1,INDEX(EXACT('Reparto de brigadas'!$M$4:$M$31,"Prof. Diaz"&CHAR(31)&$A6&CHAR(31)&B$3)*1,0),0)+MATCH(1,INDEX(EXACT(INDEX('Reparto de brigadas'!$M$4:$M$31,MATCH(1,INDEX(EXACT('Reparto de brigadas'!$M$4:$M$31,"Prof. Diaz"&CHAR(31)&$A6&CHAR(31)&B$3)*1,0),0)+1):INDEX('Reparto de brigadas'!$M$4:$M$31,ROWS('Reparto de brigadas'!$M$4:$M$31)),"Prof. Diaz"&CHAR(31)&$A6&CHAR(31)&B$3)*1,0),0))))&IF(SUMPRODUCT(1*EXACT('Reparto de brigadas'!$M$4:$M$31,"Prof. Diaz"&CHAR(31)&$A6&CHAR(31)&B$3))>2," (+"&(SUMPRODUCT(1*EXACT('Reparto de brigadas'!$M$4:$M$31,"Prof. Diaz"&CHAR(31)&$A6&CHAR(31)&B$3))-2)&")",""),IF(ISNA(MATCH(1,INDEX(EXACT('Reparto de brigadas'!$M$4:$M$31,"Prof. Diaz"&CHAR(31)&$A6&CHAR(31)&B$3)*1,0),0)),"",IF(ISBLANK(INDEX('Reparto de brigadas'!$A$4:$A$31,MATCH(1,INDEX(EXACT('Reparto de brigadas'!$M$4:$M$31,"Prof. Diaz"&CHAR(31)&$A6&CHAR(31)&B$3)*1,0),0))),"",INDEX('Reparto de brigadas'!$A$4:$A$31,MATCH(1,INDEX(EXACT('Reparto de brigadas'!$M$4:$M$31,"Prof. Diaz"&CHAR(31)&$A6&CHAR(31)&B$3)*1,0),0))))) | C6: =IF(SUMPRODUCT(1*EXACT('Reparto de brigadas'!$M$4:$M$31,"Prof. Diaz"&CHAR(31)&$A6&CHAR(31)&C$3))>1,IF(ISNA(MATCH(1,INDEX(EXACT('Reparto de brigadas'!$M$4:$M$31,"Prof. Diaz"&CHAR(31)&$A6&CHAR(31)&C$3)*1,0),0)),"",IF(ISBLANK(INDEX('Reparto de brigadas'!$A$4:$A$31,MATCH(1,INDEX(EXACT('Reparto de brigadas'!$M$4:$M$31,"Prof. Diaz"&CHAR(31)&$A6&CHAR(31)&C$3)*1,0),0))),"",INDEX('Reparto de brigadas'!$A$4:$A$31,MATCH(1,INDEX(EXACT('Reparto de brigadas'!$M$4:$M$31,"Prof. Diaz"&CHAR(31)&$A6&CHAR(31)&C$3)*1,0),0))))&" / "&IF(ISBLANK(INDEX('Reparto de brigadas'!$A$4:$A$31,(MATCH(1,INDEX(EXACT('Reparto de brigadas'!$M$4:$M$31,"Prof. Diaz"&CHAR(31)&$A6&CHAR(31)&C$3)*1,0),0)+MATCH(1,INDEX(EXACT(INDEX('Reparto de brigadas'!$M$4:$M$31,MATCH(1,INDEX(EXACT('Reparto de brigadas'!$M$4:$M$31,"Prof. Diaz"&CHAR(31)&$A6&CHAR(31)&C$3)*1,0),0)+1):INDEX('Reparto de brigadas'!$M$4:$M$31,ROWS('Reparto de brigadas'!$M$4:$M$31)),"Prof. Diaz"&CHAR(31)&$A6&CHAR(31)&C$3)*1,0),0)))),"",INDEX('Reparto de brigadas'!$A$4:$A$31,(MATCH(1,INDEX(EXACT('Reparto de brigadas'!$M$4:$M$31,"Prof. Diaz"&CHAR(31)&$A6&CHAR(31)&C$3)*1,0),0)+MATCH(1,INDEX(EXACT(INDEX('Reparto de brigadas'!$M$4:$M$31,MATCH(1,INDEX(EXACT('Reparto de brigadas'!$M$4:$M$31,"Prof. Diaz"&CHAR(31)&$A6&CHAR(31)&C$3)*1,0),0)+1):INDEX('Reparto de brigadas'!$M$4:$M$31,ROWS('Reparto de brigadas'!$M$4:$M$31)),"Prof. Diaz"&CHAR(31)&$A6&CHAR(31)&C$3)*1,0),0))))&IF(SUMPRODUCT(1*EXACT('Reparto de brigadas'!$M$4:$M$31,"Prof. Diaz"&CHAR(31)&$A6&CHAR(31)&C$3))>2," (+"&(SUMPRODUCT(1*EXACT('Reparto de brigadas'!$M$4:$M$31,"Prof. Diaz"&CHAR(31)&$A6&CHAR(31)&C$3))-2)&")",""),IF(ISNA(MATCH(1,INDEX(EXACT('Reparto de brigadas'!$M$4:$M$31,"Prof. Diaz"&CHAR(31)&$A6&CHAR(31)&C$3)*1,0),0)),"",IF(ISBLANK(INDEX('Reparto de brigadas'!$A$4:$A$31,MATCH(1,INDEX(EXACT('Reparto de brigadas'!$M$4:$M$31,"Prof. Diaz"&CHAR(31)&$A6&CHAR(31)&C$3)*1,0),0))),"",INDEX('Reparto de brigadas'!$A$4:$A$31,MATCH(1,INDEX(EXACT('Reparto de brigadas'!$M$4:$M$31,"Prof. Diaz"&CHAR(31)&$A6&CHAR(31)&C$3)*1,0),0)))))

Sheet Reparto de brigadas
A1: Reparto de brigadas
A3: Brigada | B3: Ano | C3: Personas | D3: Profesor | E3: Horario | F3: Instalacion | G3: Semana | H3: Capacidad | I3: Su ano admite el horario | J3: Estado | K3: (nivel de las marcas) | L3: (clave semana|instalacion|horario) | M3: (clave profesor|horario|semana)
A4: C111 | B4: CC-1 | C4: 28 | D4: Prof. Alvarez | E4: 10 a.m. | F4: Pista 1 | G4: =IF(AND($A4=""),"",IF(ISNA(MATCH(1,INDEX(EXACT('Anos de carrera'!$A$4:$A$29,$B4)*1*((('Anos de carrera'!$A$4:$A$29<>""))>0),0),0)),"",IF(ISBLANK(INDEX('Anos de carrera'!$C$4:$C$29,MATCH(1,INDEX(EXACT('Anos de carrera'!$A$4:$A$29,$B4)*1*((('Anos de carrera'!$A$4:$A$29<>""))>0),0),0))),"",INDEX('Anos de carrera'!$C$4:$C$29,MATCH(1,INDEX(EXACT('Anos de carrera'!$A$4:$A$29,$B4)*1*((('Anos de carrera'!$A$4:$A$29<>""))>0),0),0))))) | H4: =IF(AND($A4=""),"",IF(ISNA(MATCH(1,INDEX(EXACT('Instalaciones'!$A$4:$A$27,$F4)*1*((('Instalaciones'!$A$4:$A$27<>""))>0),0),0)),0,IF(ISBLANK(INDEX('Instalaciones'!$B$4:$B$27,MATCH(1,INDEX(EXACT('Instalaciones'!$A$4:$A$27,$F4)*1*((('Instalaciones'!$A$4:$A$27<>""))>0),0),0))),"",INDEX('Instalaciones'!$B$4:$B$27,MATCH(1,INDEX(EXACT('Instalaciones'!$A$4:$A$27,$F4)*1*((('Instalaciones'!$A$4:$A$27<>""))>0),0),0))))) | I4: =IF(AND($A4=""),"",IF(($E4=""),"",IF(EXACT(IF(ISNA(MATCH(1,INDEX(1*((('Horarios disponibles por ano'!$A$4:$A$34<>"")+('Horarios disponibles por ano'!$B$4:$B$34<>""))>0)*(EXACT('Horarios disponibles por ano'!$A$4:$A$34,$B4))*(EXACT('Horarios disponibles por ano'!$B$4:$B$34,$E4)),0),0)),"",IF(ISBLANK(INDEX('Horarios disponibles por ano'!$B$4:$B$34,MATCH(1,INDEX(1*((('Horarios disponibles por ano'!$A$4:$A$34<>"")+('Horarios disponibles por ano'!$B$4:$B$34<>""))>0)*(EXACT('Horarios disponibles por ano'!$A$4:$A$34,$B4))*(EXACT('Horarios disponibles por ano'!$B$4:$B$34,$E4)),0),0))),"",INDEX('Horarios disponibles por ano'!$B$4:$B$34,MATCH(1,INDEX(1*((('Horarios disponibles por ano'!$A$4:$A$34<>"")+('Horarios disponibles por ano'!$B$4:$B$34<>""))>0)*(EXACT('Horarios disponibles por ano'!$A$4:$A$34,$B4))*(EXACT('Horarios disponibles por ano'!$B$4:$B$34,$E4)),0),0)))),""),"no","si"))) | J4: =IF(AND($A4=""),"",MID(IF(OR(($E4=""),($F4="")),"; "&"Esta brigada todavia no tiene clase esta semana","")&IF(EXACT($I4,"no"),"; "&"Su ano no tiene este horario disponible","")&IF(AND(NOT(($F4="")),(IFERROR(VALUE($H4&""),0)<IFERROR(VALUE($C4&""),0))),"; "&IF(ISNUMBER(("La instalacion es para "&IF(ISNUMBER($H4),IF($H4=0,"0",ROUND($H4,9-INT(LOG10(ABS($H4))))&""),$H4&"")&" personas y la brigada tiene "&IF(ISNUMBER($C4),IF($C4=0,"0",ROUND($C4,9-INT(LOG10(ABS($C4))))&""),$C4&""))),IF(("La instalacion es para "&IF(ISNUMBER($H4),IF($H4=0,"0",ROUND($H4,9-INT(LOG10(ABS($H4))))&""),$H4&"")&" personas y la brigada tiene "&IF(ISNUMBER($C4),IF($C4=0,"0",ROUND($C4,9-INT(LOG10(ABS($C4))))&""),$C4&""))=0,"0",ROUND(("La instalacion es para "&IF(ISNUMBER($H4),IF($H4=0,"0",ROUND($H4,9-INT(LOG10(ABS($H4))))&""),$H4&"")&" personas y la brigada tiene "&IF(ISNUMBER($C4),IF($C4=0,"0",ROUND($C4,9-INT(LOG10(ABS($C4))))&""),$C4&"")),9-INT(LOG10(ABS(("La instalacion es para "&IF(ISNUMBER($H4),IF($H4=0,"0",ROUND($H4,9-INT(LOG10(ABS($H4))))&""),$H4&"")&" personas y la brigada tiene "&IF(ISNUMBER($C4),IF($C4=0,"0",ROUND($C4,9-INT(LOG10(ABS($C4))))&""),$C4&""))))))&""),("La instalacion es para "&IF(ISNUMBER($H4),IF($H4=0,"0",ROUND($H4,9-INT(LOG10(ABS($H4))))&""),$H4&"")&" personas y la brigada tiene "&IF(ISNUMBER($C4),IF($C4=0,"0",ROUND($C4,9-INT(LOG10(ABS($C4))))&""),$C4&""))&""),"")&IF(AND(NOT(($F4="")),NOT(($E4="")),(SUMPRODUCT(1*(((('Reparto de brigadas'!$A$4:$A$31<>""))>0))*((EXACT('Reparto de brigadas'!$G$4:$G$31,$G4)))*((EXACT('Reparto de brigadas'!$E$4:$E$31,$E4)))*((EXACT('Reparto de brigadas'!$F$4:$F$31,$F4)))*((ROW('Reparto de brigadas'!$A$4:$A$31)<>ROW($A4))))>0)),"; "&"Otra brigada usa esta instalacion en ese horario y esa semana","")&IF(AND(NOT(($E4="")),(SUMPRODUCT(1*(((('Reparto de brigadas'!$A$4:$A$31<>""))>0))*((EXACT('Reparto de brigadas'!$G$4:$G$31,$G4)))*((EXACT('Reparto de brigadas'!$E$4:$E$31,$E4)))*((EXACT('Reparto de brigadas'!$D$4:$D$31,$D4)))*((ROW('Reparto de brigadas'!$A$4:$A$31)<>ROW($A4))))>0)),"; "&"Este profesor tiene otra brigada en ese horario y esa semana",""),3,32767)) | K4: =IF(OR(OR(($E4=""),($F4="")),EXACT($I4,"no"),AND(NOT(($F4="")),(IFERROR(VALUE($H4&""),0)<IFERROR(VALUE($C4&""),0))),AND(NOT(($F4="")),NOT(($E4="")),(SUMPRODUCT(1*(((('Reparto de brigadas'!$A$4:$A$31<>""))>0))*((EXACT('Reparto de brigadas'!$G$4:$G$31,$G4)))*((EXACT('Reparto de brigadas'!$E$4:$E$31,$E4)))*((EXACT('Reparto de brigadas'!$F$4:$F$31,$F4)))*((ROW('Reparto de brigadas'!$A$4:$A$31)<>ROW($A4))))>0)),AND(NOT(($E4="")),(SUMPRODUCT(1*(((('Reparto de brigadas'!$A$4:$A$31<>""))>0))*((EXACT('Reparto de brigadas'!$G$4:$G$31,$G4)))*((EXACT('Reparto de brigadas'!$E$4:$E$31,$E4)))*((EXACT('Reparto de brigadas'!$D$4:$D$31,$D4)))*((ROW('Reparto de brigadas'!$A$4:$A$31)<>ROW($A4))))>0))),3,0) | L4: =$G4&CHAR(31)&$F4&CHAR(31)&$E4 | M4: =$D4&CHAR(31)&$E4&CHAR(31)&$G4
A5: C112 | B5: CC-1 | C5: 25 | D5: Prof. Alvarez | E5: 11 a.m. | F5: Gimnasio | G5: =IF(AND($A5=""),"",IF(ISNA(MATCH(1,INDEX(EXACT('Anos de carrera'!$A$4:$A$29,$B5)*1*((('Anos de carrera'!$A$4:$A$29<>""))>0),0),0)),"",IF(ISBLANK(INDEX('Anos de carrera'!$C$4:$C$29,MATCH(1,INDEX(EXACT('Anos de carrera'!$A$4:$A$29,$B5)*1*((('Anos de carrera'!$A$4:$A$29<>""))>0),0),0))),"",INDEX('Anos de carrera'!$C$4:$C$29,MATCH(1,INDEX(EXACT('Anos de carrera'!$A$4:$A$29,$B5)*1*((('Anos de carrera'!$A$4:$A$29<>""))>0),0),0))))) | H5: =IF(AND($A5=""),"",IF(ISNA(MATCH(1,INDEX(EXACT('Instalaciones'!$A$4:$A$27,$F5)*1*((('Instalaciones'!$A$4:$A$27<>""))>0),0),0)),0,IF(ISBLANK(INDEX('Instalaciones'!$B$4:$B$27,MATCH(1,INDEX(EXACT('Instalaciones'!$A$4:$A$27,$F5)*1*((('Instalaciones'!$A$4:$A$27<>""))>0),0),0))),"",INDEX('Instalaciones'!$B$4:$B$27,MATCH(1,INDEX(EXACT('Instalaciones'!$A$4:$A$27,$F5)*1*((('Instalaciones'!$A$4:$A$27<>""))>0),0),0))))) | I5: =IF(AND($A5=""),"",IF(($E5=""),"",IF(EXACT(IF(ISNA(MATCH(1,INDEX(1*((('Horarios disponibles por ano'!$A$4:$A$34<>"")+('Horarios disponibles por ano'!$B$4:$B$34<>""))>0)*(EXACT('Horarios disponibles por ano'!$A$4:$A$34,$B5))*(EXACT('Horarios disponibles por ano'!$B$4:$B$34,$E5)),0),0)),"",IF(ISBLANK(INDEX('Horarios disponibles por ano'!$B$4:$B$34,MATCH(1,INDEX(1*((('Horarios disponibles por ano'!$A$4:$A$34<>"")+('Horarios disponibles por ano'!$B$4:$B$34<>""))>0)*(EXACT('Horarios disponibles por ano'!$A$4:$A$34,$B5))*(EXACT('Horarios disponibles por ano'!$B$4:$B$34,$E5)),0),0))),"",INDEX('Horarios disponibles por ano'!$B$4:$B$34,MATCH(1,INDEX(1*((('Horarios disponibles por ano'!$A$4:$A$34<>"")+('Horarios disponibles por ano'!$B$4:$B$34<>""))>0)*(EXACT('Horarios disponibles por ano'!$A$4:$A$34,$B5))*(EXACT('Horarios disponibles por ano'!$B$4:$B$34,$E5)),0),0)))),""),"no","si"))) | J5: =IF(AND($A5=""),"",MID(IF(OR(($E5=""),($F5="")),"; "&"Esta brigada todavia no tiene clase esta semana","")&IF(EXACT($I5,"no"),"; "&"Su ano no tiene este horario disponible","")&IF(AND(NOT(($F5="")),(IFERROR(VALUE($H5&""),0)<IFERROR(VALUE($C5&""),0))),"; "&IF(ISNUMBER(("La instalacion es para "&IF(ISNUMBER($H5),IF($H5=0,"0",ROUND($H5,9-INT(LOG10(ABS($H5))))&""),$H5&"")&" personas y la brigada tiene "&IF(ISNUMBER($C5),IF($C5=0,"0",ROUND($C5,9-INT(LOG10(ABS($C5))))&""),$C5&""))),IF(("La instalacion es para "&IF(ISNUMBER($H5),IF($H5=0,"0",ROUND($H5,9-INT(LOG10(ABS($H5))))&""),$H5&"")&" personas y la brigada tiene "&IF(ISNUMBER($C5),IF($C5=0,"0",ROUND($C5,9-INT(LOG10(ABS($C5))))&""),$C5&""))=0,"0",ROUND(("La instalacion es para "&IF(ISNUMBER($H5),IF($H5=0,"0",ROUND($H5,9-INT(LOG10(ABS($H5))))&""),$H5&"")&" personas y la brigada tiene "&IF(ISNUMBER($C5),IF($C5=0,"0",ROUND($C5,9-INT(LOG10(ABS($C5))))&""),$C5&"")),9-INT(LOG10(ABS(("La instalacion es para "&IF(ISNUMBER($H5),IF($H5=0,"0",ROUND($H5,9-INT(LOG10(ABS($H5))))&""),$H5&"")&" personas y la brigada tiene "&IF(ISNUMBER($C5),IF($C5=0,"0",ROUND($C5,9-INT(LOG10(ABS($C5))))&""),$C5&""))))))&""),("La instalacion es para "&IF(ISNUMBER($H5),IF($H5=0,"0",ROUND($H5,9-INT(LOG10(ABS($H5))))&""),$H5&"")&" personas y la brigada tiene "&IF(ISNUMBER($C5),IF($C5=0,"0",ROUND($C5,9-INT(LOG10(ABS($C5))))&""),$C5&""))&""),"")&IF(AND(NOT(($F5="")),NOT(($E5="")),(SUMPRODUCT(1*(((('Reparto de brigadas'!$A$4:$A$31<>""))>0))*((EXACT('Reparto de brigadas'!$G$4:$G$31,$G5)))*((EXACT('Reparto de brigadas'!$E$4:$E$31,$E5)))*((EXACT('Reparto de brigadas'!$F$4:$F$31,$F5)))*((ROW('Reparto de brigadas'!$A$4:$A$31)<>ROW($A5))))>0)),"; "&"Otra brigada usa esta instalacion en ese horario y esa semana","")&IF(AND(NOT(($E5="")),(SUMPRODUCT(1*(((('Reparto de brigadas'!$A$4:$A$31<>""))>0))*((EXACT('Reparto de brigadas'!$G$4:$G$31,$G5)))*((EXACT('Reparto de brigadas'!$E$4:$E$31,$E5)))*((EXACT('Reparto de brigadas'!$D$4:$D$31,$D5)))*((ROW('Reparto de brigadas'!$A$4:$A$31)<>ROW($A5))))>0)),"; "&"Este profesor tiene otra brigada en ese horario y esa semana",""),3,32767)) | K5: =IF(OR(OR(($E5=""),($F5="")),EXACT($I5,"no"),AND(NOT(($F5="")),(IFERROR(VALUE($H5&""),0)<IFERROR(VALUE($C5&""),0))),AND(NOT(($F5="")),NOT(($E5="")),(SUMPRODUCT(1*(((('Reparto de brigadas'!$A$4:$A$31<>""))>0))*((EXACT('Reparto de brigadas'!$G$4:$G$31,$G5)))*((EXACT('Reparto de brigadas'!$E$4:$E$31,$E5)))*((EXACT('Reparto de brigadas'!$F$4:$F$31,$F5)))*((ROW('Reparto de brigadas'!$A$4:$A$31)<>ROW($A5))))>0)),AND(NOT(($E5="")),(SUMPRODUCT(1*(((('Reparto de brigadas'!$A$4:$A$31<>""))>0))*((EXACT('Reparto de brigadas'!$G$4:$G$31,$G5)))*((EXACT('Reparto de brigadas'!$E$4:$E$31,$E5)))*((EXACT('Reparto de brigadas'!$D$4:$D$31,$D5)))*((ROW('Reparto de brigadas'!$A$4:$A$31)<>ROW($A5))))>0))),3,0) | L5: =$G5&CHAR(31)&$F5&CHAR(31)&$E5 | M5: =$D5&CHAR(31)&$E5&CHAR(31)&$G5
A6: C211 | B6: CC-2 | C6: 22 | D6: Prof. Benitez | E6: 3 p.m. | F6: Piscina | G6: =IF(AND($A6=""),"",IF(ISNA(MATCH(1,INDEX(EXACT('Anos de carrera'!$A$4:$A$29,$B6)*1*((('Anos de carrera'!$A$4:$A$29<>""))>0),0),0)),"",IF(ISBLANK(INDEX('Anos de carrera'!$C$4:$C$29,MATCH(1,INDEX(EXACT('Anos de carrera'!$A$4:$A$29,$B6)*1*((('Anos de carrera'!$A$4:$A$29<>""))>0),0),0))),"",INDEX('Anos de carrera'!$C$4:$C$29,MATCH(1,INDEX(EXACT('Anos de carrera'!$A$4:$A$29,$B6)*1*((('Anos de carrera'!$A$4:$A$29<>""))>0),0),0))))) | H6: =IF(AND($A6=""),"",IF(ISNA(MATCH(1,INDEX(EXACT('Instalaciones'!$A$4:$A$27,$F6)*1*((('Instalaciones'!$A$4:$A$27<>""))>0),0),0)),0,IF(ISBLANK(INDEX('Instalaciones'!$B$4:$B$27,MATCH(1,INDEX(EXACT('Instalaciones'!$A$4:$A$27,$F6)*1*((('Instalaciones'!$A$4:$A$27<>""))>0),0),0))),"",INDEX('Instalaciones'!$B$4:$B$27,MATCH(1,INDEX(EXACT('Instalaciones'!$A$4:$A$27,$F6)*1*((('Instalaciones'!$A$4:$A$27<>""))>0),0),0))))) | I6: =IF(AND($A6=""),"",IF(($E6=""),"",IF(EXACT(IF(ISNA(MATCH(1,INDEX(1*((('Horarios disponibles por ano'!$A$4:$A$34<>"")+('Horarios disponibles por ano'!$B$4:$B$34<>""))>0)*(EXACT('Horarios disponibles por ano'!$A$4:$A$34,$B6))*(EXACT('Horarios disponibles por ano'!$B$4:$B$34,$E6)),0),0)),"",IF(ISBLANK(INDEX('Horarios disponibles por ano'!$B$4:$B$34,MATCH(1,INDEX(1*((('Horarios disponibles por ano'!$A$4:$A$34<>"")+('Horarios disponibles por ano'!$B$4:$B$34<>""))>0)*(EXACT('Horarios disponibles por ano'!$A$4:$A$34,$B6))*(EXACT('Horarios disponibles por ano'!$B$4:$B$34,$E6)),0),0))),"",INDEX('Horarios disponibles por ano'!$B$4:$B$34,MATCH(1,INDEX(1*((('Horarios disponibles por ano'!$A$4:$A$34<>"")+('Horarios disponibles por ano'!$B$4:$B$34<>""))>0)*(EXACT('Horarios disponibles por ano'!$A$4:$A$34,$B6))*(EXACT('Horarios disponibles por ano'!$B$4:$B$34,$E6)),0),0)))),""),"no","si"))) | J6: =IF(AND($A6=""),"",MID(IF(OR(($E6=""),($F6="")),"; "&"Esta brigada todavia no tiene clase esta semana","")&IF(EXACT($I6,"no"),"; "&"Su ano no tiene este horario disponible","")&IF(AND(NOT(($F6="")),(IFERROR(VALUE($H6&""),0)<IFERROR(VALUE($C6&""),0))),"; "&IF(ISNUMBER(("La instalacion es para "&IF(ISNUMBER($H6),IF($H6=0,"0",ROUND($H6,9-INT(LOG10(ABS($H6))))&""),$H6&"")&" personas y la brigada tiene "&IF(ISNUMBER($C6),IF($C6=0,"0",ROUND($C6,9-INT(LOG10(ABS($C6))))&""),$C6&""))),IF(("La instalacion es para "&IF(ISNUMBER($H6),IF($H6=0,"0",ROUND($H6,9-INT(LOG10(ABS($H6))))&""),$H6&"")&" personas y la brigada tiene "&IF(ISNUMBER($C6),IF($C6=0,"0",ROUND($C6,9-INT(LOG10(ABS($C6))))&""),$C6&""))=0,"0",ROUND(("La instalacion es para "&IF(ISNUMBER($H6),IF($H6=0,"0",ROUND($H6,9-INT(LOG10(ABS($H6))))&""),$H6&"")&" personas y la brigada tiene "&IF(ISNUMBER($C6),IF($C6=0,"0",ROUND($C6,9-INT(LOG10(ABS($C6))))&""),$C6&"")),9-INT(LOG10(ABS(("La instalacion es para "&IF(ISNUMBER($H6),IF($H6=0,"0",ROUND($H6,9-INT(LOG10(ABS($H6))))&""),$H6&"")&" personas y la brigada tiene "&IF(ISNUMBER($C6),IF($C6=0,"0",ROUND($C6,9-INT(LOG10(ABS($C6))))&""),$C6&""))))))&""),("La instalacion es para "&IF(ISNUMBER($H6),IF($H6=0,"0",ROUND($H6,9-INT(LOG10(ABS($H6))))&""),$H6&"")&" personas y la brigada tiene "&IF(ISNUMBER($C6),IF($C6=0,"0",ROUND($C6,9-INT(LOG10(ABS($C6))))&""),$C6&""))&""),"")&IF(AND(NOT(($F6="")),NOT(($E6="")),(SUMPRODUCT(1*(((('Reparto de brigadas'!$A$4:$A$31<>""))>0))*((EXACT('Reparto de brigadas'!$G$4:$G$31,$G6)))*((EXACT('Reparto de brigadas'!$E$4:$E$31,$E6)))*((EXACT('Reparto de brigadas'!$F$4:$F$31,$F6)))*((ROW('Reparto de brigadas'!$A$4:$A$31)<>ROW($A6))))>0)),"; "&"Otra brigada usa esta instalacion en ese horario y esa semana","")&IF(AND(NOT(($E6="")),(SUMPRODUCT(1*(((('Reparto de brigadas'!$A$4:$A$31<>""))>0))*((EXACT('Reparto de brigadas'!$G$4:$G$31,$G6)))*((EXACT('Reparto de brigadas'!$E$4:$E$31,$E6)))*((EXACT('Reparto de brigadas'!$D$4:$D$31,$D6)))*((ROW('Reparto de brigadas'!$A$4:$A$31)<>ROW($A6))))>0)),"; "&"Este profesor tiene otra brigada en ese horario y esa semana",""),3,32767)) | K6: =IF(OR(OR(($E6=""),($F6="")),EXACT($I6,"no"),AND(NOT(($F6="")),(IFERROR(VALUE($H6&""),0)<IFERROR(VALUE($C6&""),0))),AND(NOT(($F6="")),NOT(($E6="")),(SUMPRODUCT(1*(((('Reparto de brigadas'!$A$4:$A$31<>""))>0))*((EXACT('Reparto de brigadas'!$G$4:$G$31,$G6)))*((EXACT('Reparto de brigadas'!$E$4:$E$31,$E6)))*((EXACT('Reparto de brigadas'!$F$4:$F$31,$F6)))*((ROW('Reparto de brigadas'!$A$4:$A$31)<>ROW($A6))))>0)),AND(NOT(($E6="")),(SUMPRODUCT(1*(((('Reparto de brigadas'!$A$4:$A$31<>""))>0))*((EXACT('Reparto de brigadas'!$G$4:$G$31,$G6)))*((EXACT('Reparto de brigadas'!$E$4:$E$31,$E6)))*((EXACT('Reparto de brigadas'!$D$4:$D$31,$D6)))*((ROW('Reparto de brigadas'!$A$4:$A$31)<>ROW($A6))))>0))),3,0) | L6: =$G6&CHAR(31)&$F6&CHAR(31)&$E6 | M6: =$D6&CHAR(31)&$E6&CHAR(31)&$G6
A7: C212 | B7: CC-2 | C7: 20 | D7: Prof. Benitez | E7: 11 a.m. | F7: Pista 2 | G7: =IF(AND($A7=""),"",IF(ISNA(MATCH(1,INDEX(EXACT('Anos de carrera'!$A$4:$A$29,$B7)*1*((('Anos de carrera'!$A$4:$A$29<>""))>0),0),0)),"",IF(ISBLANK(INDEX('Anos de carrera'!$C$4:$C$29,MATCH(1,INDEX(EXACT('Anos de carrera'!$A$4:$A$29,$B7)*1*((('Anos de carrera'!$A$4:$A$29<>""))>0),0),0))),"",INDEX('Anos de carrera'!$C$4:$C$29,MATCH(1,INDEX(EXACT('Anos de carrera'!$A$4:$A$29,$B7)*1*((('Anos de carrera'!$A$4:$A$29<>""))>0),0),0))))) | H7: =IF(AND($A7=""),"",IF(ISNA(MATCH(1,INDEX(EXACT('Instalaciones'!$A$4:$A$27,$F7)*1*((('Instalaciones'!$A$4:$A$27<>""))>0),0),0)),0,IF(ISBLANK(INDEX('Instalaciones'!$B$4:$B$27,MATCH(1,INDEX(EXACT('Instalaciones'!$A$4:$A$27,$F7)*1*((('Instalaciones'!$A$4:$A$27<>""))>0),0),0))),"",INDEX('Instalaciones'!$B$4:$B$27,MATCH(1,INDEX(EXACT('Instalaciones'!$A$4:$A$27,$F7)*1*((('Instalaciones'!$A$4:$A$27<>""))>0),0),0))))) | I7: =IF(AND($A7=""),"",IF(($E7=""),"",IF(EXACT(IF(ISNA(MATCH(1,INDEX(1*((('Horarios disponibles por ano'!$A$4:$A$34<>"")+('Horarios disponibles por ano'!$B$4:$B$34<>""))>0)*(EXACT('Horarios disponibles por ano'!$A$4:$A$34,$B7))*(EXACT('Horarios disponibles por ano'!$B$4:$B$34,$E7)),0),0)),"",IF(ISBLANK(INDEX('Horarios disponibles por ano'!$B$4:$B$34,MATCH(1,INDEX(1*((('Horarios disponibles por ano'!$A$4:$A$34<>"")+('Horarios disponibles por ano'!$B$4:$B$34<>""))>0)*(EXACT('Horarios disponibles por ano'!$A$4:$A$34,$B7))*(EXACT('Horarios disponibles por ano'!$B$4:$B$34,$E7)),0),0))),"",INDEX('Horarios disponibles por ano'!$B$4:$B$34,MATCH(1,INDEX(1*((('Horarios disponibles por ano'!$A$4:$A$34<>"")+('Horarios disponibles por ano'!$B$4:$B$34<>""))>0)*(EXACT('Horarios disponibles por ano'!$A$4:$A$34,$B7))*(EXACT('Horarios disponibles por ano'!$B$4:$B$34,$E7)),0),0)))),""),"no","si"))) | J7: =IF(AND($A7=""),"",MID(IF(OR(($E7=""),($F7="")),"; "&"Esta brigada todavia no tiene clase esta semana","")&IF(EXACT($I7,"no"),"; "&"Su ano no tiene este horario disponible","")&IF(AND(NOT(($F7="")),(IFERROR(VALUE($H7&""),0)<IFERROR(VALUE($C7&""),0))),"; "&IF(ISNUMBER(("La instalacion es para "&IF(ISNUMBER($H7),IF($H7=0,"0",ROUND($H7,9-INT(LOG10(ABS($H7))))&""),$H7&"")&" personas y la brigada tiene "&IF(ISNUMBER($C7),IF($C7=0,"0",ROUND($C7,9-INT(LOG10(ABS($C7))))&""),$C7&""))),IF(("La instalacion es para "&IF(ISNUMBER($H7),IF($H7=0,"0",ROUND($H7,9-INT(LOG10(ABS($H7))))&""),$H7&"")&" personas y la brigada tiene "&IF(ISNUMBER($C7),IF($C7=0,"0",ROUND($C7,9-INT(LOG10(ABS($C7))))&""),$C7&""))=0,"0",ROUND(("La instalacion es para "&IF(ISNUMBER($H7),IF($H7=0,"0",ROUND($H7,9-INT(LOG10(ABS($H7))))&""),$H7&"")&" personas y la brigada tiene "&IF(ISNUMBER($C7),IF($C7=0,"0",ROUND($C7,9-INT(LOG10(ABS($C7))))&""),$C7&"")),9-INT(LOG10(ABS(("La instalacion es para "&IF(ISNUMBER($H7),IF($H7=0,"0",ROUND($H7,9-INT(LOG10(ABS($H7))))&""),$H7&"")&" personas y la brigada tiene "&IF(ISNUMBER($C7),IF($C7=0,"0",ROUND($C7,9-INT(LOG10(ABS($C7))))&""),$C7&""))))))&""),("La instalacion es para "&IF(ISNUMBER($H7),IF($H7=0,"0",ROUND($H7,9-INT(LOG10(ABS($H7))))&""),$H7&"")&" personas y la brigada tiene "&IF(ISNUMBER($C7),IF($C7=0,"0",ROUND($C7,9-INT(LOG10(ABS($C7))))&""),$C7&""))&""),"")&IF(AND(NOT(($F7="")),NOT(($E7="")),(SUMPRODUCT(1*(((('Reparto de brigadas'!$A$4:$A$31<>""))>0))*((EXACT('Reparto de brigadas'!$G$4:$G$31,$G7)))*((EXACT('Reparto de brigadas'!$E$4:$E$31,$E7)))*((EXACT('Reparto de brigadas'!$F$4:$F$31,$F7)))*((ROW('Reparto de brigadas'!$A$4:$A$31)<>ROW($A7))))>0)),"; "&"Otra brigada usa esta instalacion en ese horario y esa semana","")&IF(AND(NOT(($E7="")),(SUMPRODUCT(1*(((('Reparto de brigadas'!$A$4:$A$31<>""))>0))*((EXACT('Reparto de brigadas'!$G$4:$G$31,$G7)))*((EXACT('Reparto de brigadas'!$E$4:$E$31,$E7)))*((EXACT('Reparto de brigadas'!$D$4:$D$31,$D7)))*((ROW('Reparto de brigadas'!$A$4:$A$31)<>ROW($A7))))>0)),"; "&"Este profesor tiene otra brigada en ese horario y esa semana",""),3,32767)) | K7: =IF(OR(OR(($E7=""),($F7="")),EXACT($I7,"no"),AND(NOT(($F7="")),(IFERROR(VALUE($H7&""),0)<IFERROR(VALUE($C7&""),0))),AND(NOT(($F7="")),NOT(($E7="")),(SUMPRODUCT(1*(((('Reparto de brigadas'!$A$4:$A$31<>""))>0))*((EXACT('Reparto de brigadas'!$G$4:$G$31,$G7)))*((EXACT('Reparto de brigadas'!$E$4:$E$31,$E7)))*((EXACT('Reparto de brigadas'!$F$4:$F$31,$F7)))*((ROW('Reparto de brigadas'!$A$4:$A$31)<>ROW($A7))))>0)),AND(NOT(($E7="")),(SUMPRODUCT(1*(((('Reparto de brigadas'!$A$4:$A$31<>""))>0))*((EXACT('Reparto de brigadas'!$G$4:$G$31,$G7)))*((EXACT('Reparto de brigadas'!$E$4:$E$31,$E7)))*((EXACT('Reparto de brigadas'!$D$4:$D$31,$D7)))*((ROW('Reparto de brigadas'!$A$4:$A$31)<>ROW($A7))))>0))),3,0) | L7: =$G7&CHAR(31)&$F7&CHAR(31)&$E7 | M7: =$D7&CHAR(31)&$E7&CHAR(31)&$G7
A8: M11 | B8: MAT-1 | C8: 30 | D8: Prof. Castro | E8: 10 a.m. | F8: Pista 2 | G8: =IF(AND($A8=""),"",IF(ISNA(MATCH(1,INDEX(EXACT('Anos de carrera'!$A$4:$A$29,$B8)*1*((('Anos de carrera'!$A$4:$A$29<>""))>0),0),0)),"",IF(ISBLANK(INDEX('Anos de carrera'!$C$4:$C$29,MATCH(1,INDEX(EXACT('Anos de carrera'!$A$4:$A$29,$B8)*1*((('Anos de carrera'!$A$4:$A$29<>""))>0),0),0))),"",INDEX('Anos de carrera'!$C$4:$C$29,MATCH(1,INDEX(EXACT('Anos de carrera'!$A$4:$A$29,$B8)*1*((('Anos de carrera'!$A$4:$A$29<>""))>0),0),0))))) | H8: =IF(AND($A8=""),"",IF(ISNA(MATCH(1,INDEX(EXACT('Instalaciones'!$A$4:$A$27,$F8)*1*((('Instalaciones'!$A$4:$A$27<>""))>0),0),0)),0,IF(ISBLANK(INDEX('Instalaciones'!$B$4:$B$27,MATCH(1,INDEX(EXACT('Instalaciones'!$A$4:$A$27,$F8)*1*((('Instalaciones'!$A$4:$A$27<>""))>0),0),0))),"",INDEX('Instalaciones'!$B$4:$B$27,MATCH(1,INDEX(EXACT('Instalaciones'!$A$4:$A$27,$F8)*1*((('Instalaciones'!$A$4:$A$27<>""))>0),0),0))))) | I8: =IF(AND($A8=""),"",IF(($E8=""),"",IF(EXACT(IF(ISNA(MATCH(1,INDEX(1*((('Horarios disponibles por ano'!$A$4:$A$34<>"")+('Horarios disponibles por ano'!$B$4:$B$34<>""))>0)*(EXACT('Horarios disponibles por ano'!$A$4:$A$34,$B8))*(EXACT('Horarios disponibles por ano'!$B$4:$B$34,$E8)),0),0)),"",IF(ISBLANK(INDEX('Horarios disponibles por ano'!$B$4:$B$34,MATCH(1,INDEX(1*((('Horarios disponibles por ano'!$A$4:$A$34<>"")+('Horarios disponibles por ano'!$B$4:$B$34<>""))>0)*(EXACT('Horarios disponibles por ano'!$A$4:$A$34,$B8))*(EXACT('Horarios disponibles por ano'!$B$4:$B$34,$E8)),0),0))),"",INDEX('Horarios disponibles por ano'!$B$4:$B$34,MATCH(1,INDEX(1*((('Horarios disponibles por ano'!$A$4:$A$34<>"")+('Horarios disponibles por ano'!$B$4:$B$34<>""))>0)*(EXACT('Horarios disponibles por ano'!$A$4:$A$34,$B8))*(EXACT('Horarios disponibles por ano'!$B$4:$B$34,$E8)),0),0)))),""),"no","si"))) | J8: =IF(AND($A8=""),"",MID(IF(OR(($E8=""),($F8="")),"; "&"Esta brigada todavia no tiene clase esta semana","")&IF(EXACT($I8,"no"),"; "&"Su ano no tiene este horario disponible","")&IF(AND(NOT(($F8="")),(IFERROR(VALUE($H8&""),0)<IFERROR(VALUE($C8&""),0))),"; "&IF(ISNUMBER(("La instalacion es para "&IF(ISNUMBER($H8),IF($H8=0,"0",ROUND($H8,9-INT(LOG10(ABS($H8))))&""),$H8&"")&" personas y la brigada tiene "&IF(ISNUMBER($C8),IF($C8=0,"0",ROUND($C8,9-INT(LOG10(ABS($C8))))&""),$C8&""))),IF(("La instalacion es para "&IF(ISNUMBER($H8),IF($H8=0,"0",ROUND($H8,9-INT(LOG10(ABS($H8))))&""),$H8&"")&" personas y la brigada tiene "&IF(ISNUMBER($C8),IF($C8=0,"0",ROUND($C8,9-INT(LOG10(ABS($C8))))&""),$C8&""))=0,"0",ROUND(("La instalacion es para "&IF(ISNUMBER($H8),IF($H8=0,"0",ROUND($H8,9-INT(LOG10(ABS($H8))))&""),$H8&"")&" personas y la brigada tiene "&IF(ISNUMBER($C8),IF($C8=0,"0",ROUND($C8,9-INT(LOG10(ABS($C8))))&""),$C8&"")),9-INT(LOG10(ABS(("La instalacion es para "&IF(ISNUMBER($H8),IF($H8=0,"0",ROUND($H8,9-INT(LOG10(ABS($H8))))&""),$H8&"")&" personas y la brigada tiene "&IF(ISNUMBER($C8),IF($C8=0,"0",ROUND($C8,9-INT(LOG10(ABS($C8))))&""),$C8&""))))))&""),("La instalacion es para "&IF(ISNUMBER($H8),IF($H8=0,"0",ROUND($H8,9-INT(LOG10(ABS($H8))))&""),$H8&"")&" personas y la brigada tiene "&IF(ISNUMBER($C8),IF($C8=0,"0",ROUND($C8,9-INT(LOG10(ABS($C8))))&""),$C8&""))&""),"")&IF(AND(NOT(($F8="")),NOT(($E8="")),(SUMPRODUCT(1*(((('Reparto de brigadas'!$A$4:$A$31<>""))>0))*((EXACT('Reparto de brigadas'!$G$4:$G$31,$G8)))*((EXACT('Reparto de brigadas'!$E$4:$E$31,$E8)))*((EXACT('Reparto de brigadas'!$F$4:$F$31,$F8)))*((ROW('Reparto de brigadas'!$A$4:$A$31)<>ROW($A8))))>0)),"; "&"Otra brigada usa esta instalacion en ese horario y esa semana","")&IF(AND(NOT(($E8="")),(SUMPRODUCT(1*(((('Reparto de brigadas'!$A$4:$A$31<>""))>0))*((EXACT('Reparto de brigadas'!$G$4:$G$31,$G8)))*((EXACT('Reparto de brigadas'!$E$4:$E$31,$E8)))*((EXACT('Reparto de brigadas'!$D$4:$D$31,$D8)))*((ROW('Reparto de brigadas'!$A$4:$A$31)<>ROW($A8))))>0)),"; "&"Este profesor tiene otra brigada en ese horario y esa semana",""),3,32767)) | K8: =IF(OR(OR(($E8=""),($F8="")),EXACT($I8,"no"),AND(NOT(($F8="")),(IFERROR(VALUE($H8&""),0)<IFERROR(VALUE($C8&""),0))),AND(NOT(($F8="")),NOT(($E8="")),(SUMPRODUCT(1*(((('Reparto de brigadas'!$A$4:$A$31<>""))>0))*((EXACT('Reparto de brigadas'!$G$4:$G$31,$G8)))*((EXACT('Reparto de brigadas'!$E$4:$E$31,$E8)))*((EXACT('Reparto de brigadas'!$F$4:$F$31,$F8)))*((ROW('Reparto de brigadas'!$A$4:$A$31)<>ROW($A8))))>0)),AND(NOT(($E8="")),(SUMPRODUCT(1*(((('Reparto de brigadas'!$A$4:$A$31<>""))>0))*((EXACT('Reparto de brigadas'!$G$4:$G$31,$G8)))*((EXACT('Reparto de brigadas'!$E$4:$E$31,$E8)))*((EXACT('Reparto de brigadas'!$D$4:$D$31,$D8)))*((ROW('Reparto de brigadas'!$A$4:$A$31)<>ROW($A8))))>0))),3,0) | L8: =$G8&CHAR(31)&$F8&CHAR(31)&$E8 | M8: =$D8&CHAR(31)&$E8&CHAR(31)&$G8
A9: M21 | B9: MAT-2 | C9: 18 | D9: Prof. Castro | E9: 11 a.m. | F9: Pista 2 | G9: =IF(AND($A9=""),"",IF(ISNA(MATCH(1,INDEX(EXACT('Anos de carrera'!$A$4:$A$29,$B9)*1*((('Anos de carrera'!$A$4:$A$29<>""))>0),0),0)),"",IF(ISBLANK(INDEX('Anos de carrera'!$C$4:$C$29,MATCH(1,INDEX(EXACT('Anos de carrera'!$A$4:$A$29,$B9)*1*((('Anos de carrera'!$A$4:$A$29<>""))>0),0),0))),"",INDEX('Anos de carrera'!$C$4:$C$29,MATCH(1,INDEX(EXACT('Anos de carrera'!$A$4:$A$29,$B9)*1*((('Anos de carrera'!$A$4:$A$29<>""))>0),0),0))))) | H9: =IF(AND($A9=""),"",IF(ISNA(MATCH(1,INDEX(EXACT('Instalaciones'!$A$4:$A$27,$F9)*1*((('Instalaciones'!$A$4:$A$27<>""))>0),0),0)),0,IF(ISBLANK(INDEX('Instalaciones'!$B$4:$B$27,MATCH(1,INDEX(EXACT('Instalaciones'!$A$4:$A$27,$F9)*1*((('Instalaciones'!$A$4:$A$27<>""))>0),0),0))),"",INDEX('Instalaciones'!$B$4:$B$27,MATCH(1,INDEX(EXACT('Instalaciones'!$A$4:$A$27,$F9)*1*((('Instalaciones'!$A$4:$A$27<>""))>0),0),0))))) | I9: =IF(AND($A9=""),"",IF(($E9=""),"",IF(EXACT(IF(ISNA(MATCH(1,INDEX(1*((('Horarios disponibles por ano'!$A$4:$A$34<>"")+('Horarios disponibles por ano'!$B$4:$B$34<>""))>0)*(EXACT('Horarios disponibles por ano'!$A$4:$A$34,$B9))*(EXACT('Horarios disponibles por ano'!$B$4:$B$34,$E9)),0),0)),"",IF(ISBLANK(INDEX('Horarios disponibles por ano'!$B$4:$B$34,MATCH(1,INDEX(1*((('Horarios disponibles por ano'!$A$4:$A$34<>"")+('Horarios disponibles por ano'!$B$4:$B$34<>""))>0)*(EXACT('Horarios disponibles por ano'!$A$4:$A$34,$B9))*(EXACT('Horarios disponibles por ano'!$B$4:$B$34,$E9)),0),0))),"",INDEX('Horarios disponibles por ano'!$B$4:$B$34,MATCH(1,INDEX(1*((('Horarios disponibles por ano'!$A$4:$A$34<>"")+('Horarios disponibles por ano'!$B$4:$B$34<>""))>0)*(EXACT('Horarios disponibles por ano'!$A$4:$A$34,$B9))*(EXACT('Horarios disponibles por ano'!$B$4:$B$34,$E9)),0),0)))),""),"no","si"))) | J9: =IF(AND($A9=""),"",MID(IF(OR(($E9=""),($F9="")),"; "&"Esta brigada todavia no tiene clase esta semana","")&IF(EXACT($I9,"no"),"; "&"Su ano no tiene este horario disponible","")&IF(AND(NOT(($F9="")),(IFERROR(VALUE($H9&""),0)<IFERROR(VALUE($C9&""),0))),"; "&IF(ISNUMBER(("La instalacion es para "&IF(ISNUMBER($H9),IF($H9=0,"0",ROUND($H9,9-INT(LOG10(ABS($H9))))&""),$H9&"")&" personas y la brigada tiene "&IF(ISNUMBER($C9),IF($C9=0,"0",ROUND($C9,9-INT(LOG10(ABS($C9))))&""),$C9&""))),IF(("La instalacion es para "&IF(ISNUMBER($H9),IF($H9=0,"0",ROUND($H9,9-INT(LOG10(ABS($H9))))&""),$H9&"")&" personas y la brigada tiene "&IF(ISNUMBER($C9),IF($C9=0,"0",ROUND($C9,9-INT(LOG10(ABS($C9))))&""),$C9&""))=0,"0",ROUND(("La instalacion es para "&IF(ISNUMBER($H9),IF($H9=0,"0",ROUND($H9,9-INT(LOG10(ABS($H9))))&""),$H9&"")&" personas y la brigada tiene "&IF(ISNUMBER($C9),IF($C9=0,"0",ROUND($C9,9-INT(LOG10(ABS($C9))))&""),$C9&"")),9-INT(LOG10(ABS(("La instalacion es para "&IF(ISNUMBER($H9),IF($H9=0,"0",ROUND($H9,9-INT(LOG10(ABS($H9))))&""),$H9&"")&" personas y la brigada tiene "&IF(ISNUMBER($C9),IF($C9=0,"0",ROUND($C9,9-INT(LOG10(ABS($C9))))&""),$C9&""))))))&""),("La instalacion es para "&IF(ISNUMBER($H9),IF($H9=0,"0",ROUND($H9,9-INT(LOG10(ABS($H9))))&""),$H9&"")&" personas y la brigada tiene "&IF(ISNUMBER($C9),IF($C9=0,"0",ROUND($C9,9-INT(LOG10(ABS($C9))))&""),$C9&""))&""),"")&IF(AND(NOT(($F9="")),NOT(($E9="")),(SUMPRODUCT(1*(((('Reparto de brigadas'!$A$4:$A$31<>""))>0))*((EXACT('Reparto de brigadas'!$G$4:$G$31,$G9)))*((EXACT('Reparto de brigadas'!$E$4:$E$31,$E9)))*((EXACT('Reparto de brigadas'!$F$4:$F$31,$F9)))*((ROW('Reparto de brigadas'!$A$4:$A$31)<>ROW($A9))))>0)),"; "&"Otra brigada usa esta instalacion en ese horario y esa semana","")&IF(AND(NOT(($E9="")),(SUMPRODUCT(1*(((('Reparto de brigadas'!$A$4:$A$31<>""))>0))*((EXACT('Reparto de brigadas'!$G$4:$G$31,$G9)))*((EXACT('Reparto de brigadas'!$E$4:$E$31,$E9)))*((EXACT('Reparto de brigadas'!$D$4:$D$31,$D9)))*((ROW('Reparto de brigadas'!$A$4:$A$31)<>ROW($A9))))>0)),"; "&"Este profesor tiene otra brigada en ese horario y esa semana",""),3,32767)) | K9: =IF(OR(OR(($E9=""),($F9="")),EXACT($I9,"no"),AND(NOT(($F9="")),(IFERROR(VALUE($H9&""),0)<IFERROR(VALUE($C9&""),0))),AND(NOT(($F9="")),NOT(($E9="")),(SUMPRODUCT(1*(((('Reparto de brigadas'!$A$4:$A$31<>""))>0))*((EXACT('Reparto de brigadas'!$G$4:$G$31,$G9)))*((EXACT('Reparto de brigadas'!$E$4:$E$31,$E9)))*((EXACT('Reparto de brigadas'!$F$4:$F$31,$F9)))*((ROW('Reparto de brigadas'!$A$4:$A$31)<>ROW($A9))))>0)),AND(NOT(($E9="")),(SUMPRODUCT(1*(((('Reparto de brigadas'!$A$4:$A$31<>""))>0))*((EXACT('Reparto de brigadas'!$G$4:$G$31,$G9)))*((EXACT('Reparto de brigadas'!$E$4:$E$31,$E9)))*((EXACT('Reparto de brigadas'!$D$4:$D$31,$D9)))*((ROW('Reparto de brigadas'!$A$4:$A$31)<>ROW($A9))))>0))),3,0) | L9: =$G9&CHAR(31)&$F9&CHAR(31)&$E9 | M9: =$D9&CHAR(31)&$E9&CHAR(31)&$G9
A10: F11 | B10: FIS-1 | C10: 15 | D10: Prof. Alvarez | E10: 10 a.m. | F10: Piscina | G10: =IF(AND($A10=""),"",IF(ISNA(MATCH(1,INDEX(EXACT('Anos de carrera'!$A$4:$A$29,$B10)*1*((('Anos de carrera'!$A$4:$A$29<>""))>0),0),0)),"",IF(ISBLANK(INDEX('Anos de carrera'!$C$4:$C$29,MATCH(1,INDEX(EXACT('Anos de carrera'!$A$4:$A$29,$B10)*1*((('Anos de carrera'!$A$4:$A$29<>""))>0),0),0))),"",INDEX('Anos de carrera'!$C$4:$C$29,MATCH(1,INDEX(EXACT('Anos de carrera'!$A$4:$A$29,$B10)*1*((('Anos de carrera'!$A$4:$A$29<>""))>0),0),0))))) | H10: =IF(AND($A10=""),"",IF(ISNA(MATCH(1,INDEX(EXACT('Instalaciones'!$A$4:$A$27,$F10)*1*((('Instalaciones'!$A$4:$A$27<>""))>0),0),0)),0,IF(ISBLANK(INDEX('Instalaciones'!$B$4:$B$27,MATCH(1,INDEX(EXACT('Instalaciones'!$A$4:$A$27,$F10)*1*((('Instalaciones'!$A$4:$A$27<>""))>0),0),0))),"",INDEX('Instalaciones'!$B$4:$B$27,MATCH(1,INDEX(EXACT('Instalaciones'!$A$4:$A$27,$F10)*1*((('Instalaciones'!$A$4:$A$27<>""))>0),0),0))))) | I10: =IF(AND($A10=""),"",IF(($E10=""),"",IF(EXACT(IF(ISNA(MATCH(1,INDEX(1*((('Horarios disponibles por ano'!$A$4:$A$34<>"")+('Horarios disponibles por ano'!$B$4:$B$34<>""))>0)*(EXACT('Horarios disponibles por ano'!$A$4:$A$34,$B10))*(EXACT('Horarios disponibles por ano'!$B$4:$B$34,$E10)),0),0)),"",IF(ISBLANK(INDEX('Horarios disponibles por ano'!$B$4:$B$34,MATCH(1,INDEX(1*((('Horarios disponibles por ano'!$A$4:$A$34<>"")+('Horarios disponibles por ano'!$B$4:$B$34<>""))>0)*(EXACT('Horarios disponibles por ano'!$A$4:$A$34,$B10))*(EXACT('Horarios disponibles por ano'!$B$4:$B$34,$E10)),0),0))),"",INDEX('Horarios disponibles por ano'!$B$4:$B$34,MATCH(1,INDEX(1*((('Horarios disponibles por ano'!$A$4:$A$34<>"")+('Horarios disponibles por ano'!$B$4:$B$34<>""))>0)*(EXACT('Horarios disponibles por ano'!$A$4:$A$34,$B10))*(EXACT('Horarios disponibles por ano'!$B$4:$B$34,$E10)),0),0)))),""),"no","si"))) | J10: =IF(AND($A10=""),"",MID(IF(OR(($E10=""),($F10="")),"; "&"Esta brigada todavia no tiene clase esta semana","")&IF(EXACT($I10,"no"),"; "&"Su ano no tiene este horario disponible","")&IF(AND(NOT(($F10="")),(IFERROR(VALUE($H10&""),0)<IFERROR(VALUE($C10&""),0))),"; "&IF(ISNUMBER(("La instalacion es para "&IF(ISNUMBER($H10),IF($H10=0,"0",ROUND($H10,9-INT(LOG10(ABS($H10))))&""),$H10&"")&" personas y la brigada tiene "&IF(ISNUMBER($C10),IF($C10=0,"0",ROUND($C10,9-INT(LOG10(ABS($C10))))&""),$C10&""))),IF(("La instalacion es para "&IF(ISNUMBER($H10),IF($H10=0,"0",ROUND($H10,9-INT(LOG10(ABS($H10))))&""),$H10&"")&" personas y la brigada tiene "&IF(ISNUMBER($C10),IF($C10=0,"0",ROUND($C10,9-INT(LOG10(ABS($C10))))&""),$C10&""))=0,"0",ROUND(("La instalacion es para "&IF(ISNUMBER($H10),IF($H10=0,"0",ROUND($H10,9-INT(LOG10(ABS($H10))))&""),$H10&"")&" personas y la brigada tiene "&IF(ISNUMBER($C10),IF($C10=0,"0",ROUND($C10,9-INT(LOG10(ABS($C10))))&""),$C10&"")),9-INT(LOG10(ABS(("La instalacion es para "&IF(ISNUMBER($H10),IF($H10=0,"0",ROUND($H10,9-INT(LOG10(ABS($H10))))&""),$H10&"")&" personas y la brigada tiene "&IF(ISNUMBER($C10),IF($C10=0,"0",ROUND($C10,9-INT(LOG10(ABS($C10))))&""),$C10&""))))))&""),("La instalacion es para "&IF(ISNUMBER($H10),IF($H10=0,"0",ROUND($H10,9-INT(LOG10(ABS($H10))))&""),$H10&"")&" personas y la brigada tiene "&IF(ISNUMBER($C10),IF($C10=0,"0",ROUND($C10,9-INT(LOG10(ABS($C10))))&""),$C10&""))&""),"")&IF(AND(NOT(($F10="")),NOT(($E10="")),(SUMPRODUCT(1*(((('Reparto de brigadas'!$A$4:$A$31<>""))>0))*((EXACT('Reparto de brigadas'!$G$4:$G$31,$G10)))*((EXACT('Reparto de brigadas'!$E$4:$E$31,$E10)))*((EXACT('Reparto de brigadas'!$F$4:$F$31,$F10)))*((ROW('Reparto de brigadas'!$A$4:$A$31)<>ROW($A10))))>0)),"; "&"Otra brigada usa esta instalacion en ese horario y esa semana","")&IF(AND(NOT(($E10="")),(SUMPRODUCT(1*(((('Reparto de brigadas'!$A$4:$A$31<>""))>0))*((EXACT('Reparto de brigadas'!$G$4:$G$31,$G10)))*((EXACT('Reparto de brigadas'!$E$4:$E$31,$E10)))*((EXACT('Reparto de brigadas'!$D$4:$D$31,$D10)))*((ROW('Reparto de brigadas'!$A$4:$A$31)<>ROW($A10))))>0)),"; "&"Este profesor tiene otra brigada en ese horario y esa semana",""),3,32767)) | K10: =IF(OR(OR(($E10=""),($F10="")),EXACT($I10,"no"),AND(NOT(($F10="")),(IFERROR(VALUE($H10&""),0)<IFERROR(VALUE($C10&""),0))),AND(NOT(($F10="")),NOT(($E10="")),(SUMPRODUCT(1*(((('Reparto de brigadas'!$A$4:$A$31<>""))>0))*((EXACT('Reparto de brigadas'!$G$4:$G$31,$G10)))*((EXACT('Reparto de brigadas'!$E$4:$E$31,$E10)))*((EXACT('Reparto de brigadas'!$F$4:$F$31,$F10)))*((ROW('Reparto de brigadas'!$A$4:$A$31)<>ROW($A10))))>0)),AND(NOT(($E10="")),(SUMPRODUCT(1*(((('Reparto de brigadas'!$A$4:$A$31<>""))>0))*((EXACT('Reparto de brigadas'!$G$4:$G$31,$G10)))*((EXACT('Reparto de brigadas'!$E$4:$E$31,$E10)))*((EXACT('Reparto de brigadas'!$D$4:$D$31,$D10)))*((ROW('Reparto de brigadas'!$A$4:$A$31)<>ROW($A10))))>0))),3,0) | L10: =$G10&CHAR(31)&$F10&CHAR(31)&$E10 | M10: =$D10&CHAR(31)&$E10&CHAR(31)&$G10
A11: F21 | B11: FIS-2 | C11: 12 | D11: Prof. Diaz | G11: =IF(AND($A11=""),"",IF(ISNA(MATCH(1,INDEX(EXACT('Anos de carrera'!$A$4:$A$29,$B11)*1*((('Anos de carrera'!$A$4:$A$29<>""))>0),0),0)),"",IF(ISBLANK(INDEX('Anos de carrera'!$C$4:$C$29,MATCH(1,INDEX(EXACT('Anos de carrera'!$A$4:$A$29,$B11)*1*((('Anos de carrera'!$A$4:$A$29<>""))>0),0),0))),"",INDEX('Anos de carrera'!$C$4:$C$29,MATCH(1,INDEX(EXACT('Anos de carrera'!$A$4:$A$29,$B11)*1*((('Anos de carrera'!$A$4:$A$29<>""))>0),0),0))))) | H11: =IF(AND($A11=""),"",IF(ISNA(MATCH(1,INDEX(EXACT('Instalaciones'!$A$4:$A$27,$F11)*1*((('Instalaciones'!$A$4:$A$27<>""))>0),0),0)),0,IF(ISBLANK(INDEX('Instalaciones'!$B$4:$B$27,MATCH(1,INDEX(EXACT('Instalaciones'!$A$4:$A$27,$F11)*1*((('Instalaciones'!$A$4:$A$27<>""))>0),0),0))),"",INDEX('Instalaciones'!$B$4:$B$27,MATCH(1,INDEX(EXACT('Instalaciones'!$A$4:$A$27,$F11)*1*((('Instalaciones'!$A$4:$A$27<>""))>0),0),0))))) | I11: =IF(AND($A11=""),"",IF(($E11=""),"",IF(EXACT(IF(ISNA(MATCH(1,INDEX(1*((('Horarios disponibles por ano'!$A$4:$A$34<>"")+('Horarios disponibles por ano'!$B$4:$B$34<>""))>0)*(EXACT('Horarios disponibles por ano'!$A$4:$A$34,$B11))*(EXACT('Horarios disponibles por ano'!$B$4:$B$34,$E11)),0),0)),"",IF(ISBLANK(INDEX('Horarios disponibles por ano'!$B$4:$B$34,MATCH(1,INDEX(1*((('Horarios disponibles por ano'!$A$4:$A$34<>"")+('Horarios disponibles por ano'!$B$4:$B$34<>""))>0)*(EXACT('Horarios disponibles por ano'!$A$4:$A$34,$B11))*(EXACT('Horarios disponibles por ano'!$B$4:$B$34,$E11)),0),0))),"",INDEX('Horarios disponibles por ano'!$B$4:$B$34,MATCH(1,INDEX(1*((('Horarios disponibles por ano'!$A$4:$A$34<>"")+('Horarios disponibles por ano'!$B$4:$B$34<>""))>0)*(EXACT('Horarios disponibles por ano'!$A$4:$A$34,$B11))*(EXACT('Horarios disponibles por ano'!$B$4:$B$34,$E11)),0),0)))),""),"no","si"))) | J11: =IF(AND($A11=""),"",MID(IF(OR(($E11=""),($F11="")),"; "&"Esta brigada todavia no tiene clase esta semana","")&IF(EXACT($I11,"no"),"; "&"Su ano no tiene este horario disponible","")&IF(AND(NOT(($F11="")),(IFERROR(VALUE($H11&""),0)<IFERROR(VALUE($C11&""),0))),"; "&IF(ISNUMBER(("La instalacion es para "&IF(ISNUMBER($H11),IF($H11=0,"0",ROUND($H11,9-INT(LOG10(ABS($H11))))&""),$H11&"")&" personas y la brigada tiene "&IF(ISNUMBER($C11),IF($C11=0,"0",ROUND($C11,9-INT(LOG10(ABS($C11))))&""),$C11&""))),IF(("La instalacion es para "&IF(ISNUMBER($H11),IF($H11=0,"0",ROUND($H11,9-INT(LOG10(ABS($H11))))&""),$H11&"")&" personas y la brigada tiene "&IF(ISNUMBER($C11),IF($C11=0,"0",ROUND($C11,9-INT(LOG10(ABS($C11))))&""),$C11&""))=0,"0",ROUND(("La instalacion es para "&IF(ISNUMBER($H11),IF($H11=0,"0",ROUND($H11,9-INT(LOG10(ABS($H11))))&""),$H11&"")&" personas y la brigada tiene "&IF(ISNUMBER($C11),IF($C11=0,"0",ROUND($C11,9-INT(LOG10(ABS($C11))))&""),$C11&"")),9-INT(LOG10(ABS(("La instalacion es para "&IF(ISNUMBER($H11),IF($H11=0,"0",ROUND($H11,9-INT(LOG10(ABS($H11))))&""),$H11&"")&" personas y la brigada tiene "&IF(ISNUMBER($C11),IF($C11=0,"0",ROUND($C11,9-INT(LOG10(ABS($C11))))&""),$C11&""))))))&""),("La instalacion es para "&IF(ISNUMBER($H11),IF($H11=0,"0",ROUND($H11,9-INT(LOG10(ABS($H11))))&""),$H11&"")&" personas y la brigada tiene "&IF(ISNUMBER($C11),IF($C11=0,"0",ROUND($C11,9-INT(LOG10(ABS($C11))))&""),$C11&""))&""),"")&IF(AND(NOT(($F11="")),NOT(($E11="")),(SUMPRODUCT(1*(((('Reparto de brigadas'!$A$4:$A$31<>""))>0))*((EXACT('Reparto de brigadas'!$G$4:$G$31,$G11)))*((EXACT('Reparto de brigadas'!$E$4:$E$31,$E11)))*((EXACT('Reparto de brigadas'!$F$4:$F$31,$F11)))*((ROW('Reparto de brigadas'!$A$4:$A$31)<>ROW($A11))))>0)),"; "&"Otra brigada usa esta instalacion en ese horario y esa semana","")&IF(AND(NOT(($E11="")),(SUMPRODUCT(1*(((('Reparto de brigadas'!$A$4:$A$31<>""))>0))*((EXACT('Reparto de brigadas'!$G$4:$G$31,$G11)))*((EXACT('Reparto de brigadas'!$E$4:$E$31,$E11)))*((EXACT('Reparto de brigadas'!$D$4:$D$31,$D11)))*((ROW('Reparto de brigadas'!$A$4:$A$31)<>ROW($A11))))>0)),"; "&"Este profesor tiene otra brigada en ese horario y esa semana",""),3,32767)) | K11: =IF(OR(OR(($E11=""),($F11="")),EXACT($I11,"no"),AND(NOT(($F11="")),(IFERROR(VALUE($H11&""),0)<IFERROR(VALUE($C11&""),0))),AND(NOT(($F11="")),NOT(($E11="")),(SUMPRODUCT(1*(((('Reparto de brigadas'!$A$4:$A$31<>""))>0))*((EXACT('Reparto de brigadas'!$G$4:$G$31,$G11)))*((EXACT('Reparto de brigadas'!$E$4:$E$31,$E11)))*((EXACT('Reparto de brigadas'!$F$4:$F$31,$F11)))*((ROW('Reparto de brigadas'!$A$4:$A$31)<>ROW($A11))))>0)),AND(NOT(($E11="")),(SUMPRODUCT(1*(((('Reparto de brigadas'!$A$4:$A$31<>""))>0))*((EXACT('Reparto de brigadas'!$G$4:$G$31,$G11)))*((EXACT('Reparto de brigadas'!$E$4:$E$31,$E11)))*((EXACT('Reparto de brigadas'!$D$4:$D$31,$D11)))*((ROW('Reparto de brigadas'!$A$4:$A$31)<>ROW($A11))))>0))),3,0) | L11: =$G11&CHAR(31)&$F11&CHAR(31)&$E11 | M11: =$D11&CHAR(31)&$E11&CHAR(31)&$G11
G12: =IF(AND($A12=""),"",IF(ISNA(MATCH(1,INDEX(EXACT('Anos de carrera'!$A$4:$A$29,$B12)*1*((('Anos de carrera'!$A$4:$A$29<>""))>0),0),0)),"",IF(ISBLANK(INDEX('Anos de carrera'!$C$4:$C$29,MATCH(1,INDEX(EXACT('Anos de carrera'!$A$4:$A$29,$B12)*1*((('Anos de carrera'!$A$4:$A$29<>""))>0),0),0))),"",INDEX('Anos de carrera'!$C$4:$C$29,MATCH(1,INDEX(EXACT('Anos de carrera'!$A$4:$A$29,$B12)*1*((('Anos de carrera'!$A$4:$A$29<>""))>0),0),0))))) | H12: =IF(AND($A12=""),"",IF(ISNA(MATCH(1,INDEX(EXACT('Instalaciones'!$A$4:$A$27,$F12)*1*((('Instalaciones'!$A$4:$A$27<>""))>0),0),0)),0,IF(ISBLANK(INDEX('Instalaciones'!$B$4:$B$27,MATCH(1,INDEX(EXACT('Instalaciones'!$A$4:$A$27,$F12)*1*((('Instalaciones'!$A$4:$A$27<>""))>0),0),0))),"",INDEX('Instalaciones'!$B$4:$B$27,MATCH(1,INDEX(EXACT('Instalaciones'!$A$4:$A$27,$F12)*1*((('Instalaciones'!$A$4:$A$27<>""))>0),0),0))))) | I12: =IF(AND($A12=""),"",IF(($E12=""),"",IF(EXACT(IF(ISNA(MATCH(1,INDEX(1*((('Horarios disponibles por ano'!$A$4:$A$34<>"")+('Horarios disponibles por ano'!$B$4:$B$34<>""))>0)*(EXACT('Horarios disponibles por ano'!$A$4:$A$34,$B12))*(EXACT('Horarios disponibles por ano'!$B$4:$B$34,$E12)),0),0)),"",IF(ISBLANK(INDEX('Horarios disponibles por ano'!$B$4:$B$34,MATCH(1,INDEX(1*((('Horarios disponibles por ano'!$A$4:$A$34<>"")+('Horarios disponibles por ano'!$B$4:$B$34<>""))>0)*(EXACT('Horarios disponibles por ano'!$A$4:$A$34,$B12))*(EXACT('Horarios disponibles por ano'!$B$4:$B$34,$E12)),0),0))),"",INDEX('Horarios disponibles por ano'!$B$4:$B$34,MATCH(1,INDEX(1*((('Horarios disponibles por ano'!$A$4:$A$34<>"")+('Horarios disponibles por ano'!$B$4:$B$34<>""))>0)*(EXACT('Horarios disponibles por ano'!$A$4:$A$34,$B12))*(EXACT('Horarios disponibles por ano'!$B$4:$B$34,$E12)),0),0)))),""),"no","si"))) | J12: =IF(AND($A12=""),"",MID(IF(OR(($E12=""),($F12="")),"; "&"Esta brigada todavia no tiene clase esta semana","")&IF(EXACT($I12,"no"),"; "&"Su ano no tiene este horario disponible","")&IF(AND(NOT(($F12="")),(IFERROR(VALUE($H12&""),0)<IFERROR(VALUE($C12&""),0))),"; "&IF(ISNUMBER(("La instalacion es para "&IF(ISNUMBER($H12),IF($H12=0,"0",ROUND($H12,9-INT(LOG10(ABS($H12))))&""),$H12&"")&" personas y la brigada tiene "&IF(ISNUMBER($C12),IF($C12=0,"0",ROUND($C12,9-INT(LOG10(ABS($C12))))&""),$C12&""))),IF(("La instalacion es para "&IF(ISNUMBER($H12),IF($H12=0,"0",ROUND($H12,9-INT(LOG10(ABS($H12))))&""),$H12&"")&" personas y la brigada tiene "&IF(ISNUMBER($C12),IF($C12=0,"0",ROUND($C12,9-INT(LOG10(ABS($C12))))&""),$C12&""))=0,"0",ROUND(("La instalacion es para "&IF(ISNUMBER($H12),IF($H12=0,"0",ROUND($H12,9-INT(LOG10(ABS($H12))))&""),$H12&"")&" personas y la brigada tiene "&IF(ISNUMBER($C12),IF($C12=0,"0",ROUND($C12,9-INT(LOG10(ABS($C12))))&""),$C12&"")),9-INT(LOG10(ABS(("La instalacion es para "&IF(ISNUMBER($H12),IF($H12=0,"0",ROUND($H12,9-INT(LOG10(ABS($H12))))&""),$H12&"")&" personas y la brigada tiene "&IF(ISNUMBER($C12),IF($C12=0,"0",ROUND($C12,9-INT(LOG10(ABS($C12))))&""),$C12&""))))))&""),("La instalacion es para "&IF(ISNUMBER($H12),IF($H12=0,"0",ROUND($H12,9-INT(LOG10(ABS($H12))))&""),$H12&"")&" personas y la brigada tiene "&IF(ISNUMBER($C12),IF($C12=0,"0",ROUND($C12,9-INT(LOG10(ABS($C12))))&""),$C12&""))&""),"")&IF(AND(NOT(($F12="")),NOT(($E12="")),(SUMPRODUCT(1*(((('Reparto de brigadas'!$A$4:$A$31<>""))>0))*((EXACT('Reparto de brigadas'!$G$4:$G$31,$G12)))*((EXACT('Reparto de brigadas'!$E$4:$E$31,$E12)))*((EXACT('Reparto de brigadas'!$F$4:$F$31,$F12)))*((ROW('Reparto de brigadas'!$A$4:$A$31)<>ROW($A12))))>0)),"; "&"Otra brigada usa esta instalacion en ese horario y esa semana","")&IF(AND(NOT(($E12="")),(SUMPRODUCT(1*(((('Reparto de brigadas'!$A$4:$A$31<>""))>0))*((EXACT('Reparto de brigadas'!$G$4:$G$31,$G12)))*((EXACT('Reparto de brigadas'!$E$4:$E$31,$E12)))*((EXACT('Reparto de brigadas'!$D$4:$D$31,$D12)))*((ROW('Reparto de brigadas'!$A$4:$A$31)<>ROW($A12))))>0)),"; "&"Este profesor tiene otra brigada en ese horario y esa semana",""),3,32767)) | K12: =IF(OR(OR(($E12=""),($F12="")),EXACT($I12,"no"),AND(NOT(($F12="")),(IFERROR(VALUE($H12&""),0)<IFERROR(VALUE($C12&""),0))),AND(NOT(($F12="")),NOT(($E12="")),(SUMPRODUCT(1*(((('Reparto de brigadas'!$A$4:$A$31<>""))>0))*((EXACT('Reparto de brigadas'!$G$4:$G$31,$G12)))*((EXACT('Reparto de brigadas'!$E$4:$E$31,$E12)))*((EXACT('Reparto de brigadas'!$F$4:$F$31,$F12)))*((ROW('Reparto de brigadas'!$A$4:$A$31)<>ROW($A12))))>0)),AND(NOT(($E12="")),(SUMPRODUCT(1*(((('Reparto de brigadas'!$A$4:$A$31<>""))>0))*((EXACT('Reparto de brigadas'!$G$4:$G$31,$G12)))*((EXACT('Reparto de brigadas'!$E$4:$E$31,$E12)))*((EXACT('Reparto de brigadas'!$D$4:$D$31,$D12)))*((ROW('Reparto de brigadas'!$A$4:$A$31)<>ROW($A12))))>0))),3,0) | L12: =$G12&CHAR(31)&$F12&CHAR(31)&$E12 | M12: =$D12&CHAR(31)&$E12&CHAR(31)&$G12
G13: =IF(AND($A13=""),"",IF(ISNA(MATCH(1,INDEX(EXACT('Anos de carrera'!$A$4:$A$29,$B13)*1*((('Anos de carrera'!$A$4:$A$29<>""))>0),0),0)),"",IF(ISBLANK(INDEX('Anos de carrera'!$C$4:$C$29,MATCH(1,INDEX(EXACT('Anos de carrera'!$A$4:$A$29,$B13)*1*((('Anos de carrera'!$A$4:$A$29<>""))>0),0),0))),"",INDEX('Anos de carrera'!$C$4:$C$29,MATCH(1,INDEX(EXACT('Anos de carrera'!$A$4:$A$29,$B13)*1*((('Anos de carrera'!$A$4:$A$29<>""))>0),0),0))))) | H13: =IF(AND($A13=""),"",IF(ISNA(MATCH(1,INDEX(EXACT('Instalaciones'!$A$4:$A$27,$F13)*1*((('Instalaciones'!$A$4:$A$27<>""))>0),0),0)),0,IF(ISBLANK(INDEX('Instalaciones'!$B$4:$B$27,MATCH(1,INDEX(EXACT('Instalaciones'!$A$4:$A$27,$F13)*1*((('Instalaciones'!$A$4:$A$27<>""))>0),0),0))),"",INDEX('Instalaciones'!$B$4:$B$27,MATCH(1,INDEX(EXACT('Instalaciones'!$A$4:$A$27,$F13)*1*((('Instalaciones'!$A$4:$A$27<>""))>0),0),0))))) | I13: =IF(AND($A13=""),"",IF(($E13=""),"",IF(EXACT(IF(ISNA(MATCH(1,INDEX(1*((('Horarios disponibles por ano'!$A$4:$A$34<>"")+('Horarios disponibles por ano'!$B$4:$B$34<>""))>0)*(EXACT('Horarios disponibles por ano'!$A$4:$A$34,$B13))*(EXACT('Horarios disponibles por ano'!$B$4:$B$34,$E13)),0),0)),"",IF(ISBLANK(INDEX('Horarios disponibles por ano'!$B$4:$B$34,MATCH(1,INDEX(1*((('Horarios disponibles por ano'!$A$4:$A$34<>"")+('Horarios disponibles por ano'!$B$4:$B$34<>""))>0)*(EXACT('Horarios disponibles por ano'!$A$4:$A$34,$B13))*(EXACT('Horarios disponibles por ano'!$B$4:$B$34,$E13)),0),0))),"",INDEX('Horarios disponibles por ano'!$B$4:$B$34,MATCH(1,INDEX(1*((('Horarios disponibles por ano'!$A$4:$A$34<>"")+('Horarios disponibles por ano'!$B$4:$B$34<>""))>0)*(EXACT('Horarios disponibles por ano'!$A$4:$A$34,$B13))*(EXACT('Horarios disponibles por ano'!$B$4:$B$34,$E13)),0),0)))),""),"no","si"))) | J13: =IF(AND($A13=""),"",MID(IF(OR(($E13=""),($F13="")),"; "&"Esta brigada todavia no tiene clase esta semana","")&IF(EXACT($I13,"no"),"; "&"Su ano no tiene este horario disponible","")&IF(AND(NOT(($F13="")),(IFERROR(VALUE($H13&""),0)<IFERROR(VALUE($C13&""),0))),"; "&IF(ISNUMBER(("La instalacion es para "&IF(ISNUMBER($H13),IF($H13=0,"0",ROUND($H13,9-INT(LOG10(ABS($H13))))&""),$H13&"")&" personas y la brigada tiene "&IF(ISNUMBER($C13),IF($C13=0,"0",ROUND($C13,9-INT(LOG10(ABS($C13))))&""),$C13&""))),IF(("La instalacion es para "&IF(ISNUMBER($H13),IF($H13=0,"0",ROUND($H13,9-INT(LOG10(ABS($H13))))&""),$H13&"")&" personas y la brigada tiene "&IF(ISNUMBER($C13),IF($C13=0,"0",ROUND($C13,9-INT(LOG10(ABS($C13))))&""),$C13&""))=0,"0",ROUND(("La instalacion es para "&IF(ISNUMBER($H13),IF($H13=0,"0",ROUND($H13,9-INT(LOG10(ABS($H13))))&""),$H13&"")&" personas y la brigada tiene "&IF(ISNUMBER($C13),IF($C13=0,"0",ROUND($C13,9-INT(LOG10(ABS($C13))))&""),$C13&"")),9-INT(LOG10(ABS(("La instalacion es para "&IF(ISNUMBER($H13),IF($H13=0,"0",ROUND($H13,9-INT(LOG10(ABS($H13))))&""),$H13&"")&" personas y la brigada tiene "&IF(ISNUMBER($C13),IF($C13=0,"0",ROUND($C13,9-INT(LOG10(ABS($C13))))&""),$C13&""))))))&""),("La instalacion es para "&IF(ISNUMBER($H13),IF($H13=0,"0",ROUND($H13,9-INT(LOG10(ABS($H13))))&""),$H13&"")&" personas y la brigada tiene "&IF(ISNUMBER($C13),IF($C13=0,"0",ROUND($C13,9-INT(LOG10(ABS($C13))))&""),$C13&""))&""),"")&IF(AND(NOT(($F13="")),NOT(($E13="")),(SUMPRODUCT(1*(((('Reparto de brigadas'!$A$4:$A$31<>""))>0))*((EXACT('Reparto de brigadas'!$G$4:$G$31,$G13)))*((EXACT('Reparto de brigadas'!$E$4:$E$31,$E13)))*((EXACT('Reparto de brigadas'!$F$4:$F$31,$F13)))*((ROW('Reparto de brigadas'!$A$4:$A$31)<>ROW($A13))))>0)),"; "&"Otra brigada usa esta instalacion en ese horario y esa semana","")&IF(AND(NOT(($E13="")),(SUMPRODUCT(1*(((('Reparto de brigadas'!$A$4:$A$31<>""))>0))*((EXACT('Reparto de brigadas'!$G$4:$G$31,$G13)))*((EXACT('Reparto de brigadas'!$E$4:$E$31,$E13)))*((EXACT('Reparto de brigadas'!$D$4:$D$31,$D13)))*((ROW('Reparto de brigadas'!$A$4:$A$31)<>ROW($A13))))>0)),"; "&"Este profesor tiene otra brigada en ese horario y esa semana",""),3,32767)) | K13: =IF(OR(OR(($E13=""),($F13="")),EXACT($I13,"no"),AND(NOT(($F13="")),(IFERROR(VALUE($H13&""),0)<IFERROR(VALUE($C13&""),0))),AND(NOT(($F13="")),NOT(($E13="")),(SUMPRODUCT(1*(((('Reparto de brigadas'!$A$4:$A$31<>""))>0))*((EXACT('Reparto de brigadas'!$G$4:$G$31,$G13)))*((EXACT('Reparto de brigadas'!$E$4:$E$31,$E13)))*((EXACT('Reparto de brigadas'!$F$4:$F$31,$F13)))*((ROW('Reparto de brigadas'!$A$4:$A$31)<>ROW($A13))))>0)),AND(NOT(($E13="")),(SUMPRODUCT(1*(((('Reparto de brigadas'!$A$4:$A$31<>""))>0))*((EXACT('Reparto de brigadas'!$G$4:$G$31,$G13)))*((EXACT('Reparto de brigadas'!$E$4:$E$31,$E13)))*((EXACT('Reparto de brigadas'!$D$4:$D$31,$D13)))*((ROW('Reparto de brigadas'!$A$4:$A$31)<>ROW($A13))))>0))),3,0) | L13: =$G13&CHAR(31)&$F13&CHAR(31)&$E13 | M13: =$D13&CHAR(31)&$E13&CHAR(31)&$G13
G14: =IF(AND($A14=""),"",IF(ISNA(MATCH(1,INDEX(EXACT('Anos de carrera'!$A$4:$A$29,$B14)*1*((('Anos de carrera'!$A$4:$A$29<>""))>0),0),0)),"",IF(ISBLANK(INDEX('Anos de carrera'!$C$4:$C$29,MATCH(1,INDEX(EXACT('Anos de carrera'!$A$4:$A$29,$B14)*1*((('Anos de carrera'!$A$4:$A$29<>""))>0),0),0))),"",INDEX('Anos de carrera'!$C$4:$C$29,MATCH(1,INDEX(EXACT('Anos de carrera'!$A$4:$A$29,$B14)*1*((('Anos de carrera'!$A$4:$A$29<>""))>0),0),0))))) | H14: =IF(AND($A14=""),"",IF(ISNA(MATCH(1,INDEX(EXACT('Instalaciones'!$A$4:$A$27,$F14)*1*((('Instalaciones'!$A$4:$A$27<>""))>0),0),0)),0,IF(ISBLANK(INDEX('Instalaciones'!$B$4:$B$27,MATCH(1,INDEX(EXACT('Instalaciones'!$A$4:$A$27,$F14)*1*((('Instalaciones'!$A$4:$A$27<>""))>0),0),0))),"",INDEX('Instalaciones'!$B$4:$B$27,MATCH(1,INDEX(EXACT('Instalaciones'!$A$4:$A$27,$F14)*1*((('Instalaciones'!$A$4:$A$27<>""))>0),0),0))))) | I14: =IF(AND($A14=""),"",IF(($E14=""),"",IF(EXACT(IF(ISNA(MATCH(1,INDEX(1*((('Horarios disponibles por ano'!$A$4:$A$34<>"")+('Horarios disponibles por ano'!$B$4:$B$34<>""))>0)*(EXACT('Horarios disponibles por ano'!$A$4:$A$34,$B14))*(EXACT('Horarios disponibles por ano'!$B$4:$B$34,$E14)),0),0)),"",IF(ISBLANK(INDEX('Horarios disponibles por ano'!$B$4:$B$34,MATCH(1,INDEX(1*((('Horarios disponibles por ano'!$A$4:$A$34<>"")+('Horarios disponibles por ano'!$B$4:$B$34<>""))>0)*(EXACT('Horarios disponibles por ano'!$A$4:$A$34,$B14))*(EXACT('Horarios disponibles por ano'!$B$4:$B$34,$E14)),0),0))),"",INDEX('Horarios disponibles por ano'!$B$4:$B$34,MATCH(1,INDEX(1*((('Horarios disponibles por ano'!$A$4:$A$34<>"")+('Horarios disponibles por ano'!$B$4:$B$34<>""))>0)*(EXACT('Horarios disponibles por ano'!$A$4:$A$34,$B14))*(EXACT('Horarios disponibles por ano'!$B$4:$B$34,$E14)),0),0)))),""),"no","si"))) | J14: =IF(AND($A14=""),"",MID(IF(OR(($E14=""),($F14="")),"; "&"Esta brigada todavia no tiene clase esta semana","")&IF(EXACT($I14,"no"),"; "&"Su ano no tiene este horario disponible","")&IF(AND(NOT(($F14="")),(IFERROR(VALUE($H14&""),0)<IFERROR(VALUE($C14&""),0))),"; "&IF(ISNUMBER(("La instalacion es para "&IF(ISNUMBER($H14),IF($H14=0,"0",ROUND($H14,9-INT(LOG10(ABS($H14))))&""),$H14&"")&" personas y la brigada tiene "&IF(ISNUMBER($C14),IF($C14=0,"0",ROUND($C14,9-INT(LOG10(ABS($C14))))&""),$C14&""))),IF(("La instalacion es para "&IF(ISNUMBER($H14),IF($H14=0,"0",ROUND($H14,9-INT(LOG10(ABS($H14))))&""),$H14&"")&" personas y la brigada tiene "&IF(ISNUMBER($C14),IF($C14=0,"0",ROUND($C14,9-INT(LOG10(ABS($C14))))&""),$C14&""))=0,"0",ROUND(("La instalacion es para "&IF(ISNUMBER($H14),IF($H14=0,"0",ROUND($H14,9-INT(LOG10(ABS($H14))))&""),$H14&"")&" personas y la brigada tiene "&IF(ISNUMBER($C14),IF($C14=0,"0",ROUND($C14,9-INT(LOG10(ABS($C14))))&""),$C14&"")),9-INT(LOG10(ABS(("La instalacion es para "&IF(ISNUMBER($H14),IF($H14=0,"0",ROUND($H14,9-INT(LOG10(ABS($H14))))&""),$H14&"")&" personas y la brigada tiene "&IF(ISNUMBER($C14),IF($C14=0,"0",ROUND($C14,9-INT(LOG10(ABS($C14))))&""),$C14&""))))))&""),("La instalacion es para "&IF(ISNUMBER($H14),IF($H14=0,"0",ROUND($H14,9-INT(LOG10(ABS($H14))))&""),$H14&"")&" personas y la brigada tiene "&IF(ISNUMBER($C14),IF($C14=0,"0",ROUND($C14,9-INT(LOG10(ABS($C14))))&""),$C14&""))&""),"")&IF(AND(NOT(($F14="")),NOT(($E14="")),(SUMPRODUCT(1*(((('Reparto de brigadas'!$A$4:$A$31<>""))>0))*((EXACT('Reparto de brigadas'!$G$4:$G$31,$G14)))*((EXACT('Reparto de brigadas'!$E$4:$E$31,$E14)))*((EXACT('Reparto de brigadas'!$F$4:$F$31,$F14)))*((ROW('Reparto de brigadas'!$A$4:$A$31)<>ROW($A14))))>0)),"; "&"Otra brigada usa esta instalacion en ese horario y esa semana","")&IF(AND(NOT(($E14="")),(SUMPRODUCT(1*(((('Reparto de brigadas'!$A$4:$A$31<>""))>0))*((EXACT('Reparto de brigadas'!$G$4:$G$31,$G14)))*((EXACT('Reparto de brigadas'!$E$4:$E$31,$E14)))*((EXACT('Reparto de brigadas'!$D$4:$D$31,$D14)))*((ROW('Reparto de brigadas'!$A$4:$A$31)<>ROW($A14))))>0)),"; "&"Este profesor tiene otra brigada en ese horario y esa semana",""),3,32767)) | K14: =IF(OR(OR(($E14=""),($F14="")),EXACT($I14,"no"),AND(NOT(($F14="")),(IFERROR(VALUE($H14&""),0)<IFERROR(VALUE($C14&""),0))),AND(NOT(($F14="")),NOT(($E14="")),(SUMPRODUCT(1*(((('Reparto de brigadas'!$A$4:$A$31<>""))>0))*((EXACT('Reparto de brigadas'!$G$4:$G$31,$G14)))*((EXACT('Reparto de brigadas'!$E$4:$E$31,$E14)))*((EXACT('Reparto de brigadas'!$F$4:$F$31,$F14)))*((ROW('Reparto de brigadas'!$A$4:$A$31)<>ROW($A14))))>0)),AND(NOT(($E14="")),(SUMPRODUCT(1*(((('Reparto de brigadas'!$A$4:$A$31<>""))>0))*((EXACT('Reparto de brigadas'!$G$4:$G$31,$G14)))*((EXACT('Reparto de brigadas'!$E$4:$E$31,$E14)))*((EXACT('Reparto de brigadas'!$D$4:$D$31,$D14)))*((ROW('Reparto de brigadas'!$A$4:$A$31)<>ROW($A14))))>0))),3,0) | L14: =$G14&CHAR(31)&$F14&CHAR(31)&$E14 | M14: =$D14&CHAR(31)&$E14&CHAR(31)&$G14
G15: =IF(AND($A15=""),"",IF(ISNA(MATCH(1,INDEX(EXACT('Anos de carrera'!$A$4:$A$29,$B15)*1*((('Anos de carrera'!$A$4:$A$29<>""))>0),0),0)),"",IF(ISBLANK(INDEX('Anos de carrera'!$C$4:$C$29,MATCH(1,INDEX(EXACT('Anos de carrera'!$A$4:$A$29,$B15)*1*((('Anos de carrera'!$A$4:$A$29<>""))>0),0),0))),"",INDEX('Anos de carrera'!$C$4:$C$29,MATCH(1,INDEX(EXACT('Anos de carrera'!$A$4:$A$29,$B15)*1*((('Anos de carrera'!$A$4:$A$29<>""))>0),0),0))))) | H15: =IF(AND($A15=""),"",IF(ISNA(MATCH(1,INDEX(EXACT('Instalaciones'!$A$4:$A$27,$F15)*1*((('Instalaciones'!$A$4:$A$27<>""))>0),0),0)),0,IF(ISBLANK(INDEX('Instalaciones'!$B$4:$B$27,MATCH(1,INDEX(EXACT('Instalaciones'!$A$4:$A$27,$F15)*1*((('Instalaciones'!$A$4:$A$27<>""))>0),0),0))),"",INDEX('Instalaciones'!$B$4:$B$27,MATCH(1,INDEX(EXACT('Instalaciones'!$A$4:$A$27,$F15)*1*((('Instalaciones'!$A$4:$A$27<>""))>0),0),0))))) | I15: =IF(AND($A15=""),"",IF(($E15=""),"",IF(EXACT(IF(ISNA(MATCH(1,INDEX(1*((('Horarios disponibles por ano'!$A$4:$A$34<>"")+('Horarios disponibles por ano'!$B$4:$B$34<>""))>0)*(EXACT('Horarios disponibles por ano'!$A$4:$A$34,$B15))*(EXACT('Horarios disponibles por ano'!$B$4:$B$34,$E15)),0),0)),"",IF(ISBLANK(INDEX('Horarios disponibles por ano'!$B$4:$B$34,MATCH(1,INDEX(1*((('Horarios disponibles por ano'!$A$4:$A$34<>"")+('Horarios disponibles por ano'!$B$4:$B$34<>""))>0)*(EXACT('Horarios disponibles por ano'!$A$4:$A$34,$B15))*(EXACT('Horarios disponibles por ano'!$B$4:$B$34,$E15)),0),0))),"",INDEX('Horarios disponibles por ano'!$B$4:$B$34,MATCH(1,INDEX(1*((('Horarios disponibles por ano'!$A$4:$A$34<>"")+('Horarios disponibles por ano'!$B$4:$B$34<>""))>0)*(EXACT('Horarios disponibles por ano'!$A$4:$A$34,$B15))*(EXACT('Horarios disponibles por ano'!$B$4:$B$34,$E15)),0),0)))),""),"no","si"))) | J15: =IF(AND($A15=""),"",MID(IF(OR(($E15=""),($F15="")),"; "&"Esta brigada todavia no tiene clase esta semana","")&IF(EXACT($I15,"no"),"; "&"Su ano no tiene este horario disponible","")&IF(AND(NOT(($F15="")),(IFERROR(VALUE($H15&""),0)<IFERROR(VALUE($C15&""),0))),"; "&IF(ISNUMBER(("La instalacion es para "&IF(ISNUMBER($H15),IF($H15=0,"0",ROUND($H15,9-INT(LOG10(ABS($H15))))&""),$H15&"")&" personas y la brigada tiene "&IF(ISNUMBER($C15),IF($C15=0,"0",ROUND($C15,9-INT(LOG10(ABS($C15))))&""),$C15&""))),IF(("La instalacion es para "&IF(ISNUMBER($H15),IF($H15=0,"0",ROUND($H15,9-INT(LOG10(ABS($H15))))&""),$H15&"")&" personas y la brigada tiene "&IF(ISNUMBER($C15),IF($C15=0,"0",ROUND($C15,9-INT(LOG10(ABS($C15))))&""),$C15&""))=0,"0",ROUND(("La instalacion es para "&IF(ISNUMBER($H15),IF($H15=0,"0",ROUND($H15,9-INT(LOG10(ABS($H15))))&""),$H15&"")&" personas y la brigada tiene "&IF(ISNUMBER($C15),IF($C15=0,"0",ROUND($C15,9-INT(LOG10(ABS($C15))))&""),$C15&"")),9-INT(LOG10(ABS(("La instalacion es para "&IF(ISNUMBER($H15),IF($H15=0,"0",ROUND($H15,9-INT(LOG10(ABS($H15))))&""),$H15&"")&" personas y la brigada tiene "&IF(ISNUMBER($C15),IF($C15=0,"0",ROUND($C15,9-INT(LOG10(ABS($C15))))&""),$C15&""))))))&""),("La instalacion es para "&IF(ISNUMBER($H15),IF($H15=0,"0",ROUND($H15,9-INT(LOG10(ABS($H15))))&""),$H15&"")&" personas y la brigada tiene "&IF(ISNUMBER($C15),IF($C15=0,"0",ROUND($C15,9-INT(LOG10(ABS($C15))))&""),$C15&""))&""),"")&IF(AND(NOT(($F15="")),NOT(($E15="")),(SUMPRODUCT(1*(((('Reparto de brigadas'!$A$4:$A$31<>""))>0))*((EXACT('Reparto de brigadas'!$G$4:$G$31,$G15)))*((EXACT('Reparto de brigadas'!$E$4:$E$31,$E15)))*((EXACT('Reparto de brigadas'!$F$4:$F$31,$F15)))*((ROW('Reparto de brigadas'!$A$4:$A$31)<>ROW($A15))))>0)),"; "&"Otra brigada usa esta instalacion en ese horario y esa semana","")&IF(AND(NOT(($E15="")),(SUMPRODUCT(1*(((('Reparto de brigadas'!$A$4:$A$31<>""))>0))*((EXACT('Reparto de brigadas'!$G$4:$G$31,$G15)))*((EXACT('Reparto de brigadas'!$E$4:$E$31,$E15)))*((EXACT('Reparto de brigadas'!$D$4:$D$31,$D15)))*((ROW('Reparto de brigadas'!$A$4:$A$31)<>ROW($A15))))>0)),"; "&"Este profesor tiene otra brigada en ese horario y esa semana",""),3,32767)) | K15: =IF(OR(OR(($E15=""),($F15="")),EXACT($I15,"no"),AND(NOT(($F15="")),(IFERROR(VALUE($H15&""),0)<IFERROR(VALUE($C15&""),0))),AND(NOT(($F15="")),NOT(($E15="")),(SUMPRODUCT(1*(((('Reparto de brigadas'!$A$4:$A$31<>""))>0))*((EXACT('Reparto de brigadas'!$G$4:$G$31,$G15)))*((EXACT('Reparto de brigadas'!$E$4:$E$31,$E15)))*((EXACT('Reparto de brigadas'!$F$4:$F$31,$F15)))*((ROW('Reparto de brigadas'!$A$4:$A$31)<>ROW($A15))))>0)),AND(NOT(($E15="")),(SUMPRODUCT(1*(((('Reparto de brigadas'!$A$4:$A$31<>""))>0))*((EXACT('Reparto de brigadas'!$G$4:$G$31,$G15)))*((EXACT('Reparto de brigadas'!$E$4:$E$31,$E15)))*((EXACT('Reparto de brigadas'!$D$4:$D$31,$D15)))*((ROW('Reparto de brigadas'!$A$4:$A$31)<>ROW($A15))))>0))),3,0) | L15: =$G15&CHAR(31)&$F15&CHAR(31)&$E15 | M15: =$D15&CHAR(31)&$E15&CHAR(31)&$G15
G16: =IF(AND($A16=""),"",IF(ISNA(MATCH(1,INDEX(EXACT('Anos de carrera'!$A$4:$A$29,$B16)*1*((('Anos de carrera'!$A$4:$A$29<>""))>0),0),0)),"",IF(ISBLANK(INDEX('Anos de carrera'!$C$4:$C$29,MATCH(1,INDEX(EXACT('Anos de carrera'!$A$4:$A$29,$B16)*1*((('Anos de carrera'!$A$4:$A$29<>""))>0),0),0))),"",INDEX('Anos de carrera'!$C$4:$C$29,MATCH(1,INDEX(EXACT('Anos de carrera'!$A$4:$A$29,$B16)*1*((('Anos de carrera'!$A$4:$A$29<>""))>0),0),0))))) | H16: =IF(AND($A16=""),"",IF(ISNA(MATCH(1,INDEX(EXACT('Instalaciones'!$A$4:$A$27,$F16)*1*((('Instalaciones'!$A$4:$A$27<>""))>0),0),0)),0,IF(ISBLANK(INDEX('Instalaciones'!$B$4:$B$27,MATCH(1,INDEX(EXACT('Instalaciones'!$A$4:$A$27,$F16)*1*((('Instalaciones'!$A$4:$A$27<>""))>0),0),0))),"",INDEX('Instalaciones'!$B$4:$B$27,MATCH(1,INDEX(EXACT('Instalaciones'!$A$4:$A$27,$F16)*1*((('Instalaciones'!$A$4:$A$27<>""))>0),0),0))))) | I16: =IF(AND($A16=""),"",IF(($E16=""),"",IF(EXACT(IF(ISNA(MATCH(1,INDEX(1*((('Horarios disponibles por ano'!$A$4:$A$34<>"")+('Horarios disponibles por ano'!$B$4:$B$34<>""))>0)*(EXACT('Horarios disponibles por ano'!$A$4:$A$34,$B16))*(EXACT('Horarios disponibles por ano'!$B$4:$B$34,$E16)),0),0)),"",IF(ISBLANK(INDEX('Horarios disponibles por ano'!$B$4:$B$34,MATCH(1,INDEX(1*((('Horarios disponibles por ano'!$A$4:$A$34<>"")+('Horarios disponibles por ano'!$B$4:$B$34<>""))>0)*(EXACT('Horarios disponibles por ano'!$A$4:$A$34,$B16))*(EXACT('Horarios disponibles por ano'!$B$4:$B$34,$E16)),0),0))),"",INDEX('Horarios disponibles por ano'!$B$4:$B$34,MATCH(1,INDEX(1*((('Horarios disponibles por ano'!$A$4:$A$34<>"")+('Horarios disponibles por ano'!$B$4:$B$34<>""))>0)*(EXACT('Horarios disponibles por ano'!$A$4:$A$34,$B16))*(EXACT('Horarios disponibles por ano'!$B$4:$B$34,$E16)),0),0)))),""),"no","si"))) | J16: =IF(AND($A16=""),"",MID(IF(OR(($E16=""),($F16="")),"; "&"Esta brigada todavia no tiene clase esta semana","")&IF(EXACT($I16,"no"),"; "&"Su ano no tiene este horario disponible","")&IF(AND(NOT(($F16="")),(IFERROR(VALUE($H16&""),0)<IFERROR(VALUE($C16&""),0))),"; "&IF(ISNUMBER(("La instalacion es para "&IF(ISNUMBER($H16),IF($H16=0,"0",ROUND($H16,9-INT(LOG10(ABS($H16))))&""),$H16&"")&" personas y la brigada tiene "&IF(ISNUMBER($C16),IF($C16=0,"0",ROUND($C16,9-INT(LOG10(ABS($C16))))&""),$C16&""))),IF(("La instalacion es para "&IF(ISNUMBER($H16),IF($H16=0,"0",ROUND($H16,9-INT(LOG10(ABS($H16))))&""),$H16&"")&" personas y la brigada tiene "&IF(ISNUMBER($C16),IF($C16=0,"0",ROUND($C16,9-INT(LOG10(ABS($C16))))&""),$C16&""))=0,"0",ROUND(("La instalacion es para "&IF(ISNUMBER($H16),IF($H16=0,"0",ROUND($H16,9-INT(LOG10(ABS($H16))))&""),$H16&"")&" personas y la brigada tiene "&IF(ISNUMBER($C16),IF($C16=0,"0",ROUND($C16,9-INT(LOG10(ABS($C16))))&""),$C16&"")),9-INT(LOG10(ABS(("La instalacion es para "&IF(ISNUMBER($H16),IF($H16=0,"0",ROUND($H16,9-INT(LOG10(ABS($H16))))&""),$H16&"")&" personas y la brigada tiene "&IF(ISNUMBER($C16),IF($C16=0,"0",ROUND($C16,9-INT(LOG10(ABS($C16))))&""),$C16&""))))))&""),("La instalacion es para "&IF(ISNUMBER($H16),IF($H16=0,"0",ROUND($H16,9-INT(LOG10(ABS($H16))))&""),$H16&"")&" personas y la brigada tiene "&IF(ISNUMBER($C16),IF($C16=0,"0",ROUND($C16,9-INT(LOG10(ABS($C16))))&""),$C16&""))&""),"")&IF(AND(NOT(($F16="")),NOT(($E16="")),(SUMPRODUCT(1*(((('Reparto de brigadas'!$A$4:$A$31<>""))>0))*((EXACT('Reparto de brigadas'!$G$4:$G$31,$G16)))*((EXACT('Reparto de brigadas'!$E$4:$E$31,$E16)))*((EXACT('Reparto de brigadas'!$F$4:$F$31,$F16)))*((ROW('Reparto de brigadas'!$A$4:$A$31)<>ROW($A16))))>0)),"; "&"Otra brigada usa esta instalacion en ese horario y esa semana","")&IF(AND(NOT(($E16="")),(SUMPRODUCT(1*(((('Reparto de brigadas'!$A$4:$A$31<>""))>0))*((EXACT('Reparto de brigadas'!$G$4:$G$31,$G16)))*((EXACT('Reparto de brigadas'!$E$4:$E$31,$E16)))*((EXACT('Reparto de brigadas'!$D$4:$D$31,$D16)))*((ROW('Reparto de brigadas'!$A$4:$A$31)<>ROW($A16))))>0)),"; "&"Este profesor tiene otra brigada en ese horario y esa semana",""),3,32767)) | K16: =IF(OR(OR(($E16=""),($F16="")),EXACT($I16,"no"),AND(NOT(($F16="")),(IFERROR(VALUE($H16&""),0)<IFERROR(VALUE($C16&""),0))),AND(NOT(($F16="")),NOT(($E16="")),(SUMPRODUCT(1*(((('Reparto de brigadas'!$A$4:$A$31<>""))>0))*((EXACT('Reparto de brigadas'!$G$4:$G$31,$G16)))*((EXACT('Reparto de brigadas'!$E$4:$E$31,$E16)))*((EXACT('Reparto de brigadas'!$F$4:$F$31,$F16)))*((ROW('Reparto de brigadas'!$A$4:$A$31)<>ROW($A16))))>0)),AND(NOT(($E16="")),(SUMPRODUCT(1*(((('Reparto de brigadas'!$A$4:$A$31<>""))>0))*((EXACT('Reparto de brigadas'!$G$4:$G$31,$G16)))*((EXACT('Reparto de brigadas'!$E$4:$E$31,$E16)))*((EXACT('Reparto de brigadas'!$D$4:$D$31,$D16)))*((ROW('Reparto de brigadas'!$A$4:$A$31)<>ROW($A16))))>0))),3,0) | L16: =$G16&CHAR(31)&$F16&CHAR(31)&$E16 | M16: =$D16&CHAR(31)&$E16&CHAR(31)&$G16
G17: =IF(AND($A17=""),"",IF(ISNA(MATCH(1,INDEX(EXACT('Anos de carrera'!$A$4:$A$29,$B17)*1*((('Anos de carrera'!$A$4:$A$29<>""))>0),0),0)),"",IF(ISBLANK(INDEX('Anos de carrera'!$C$4:$C$29,MATCH(1,INDEX(EXACT('Anos de carrera'!$A$4:$A$29,$B17)*1*((('Anos de carrera'!$A$4:$A$29<>""))>0),0),0))),"",INDEX('Anos de carrera'!$C$4:$C$29,MATCH(1,INDEX(EXACT('Anos de carrera'!$A$4:$A$29,$B17)*1*((('Anos de carrera'!$A$4:$A$29<>""))>0),0),0))))) | H17: =IF(AND($A17=""),"",IF(ISNA(MATCH(1,INDEX(EXACT('Instalaciones'!$A$4:$A$27,$F17)*1*((('Instalaciones'!$A$4:$A$27<>""))>0),0),0)),0,IF(ISBLANK(INDEX('Instalaciones'!$B$4:$B$27,MATCH(1,INDEX(EXACT('Instalaciones'!$A$4:$A$27,$F17)*1*((('Instalaciones'!$A$4:$A$27<>""))>0),0),0))),"",INDEX('Instalaciones'!$B$4:$B$27,MATCH(1,INDEX(EXACT('Instalaciones'!$A$4:$A$27,$F17)*1*((('Instalaciones'!$A$4:$A$27<>""))>0),0),0))))) | I17: =IF(AND($A17=""),"",IF(($E17=""),"",IF(EXACT(IF(ISNA(MATCH(1,INDEX(1*((('Horarios disponibles por ano'!$A$4:$A$34<>"")+('Horarios disponibles por ano'!$B$4:$B$34<>""))>0)*(EXACT('Horarios disponibles por ano'!$A$4:$A$34,$B17))*(EXACT('Horarios disponibles por ano'!$B$4:$B$34,$E17)),0),0)),"",IF(ISBLANK(INDEX('Horarios disponibles por ano'!$B$4:$B$34,MATCH(1,INDEX(1*((('Horarios disponibles por ano'!$A$4:$A$34<>"")+('Horarios disponibles por ano'!$B$4:$B$34<>""))>0)*(EXACT('Horarios disponibles por ano'!$A$4:$A$34,$B17))*(EXACT('Horarios disponibles por ano'!$B$4:$B$34,$E17)),0),0))),"",INDEX('Horarios disponibles por ano'!$B$4:$B$34,MATCH(1,INDEX(1*((('Horarios disponibles por ano'!$A$4:$A$34<>"")+('Horarios disponibles por ano'!$B$4:$B$34<>""))>0)*(EXACT('Horarios disponibles por ano'!$A$4:$A$34,$B17))*(EXACT('Horarios disponibles por ano'!$B$4:$B$34,$E17)),0),0)))),""),"no","si"))) | J17: =IF(AND($A17=""),"",MID(IF(OR(($E17=""),($F17="")),"; "&"Esta brigada todavia no tiene clase esta semana","")&IF(EXACT($I17,"no"),"; "&"Su ano no tiene este horario disponible","")&IF(AND(NOT(($F17="")),(IFERROR(VALUE($H17&""),0)<IFERROR(VALUE($C17&""),0))),"; "&IF(ISNUMBER(("La instalacion es para "&IF(ISNUMBER($H17),IF($H17=0,"0",ROUND($H17,9-INT(LOG10(ABS($H17))))&""),$H17&"")&" personas y la brigada tiene "&IF(ISNUMBER($C17),IF($C17=0,"0",ROUND($C17,9-INT(LOG10(ABS($C17))))&""),$C17&""))),IF(("La instalacion es para "&IF(ISNUMBER($H17),IF($H17=0,"0",ROUND($H17,9-INT(LOG10(ABS($H17))))&""),$H17&"")&" personas y la brigada tiene "&IF(ISNUMBER($C17),IF($C17=0,"0",ROUND($C17,9-INT(LOG10(ABS($C17))))&""),$C17&""))=0,"0",ROUND(("La instalacion es para "&IF(ISNUMBER($H17),IF($H17=0,"0",ROUND($H17,9-INT(LOG10(ABS($H17))))&""),$H17&"")&" personas y la brigada tiene "&IF(ISNUMBER($C17),IF($C17=0,"0",ROUND($C17,9-INT(LOG10(ABS($C17))))&""),$C17&"")),9-INT(LOG10(ABS(("La instalacion es para "&IF(ISNUMBER($H17),IF($H17=0,"0",ROUND($H17,9-INT(LOG10(ABS($H17))))&""),$H17&"")&" personas y la brigada tiene "&IF(ISNUMBER($C17),IF($C17=0,"0",ROUND($C17,9-INT(LOG10(ABS($C17))))&""),$C17&""))))))&""),("La instalacion es para "&IF(ISNUMBER($H17),IF($H17=0,"0",ROUND($H17,9-INT(LOG10(ABS($H17))))&""),$H17&"")&" personas y la brigada tiene "&IF(ISNUMBER($C17),IF($C17=0,"0",ROUND($C17,9-INT(LOG10(ABS($C17))))&""),$C17&""))&""),"")&IF(AND(NOT(($F17="")),NOT(($E17="")),(SUMPRODUCT(1*(((('Reparto de brigadas'!$A$4:$A$31<>""))>0))*((EXACT('Reparto de brigadas'!$G$4:$G$31,$G17)))*((EXACT('Reparto de brigadas'!$E$4:$E$31,$E17)))*((EXACT('Reparto de brigadas'!$F$4:$F$31,$F17)))*((ROW('Reparto de brigadas'!$A$4:$A$31)<>ROW($A17))))>0)),"; "&"Otra brigada usa esta instalacion en ese horario y esa semana","")&IF(AND(NOT(($E17="")),(SUMPRODUCT(1*(((('Reparto de brigadas'!$A$4:$A$31<>""))>0))*((EXACT('Reparto de brigadas'!$G$4:$G$31,$G17)))*((EXACT('Reparto de brigadas'!$E$4:$E$31,$E17)))*((EXACT('Reparto de brigadas'!$D$4:$D$31,$D17)))*((ROW('Reparto de brigadas'!$A$4:$A$31)<>ROW($A17))))>0)),"; "&"Este profesor tiene otra brigada en ese horario y esa semana",""),3,32767)) | K17: =IF(OR(OR(($E17=""),($F17="")),EXACT($I17,"no"),AND(NOT(($F17="")),(IFERROR(VALUE($H17&""),0)<IFERROR(VALUE($C17&""),0))),AND(NOT(($F17="")),NOT(($E17="")),(SUMPRODUCT(1*(((('Reparto de brigadas'!$A$4:$A$31<>""))>0))*((EXACT('Reparto de brigadas'!$G$4:$G$31,$G17)))*((EXACT('Reparto de brigadas'!$E$4:$E$31,$E17)))*((EXACT('Reparto de brigadas'!$F$4:$F$31,$F17)))*((ROW('Reparto de brigadas'!$A$4:$A$31)<>ROW($A17))))>0)),AND(NOT(($E17="")),(SUMPRODUCT(1*(((('Reparto de brigadas'!$A$4:$A$31<>""))>0))*((EXACT('Reparto de brigadas'!$G$4:$G$31,$G17)))*((EXACT('Reparto de brigadas'!$E$4:$E$31,$E17)))*((EXACT('Reparto de brigadas'!$D$4:$D$31,$D17)))*((ROW('Reparto de brigadas'!$A$4:$A$31)<>ROW($A17))))>0))),3,0) | L17: =$G17&CHAR(31)&$F17&CHAR(31)&$E17 | M17: =$D17&CHAR(31)&$E17&CHAR(31)&$G17
G18: =IF(AND($A18=""),"",IF(ISNA(MATCH(1,INDEX(EXACT('Anos de carrera'!$A$4:$A$29,$B18)*1*((('Anos de carrera'!$A$4:$A$29<>""))>0),0),0)),"",IF(ISBLANK(INDEX('Anos de carrera'!$C$4:$C$29,MATCH(1,INDEX(EXACT('Anos de carrera'!$A$4:$A$29,$B18)*1*((('Anos de carrera'!$A$4:$A$29<>""))>0),0),0))),"",INDEX('Anos de carrera'!$C$4:$C$29,MATCH(1,INDEX(EXACT('Anos de carrera'!$A$4:$A$29,$B18)*1*((('Anos de carrera'!$A$4:$A$29<>""))>0),0),0))))) | H18: =IF(AND($A18=""),"",IF(ISNA(MATCH(1,INDEX(EXACT('Instalaciones'!$A$4:$A$27,$F18)*1*((('Instalaciones'!$A$4:$A$27<>""))>0),0),0)),0,IF(ISBLANK(INDEX('Instalaciones'!$B$4:$B$27,MATCH(1,INDEX(EXACT('Instalaciones'!$A$4:$A$27,$F18)*1*((('Instalaciones'!$A$4:$A$27<>""))>0),0),0))),"",INDEX('Instalaciones'!$B$4:$B$27,MATCH(1,INDEX(EXACT('Instalaciones'!$A$4:$A$27,$F18)*1*((('Instalaciones'!$A$4:$A$27<>""))>0),0),0))))) | I18: =IF(AND($A18=""),"",IF(($E18=""),"",IF(EXACT(IF(ISNA(MATCH(1,INDEX(1*((('Horarios disponibles por ano'!$A$4:$A$34<>"")+('Horarios disponibles por ano'!$B$4:$B$34<>""))>0)*(EXACT('Horarios disponibles por ano'!$A$4:$A$34,$B18))*(EXACT('Horarios disponibles por ano'!$B$4:$B$34,$E18)),0),0)),"",IF(ISBLANK(INDEX('Horarios disponibles por ano'!$B$4:$B$34,MATCH(1,INDEX(1*((('Horarios disponibles por ano'!$A$4:$A$34<>"")+('Horarios disponibles por ano'!$B$4:$B$34<>""))>0)*(EXACT('Horarios disponibles por ano'!$A$4:$A$34,$B18))*(EXACT('Horarios disponibles por ano'!$B$4:$B$34,$E18)),0),0))),"",INDEX('Horarios disponibles por ano'!$B$4:$B$34,MATCH(1,INDEX(1*((('Horarios disponibles por ano'!$A$4:$A$34<>"")+('Horarios disponibles por ano'!$B$4:$B$34<>""))>0)*(EXACT('Horarios disponibles por ano'!$A$4:$A$34,$B18))*(EXACT('Horarios disponibles por ano'!$B$4:$B$34,$E18)),0),0)))),""),"no","si"))) | J18: =IF(AND($A18=""),"",MID(IF(OR(($E18=""),($F18="")),"; "&"Esta brigada todavia no tiene clase esta semana","")&IF(EXACT($I18,"no"),"; "&"Su ano no tiene este horario disponible","")&IF(AND(NOT(($F18="")),(IFERROR(VALUE($H18&""),0)<IFERROR(VALUE($C18&""),0))),"; "&IF(ISNUMBER(("La instalacion es para "&IF(ISNUMBER($H18),IF($H18=0,"0",ROUND($H18,9-INT(LOG10(ABS($H18))))&""),$H18&"")&" personas y la brigada tiene "&IF(ISNUMBER($C18),IF($C18=0,"0",ROUND($C18,9-INT(LOG10(ABS($C18))))&""),$C18&""))),IF(("La instalacion es para "&IF(ISNUMBER($H18),IF($H18=0,"0",ROUND($H18,9-INT(LOG10(ABS($H18))))&""),$H18&"")&" personas y la brigada tiene "&IF(ISNUMBER($C18),IF($C18=0,"0",ROUND($C18,9-INT(LOG10(ABS($C18))))&""),$C18&""))=0,"0",ROUND(("La instalacion es para "&IF(ISNUMBER($H18),IF($H18=0,"0",ROUND($H18,9-INT(LOG10(ABS($H18))))&""),$H18&"")&" personas y la brigada tiene "&IF(ISNUMBER($C18),IF($C18=0,"0",ROUND($C18,9-INT(LOG10(ABS($C18))))&""),$C18&"")),9-INT(LOG10(ABS(("La instalacion es para "&IF(ISNUMBER($H18),IF($H18=0,"0",ROUND($H18,9-INT(LOG10(ABS($H18))))&""),$H18&"")&" personas y la brigada tiene "&IF(ISNUMBER($C18),IF($C18=0,"0",ROUND($C18,9-INT(LOG10(ABS($C18))))&""),$C18&""))))))&""),("La instalacion es para "&IF(ISNUMBER($H18),IF($H18=0,"0",ROUND($H18,9-INT(LOG10(ABS($H18))))&""),$H18&"")&" personas y la brigada tiene "&IF(ISNUMBER($C18),IF($C18=0,"0",ROUND($C18,9-INT(LOG10(ABS($C18))))&""),$C18&""))&""),"")&IF(AND(NOT(($F18="")),NOT(($E18="")),(SUMPRODUCT(1*(((('Reparto de brigadas'!$A$4:$A$31<>""))>0))*((EXACT('Reparto de brigadas'!$G$4:$G$31,$G18)))*((EXACT('Reparto de brigadas'!$E$4:$E$31,$E18)))*((EXACT('Reparto de brigadas'!$F$4:$F$31,$F18)))*((ROW('Reparto de brigadas'!$A$4:$A$31)<>ROW($A18))))>0)),"; "&"Otra brigada usa esta instalacion en ese horario y esa semana","")&IF(AND(NOT(($E18="")),(SUMPRODUCT(1*(((('Reparto de brigadas'!$A$4:$A$31<>""))>0))*((EXACT('Reparto de brigadas'!$G$4:$G$31,$G18)))*((EXACT('Reparto de brigadas'!$E$4:$E$31,$E18)))*((EXACT('Reparto de brigadas'!$D$4:$D$31,$D18)))*((ROW('Reparto de brigadas'!$A$4:$A$31)<>ROW($A18))))>0)),"; "&"Este profesor tiene otra brigada en ese horario y esa semana",""),3,32767)) | K18: =IF(OR(OR(($E18=""),($F18="")),EXACT($I18,"no"),AND(NOT(($F18="")),(IFERROR(VALUE($H18&""),0)<IFERROR(VALUE($C18&""),0))),AND(NOT(($F18="")),NOT(($E18="")),(SUMPRODUCT(1*(((('Reparto de brigadas'!$A$4:$A$31<>""))>0))*((EXACT('Reparto de brigadas'!$G$4:$G$31,$G18)))*((EXACT('Reparto de brigadas'!$E$4:$E$31,$E18)))*((EXACT('Reparto de brigadas'!$F$4:$F$31,$F18)))*((ROW('Reparto de brigadas'!$A$4:$A$31)<>ROW($A18))))>0)),AND(NOT(($E18="")),(SUMPRODUCT(1*(((('Reparto de brigadas'!$A$4:$A$31<>""))>0))*((EXACT('Reparto de brigadas'!$G$4:$G$31,$G18)))*((EXACT('Reparto de brigadas'!$E$4:$E$31,$E18)))*((EXACT('Reparto de brigadas'!$D$4:$D$31,$D18)))*((ROW('Reparto de brigadas'!$A$4:$A$31)<>ROW($A18))))>0))),3,0) | L18: =$G18&CHAR(31)&$F18&CHAR(31)&$E18 | M18: =$D18&CHAR(31)&$E18&CHAR(31)&$G18
G19: =IF(AND($A19=""),"",IF(ISNA(MATCH(1,INDEX(EXACT('Anos de carrera'!$A$4:$A$29,$B19)*1*((('Anos de carrera'!$A$4:$A$29<>""))>0),0),0)),"",IF(ISBLANK(INDEX('Anos de carrera'!$C$4:$C$29,MATCH(1,INDEX(EXACT('Anos de carrera'!$A$4:$A$29,$B19)*1*((('Anos de carrera'!$A$4:$A$29<>""))>0),0),0))),"",INDEX('Anos de carrera'!$C$4:$C$29,MATCH(1,INDEX(EXACT('Anos de carrera'!$A$4:$A$29,$B19)*1*((('Anos de carrera'!$A$4:$A$29<>""))>0),0),0))))) | H19: =IF(AND($A19=""),"",IF(ISNA(MATCH(1,INDEX(EXACT('Instalaciones'!$A$4:$A$27,$F19)*1*((('Instalaciones'!$A$4:$A$27<>""))>0),0),0)),0,IF(ISBLANK(INDEX('Instalaciones'!$B$4:$B$27,MATCH(1,INDEX(EXACT('Instalaciones'!$A$4:$A$27,$F19)*1*((('Instalaciones'!$A$4:$A$27<>""))>0),0),0))),"",INDEX('Instalaciones'!$B$4:$B$27,MATCH(1,INDEX(EXACT('Instalaciones'!$A$4:$A$27,$F19)*1*((('Instalaciones'!$A$4:$A$27<>""))>0),0),0))))) | I19: =IF(AND($A19=""),"",IF(($E19=""),"",IF(EXACT(IF(ISNA(MATCH(1,INDEX(1*((('Horarios disponibles por ano'!$A$4:$A$34<>"")+('Horarios disponibles por ano'!$B$4:$B$34<>""))>0)*(EXACT('Horarios disponibles por ano'!$A$4:$A$34,$B19))*(EXACT('Horarios disponibles por ano'!$B$4:$B$34,$E19)),0),0)),"",IF(ISBLANK(INDEX('Horarios disponibles por ano'!$B$4:$B$34,MATCH(1,INDEX(1*((('Horarios disponibles por ano'!$A$4:$A$34<>"")+('Horarios disponibles por ano'!$B$4:$B$34<>""))>0)*(EXACT('Horarios disponibles por ano'!$A$4:$A$34,$B19))*(EXACT('Horarios disponibles por ano'!$B$4:$B$34,$E19)),0),0))),"",INDEX('Horarios disponibles por ano'!$B$4:$B$34,MATCH(1,INDEX(1*((('Horarios disponibles por ano'!$A$4:$A$34<>"")+('Horarios disponibles por ano'!$B$4:$B$34<>""))>0)*(EXACT('Horarios disponibles por ano'!$A$4:$A$34,$B19))*(EXACT('Horarios disponibles por ano'!$B$4:$B$34,$E19)),0),0)))),""),"no","si"))) | J19: =IF(AND($A19=""),"",MID(IF(OR(($E19=""),($F19="")),"; "&"Esta brigada todavia no tiene clase esta semana","")&IF(EXACT($I19,"no"),"; "&"Su ano no tiene este horario disponible","")&IF(AND(NOT(($F19="")),(IFERROR(VALUE($H19&""),0)<IFERROR(VALUE($C19&""),0))),"; "&IF(ISNUMBER(("La instalacion es para "&IF(ISNUMBER($H19),IF($H19=0,"0",ROUND($H19,9-INT(LOG10(ABS($H19))))&""),$H19&"")&" personas y la brigada tiene "&IF(ISNUMBER($C19),IF($C19=0,"0",ROUND($C19,9-INT(LOG10(ABS($C19))))&""),$C19&""))),IF(("La instalacion es para "&IF(ISNUMBER($H19),IF($H19=0,"0",ROUND($H19,9-INT(LOG10(ABS($H19))))&""),$H19&"")&" personas y la brigada tiene "&IF(ISNUMBER($C19),IF($C19=0,"0",ROUND($C19,9-INT(LOG10(ABS($C19))))&""),$C19&""))=0,"0",ROUND(("La instalacion es para "&IF(ISNUMBER($H19),IF($H19=0,"0",ROUND($H19,9-INT(LOG10(ABS($H19))))&""),$H19&"")&" personas y la brigada tiene "&IF(ISNUMBER($C19),IF($C19=0,"0",ROUND($C19,9-INT(LOG10(ABS($C19))))&""),$C19&"")),9-INT(LOG10(ABS(("La instalacion es para "&IF(ISNUMBER($H19),IF($H19=0,"0",ROUND($H19,9-INT(LOG10(ABS($H19))))&""),$H19&"")&" personas y la brigada tiene "&IF(ISNUMBER($C19),IF($C19=0,"0",ROUND($C19,9-INT(LOG10(ABS($C19))))&""),$C19&""))))))&""),("La instalacion es para "&IF(ISNUMBER($H19),IF($H19=0,"0",ROUND($H19,9-INT(LOG10(ABS($H19))))&""),$H19&"")&" personas y la brigada tiene "&IF(ISNUMBER($C19),IF($C19=0,"0",ROUND($C19,9-INT(LOG10(ABS($C19))))&""),$C19&""))&""),"")&IF(AND(NOT(($F19="")),NOT(($E19="")),(SUMPRODUCT(1*(((('Reparto de brigadas'!$A$4:$A$31<>""))>0))*((EXACT('Reparto de brigadas'!$G$4:$G$31,$G19)))*((EXACT('Reparto de brigadas'!$E$4:$E$31,$E19)))*((EXACT('Reparto de brigadas'!$F$4:$F$31,$F19)))*((ROW('Reparto de brigadas'!$A$4:$A$31)<>ROW($A19))))>0)),"; "&"Otra brigada usa esta instalacion en ese horario y esa semana","")&IF(AND(NOT(($E19="")),(SUMPRODUCT(1*(((('Reparto de brigadas'!$A$4:$A$31<>""))>0))*((EXACT('Reparto de brigadas'!$G$4:$G$31,$G19)))*((EXACT('Reparto de brigadas'!$E$4:$E$31,$E19)))*((EXACT('Reparto de brigadas'!$D$4:$D$31,$D19)))*((ROW('Reparto de brigadas'!$A$4:$A$31)<>ROW($A19))))>0)),"; "&"Este profesor tiene otra brigada en ese horario y esa semana",""),3,32767)) | K19: =IF(OR(OR(($E19=""),($F19="")),EXACT($I19,"no"),AND(NOT(($F19="")),(IFERROR(VALUE($H19&""),0)<IFERROR(VALUE($C19&""),0))),AND(NOT(($F19="")),NOT(($E19="")),(SUMPRODUCT(1*(((('Reparto de brigadas'!$A$4:$A$31<>""))>0))*((EXACT('Reparto de brigadas'!$G$4:$G$31,$G19)))*((EXACT('Reparto de brigadas'!$E$4:$E$31,$E19)))*((EXACT('Reparto de brigadas'!$F$4:$F$31,$F19)))*((ROW('Reparto de brigadas'!$A$4:$A$31)<>ROW($A19))))>0)),AND(NOT(($E19="")),(SUMPRODUCT(1*(((('Reparto de brigadas'!$A$4:$A$31<>""))>0))*((EXACT('Reparto de brigadas'!$G$4:$G$31,$G19)))*((EXACT('Reparto de brigadas'!$E$4:$E$31,$E19)))*((EXACT('Reparto de brigadas'!$D$4:$D$31,$D19)))*((ROW('Reparto de brigadas'!$A$4:$A$31)<>ROW($A19))))>0))),3,0) | L19: =$G19&CHAR(31)&$F19&CHAR(31)&$E19 | M19: =$D19&CHAR(31)&$E19&CHAR(31)&$G19
G20: =IF(AND($A20=""),"",IF(ISNA(MATCH(1,INDEX(EXACT('Anos de carrera'!$A$4:$A$29,$B20)*1*((('Anos de carrera'!$A$4:$A$29<>""))>0),0),0)),"",IF(ISBLANK(INDEX('Anos de carrera'!$C$4:$C$29,MATCH(1,INDEX(EXACT('Anos de carrera'!$A$4:$A$29,$B20)*1*((('Anos de carrera'!$A$4:$A$29<>""))>0),0),0))),"",INDEX('Anos de carrera'!$C$4:$C$29,MATCH(1,INDEX(EXACT('Anos de carrera'!$A$4:$A$29,$B20)*1*((('Anos de carrera'!$A$4:$A$29<>""))>0),0),0))))) | H20: =IF(AND($A20=""),"",IF(ISNA(MATCH(1,INDEX(EXACT('Instalaciones'!$A$4:$A$27,$F20)*1*((('Instalaciones'!$A$4:$A$27<>""))>0),0),0)),0,IF(ISBLANK(INDEX('Instalaciones'!$B$4:$B$27,MATCH(1,INDEX(EXACT('Instalaciones'!$A$4:$A$27,$F20)*1*((('Instalaciones'!$A$4:$A$27<>""))>0),0),0))),"",INDEX('Instalaciones'!$B$4:$B$27,MATCH(1,INDEX(EXACT('Instalaciones'!$A$4:$A$27,$F20)*1*((('Instalaciones'!$A$4:$A$27<>""))>0),0),0))))) | I20: =IF(AND($A20=""),"",IF(($E20=""),"",IF(EXACT(IF(ISNA(MATCH(1,INDEX(1*((('Horarios disponibles por ano'!$A$4:$A$34<>"")+('Horarios disponibles por ano'!$B$4:$B$34<>""))>0)*(EXACT('Horarios disponibles por ano'!$A$4:$A$34,$B20))*(EXACT('Horarios disponibles por ano'!$B$4:$B$34,$E20)),0),0)),"",IF(ISBLANK(INDEX('Horarios disponibles por ano'!$B$4:$B$34,MATCH(1,INDEX(1*((('Horarios disponibles por ano'!$A$4:$A$34<>"")+('Horarios disponibles por ano'!$B$4:$B$34<>""))>0)*(EXACT('Horarios disponibles por ano'!$A$4:$A$34,$B20))*(EXACT('Horarios disponibles por ano'!$B$4:$B$34,$E20)),0),0))),"",INDEX('Horarios disponibles por ano'!$B$4:$B$34,MATCH(1,INDEX(1*((('Horarios disponibles por ano'!$A$4:$A$34<>"")+('Horarios disponibles por ano'!$B$4:$B$34<>""))>0)*(EXACT('Horarios disponibles por ano'!$A$4:$A$34,$B20))*(EXACT('Horarios disponibles por ano'!$B$4:$B$34,$E20)),0),0)))),""),"no","si"))) | J20: =IF(AND($A20=""),"",MID(IF(OR(($E20=""),($F20="")),"; "&"Esta brigada todavia no tiene clase esta semana","")&IF(EXACT($I20,"no"),"; "&"Su ano no tiene este horario disponible","")&IF(AND(NOT(($F20="")),(IFERROR(VALUE($H20&""),0)<IFERROR(VALUE($C20&""),0))),"; "&IF(ISNUMBER(("La instalacion es para "&IF(ISNUMBER($H20),IF($H20=0,"0",ROUND($H20,9-INT(LOG10(ABS($H20))))&""),$H20&"")&" personas y la brigada tiene "&IF(ISNUMBER($C20),IF($C20=0,"0",ROUND($C20,9-INT(LOG10(ABS($C20))))&""),$C20&""))),IF(("La instalacion es para "&IF(ISNUMBER($H20),IF($H20=0,"0",ROUND($H20,9-INT(LOG10(ABS($H20))))&""),$H20&"")&" personas y la brigada tiene "&IF(ISNUMBER($C20),IF($C20=0,"0",ROUND($C20,9-INT(LOG10(ABS($C20))))&""),$C20&""))=0,"0",ROUND(("La instalacion es para "&IF(ISNUMBER($H20),IF($H20=0,"0",ROUND($H20,9-INT(LOG10(ABS($H20))))&""),$H20&"")&" personas y la brigada tiene "&IF(ISNUMBER($C20),IF($C20=0,"0",ROUND($C20,9-INT(LOG10(ABS($C20))))&""),$C20&"")),9-INT(LOG10(ABS(("La instalacion es para "&IF(ISNUMBER($H20),IF($H20=0,"0",ROUND($H20,9-INT(LOG10(ABS($H20))))&""),$H20&"")&" personas y la brigada tiene "&IF(ISNUMBER($C20),IF($C20=0,"0",ROUND($C20,9-INT(LOG10(ABS($C20))))&""),$C20&""))))))&""),("La instalacion es para "&IF(ISNUMBER($H20),IF($H20=0,"0",ROUND($H20,9-INT(LOG10(ABS($H20))))&""),$H20&"")&" personas y la brigada tiene "&IF(ISNUMBER($C20),IF($C20=0,"0",ROUND($C20,9-INT(LOG10(ABS($C20))))&""),$C20&""))&""),"")&IF(AND(NOT(($F20="")),NOT(($E20="")),(SUMPRODUCT(1*(((('Reparto de brigadas'!$A$4:$A$31<>""))>0))*((EXACT('Reparto de brigadas'!$G$4:$G$31,$G20)))*((EXACT('Reparto de brigadas'!$E$4:$E$31,$E20)))*((EXACT('Reparto de brigadas'!$F$4:$F$31,$F20)))*((ROW('Reparto de brigadas'!$A$4:$A$31)<>ROW($A20))))>0)),"; "&"Otra brigada usa esta instalacion en ese horario y esa semana","")&IF(AND(NOT(($E20="")),(SUMPRODUCT(1*(((('Reparto de brigadas'!$A$4:$A$31<>""))>0))*((EXACT('Reparto de brigadas'!$G$4:$G$31,$G20)))*((EXACT('Reparto de brigadas'!$E$4:$E$31,$E20)))*((EXACT('Reparto de brigadas'!$D$4:$D$31,$D20)))*((ROW('Reparto de brigadas'!$A$4:$A$31)<>ROW($A20))))>0)),"; "&"Este profesor tiene otra brigada en ese horario y esa semana",""),3,32767)) | K20: =IF(OR(OR(($E20=""),($F20="")),EXACT($I20,"no"),AND(NOT(($F20="")),(IFERROR(VALUE($H20&""),0)<IFERROR(VALUE($C20&""),0))),AND(NOT(($F20="")),NOT(($E20="")),(SUMPRODUCT(1*(((('Reparto de brigadas'!$A$4:$A$31<>""))>0))*((EXACT('Reparto de brigadas'!$G$4:$G$31,$G20)))*((EXACT('Reparto de brigadas'!$E$4:$E$31,$E20)))*((EXACT('Reparto de brigadas'!$F$4:$F$31,$F20)))*((ROW('Reparto de brigadas'!$A$4:$A$31)<>ROW($A20))))>0)),AND(NOT(($E20="")),(SUMPRODUCT(1*(((('Reparto de brigadas'!$A$4:$A$31<>""))>0))*((EXACT('Reparto de brigadas'!$G$4:$G$31,$G20)))*((EXACT('Reparto de brigadas'!$E$4:$E$31,$E20)))*((EXACT('Reparto de brigadas'!$D$4:$D$31,$D20)))*((ROW('Reparto de brigadas'!$A$4:$A$31)<>ROW($A20))))>0))),3,0) | L20: =$G20&CHAR(31)&$F20&CHAR(31)&$E20 | M20: =$D20&CHAR(31)&$E20&CHAR(31)&$G20
G21: =IF(AND($A21=""),"",IF(ISNA(MATCH(1,INDEX(EXACT('Anos de carrera'!$A$4:$A$29,$B21)*1*((('Anos de carrera'!$A$4:$A$29<>""))>0),0),0)),"",IF(ISBLANK(INDEX('Anos de carrera'!$C$4:$C$29,MATCH(1,INDEX(EXACT('Anos de carrera'!$A$4:$A$29,$B21)*1*((('Anos de carrera'!$A$4:$A$29<>""))>0),0),0))),"",INDEX('Anos de carrera'!$C$4:$C$29,MATCH(1,INDEX(EXACT('Anos de carrera'!$A$4:$A$29,$B21)*1*((('Anos de carrera'!$A$4:$A$29<>""))>0),0),0))))) | H21: =IF(AND($A21=""),"",IF(ISNA(MATCH(1,INDEX(EXACT('Instalaciones'!$A$4:$A$27,$F21)*1*((('Instalaciones'!$A$4:$A$27<>""))>0),0),0)),0,IF(ISBLANK(INDEX('Instalaciones'!$B$4:$B$27,MATCH(1,INDEX(EXACT('Instalaciones'!$A$4:$A$27,$F21)*1*((('Instalaciones'!$A$4:$A$27<>""))>0),0),0))),"",INDEX('Instalaciones'!$B$4:$B$27,MATCH(1,INDEX(EXACT('Instalaciones'!$A$4:$A$27,$F21)*1*((('Instalaciones'!$A$4:$A$27<>""))>0),0),0))))) | I21: =IF(AND($A21=""),"",IF(($E21=""),"",IF(EXACT(IF(ISNA(MATCH(1,INDEX(1*((('Horarios disponibles por ano'!$A$4:$A$34<>"")+('Horarios disponibles por ano'!$B$4:$B$34<>""))>0)*(EXACT('Horarios disponibles por ano'!$A$4:$A$34,$B21))*(EXACT('Horarios disponibles por ano'!$B$4:$B$34,$E21)),0),0)),"",IF(ISBLANK(INDEX('Horarios disponibles por ano'!$B$4:$B$34,MATCH(1,INDEX(1*((('Horarios disponibles por ano'!$A$4:$A$34<>"")+('Horarios disponibles por ano'!$B$4:$B$34<>""))>0)*(EXACT('Horarios disponibles por ano'!$A$4:$A$34,$B21))*(EXACT('Horarios disponibles por ano'!$B$4:$B$34,$E21)),0),0))),"",INDEX('Horarios disponibles por ano'!$B$4:$B$34,MATCH(1,INDEX(1*((('Horarios disponibles por ano'!$A$4:$A$34<>"")+('Horarios disponibles por ano'!$B$4:$B$34<>""))>0)*(EXACT('Horarios disponibles por ano'!$A$4:$A$34,$B21))*(EXACT('Horarios disponibles por ano'!$B$4:$B$34,$E21)),0),0)))),""),"no","si"))) | J21: =IF(AND($A21=""),"",MID(IF(OR(($E21=""),($F21="")),"; "&"Esta brigada todavia no tiene clase esta semana","")&IF(EXACT($I21,"no"),"; "&"Su ano no tiene este horario disponible","")&IF(AND(NOT(($F21="")),(IFERROR(VALUE($H21&""),0)<IFERROR(VALUE($C21&""),0))),"; "&IF(ISNUMBER(("La instalacion es para "&IF(ISNUMBER($H21),IF($H21=0,"0",ROUND($H21,9-INT(LOG10(ABS($H21))))&""),$H21&"")&" personas y la brigada tiene "&IF(ISNUMBER($C21),IF($C21=0,"0",ROUND($C21,9-INT(LOG10(ABS($C21))))&""),$C21&""))),IF(("La instalacion es para "&IF(ISNUMBER($H21),IF($H21=0,"0",ROUND($H21,9-INT(LOG10(ABS($H21))))&""),$H21&"")&" personas y la brigada tiene "&IF(ISNUMBER($C21),IF($C21=0,"0",ROUND($C21,9-INT(LOG10(ABS($C21))))&""),$C21&""))=0,"0",ROUND(("La instalacion es para "&IF(ISNUMBER($H21),IF($H21=0,"0",ROUND($H21,9-INT(LOG10(ABS($H21))))&""),$H21&"")&" personas y la brigada tiene "&IF(ISNUMBER($C21),IF($C21=0,"0",ROUND($C21,9-INT(LOG10(ABS($C21))))&""),$C21&"")),9-INT(LOG10(ABS(("La instalacion es para "&IF(ISNUMBER($H21),IF($H21=0,"0",ROUND($H21,9-INT(LOG10(ABS($H21))))&""),$H21&"")&" personas y la brigada tiene "&IF(ISNUMBER($C21),IF($C21=0,"0",ROUND($C21,9-INT(LOG10(ABS($C21))))&""),$C21&""))))))&""),("La instalacion es para "&IF(ISNUMBER($H21),IF($H21=0,"0",ROUND($H21,9-INT(LOG10(ABS($H21))))&""),$H21&"")&" personas y la brigada tiene "&IF(ISNUMBER($C21),IF($C21=0,"0",ROUND($C21,9-INT(LOG10(ABS($C21))))&""),$C21&""))&""),"")&IF(AND(NOT(($F21="")),NOT(($E21="")),(SUMPRODUCT(1*(((('Reparto de brigadas'!$A$4:$A$31<>""))>0))*((EXACT('Reparto de brigadas'!$G$4:$G$31,$G21)))*((EXACT('Reparto de brigadas'!$E$4:$E$31,$E21)))*((EXACT('Reparto de brigadas'!$F$4:$F$31,$F21)))*((ROW('Reparto de brigadas'!$A$4:$A$31)<>ROW($A21))))>0)),"; "&"Otra brigada usa esta instalacion en ese horario y esa semana","")&IF(AND(NOT(($E21="")),(SUMPRODUCT(1*(((('Reparto de brigadas'!$A$4:$A$31<>""))>0))*((EXACT('Reparto de brigadas'!$G$4:$G$31,$G21)))*((EXACT('Reparto de brigadas'!$E$4:$E$31,$E21)))*((EXACT('Reparto de brigadas'!$D$4:$D$31,$D21)))*((ROW('Reparto de brigadas'!$A$4:$A$31)<>ROW($A21))))>0)),"; "&"Este profesor tiene otra brigada en ese horario y esa semana",""),3,32767)) | K21: =IF(OR(OR(($E21=""),($F21="")),EXACT($I21,"no"),AND(NOT(($F21="")),(IFERROR(VALUE($H21&""),0)<IFERROR(VALUE($C21&""),0))),AND(NOT(($F21="")),NOT(($E21="")),(SUMPRODUCT(1*(((('Reparto de brigadas'!$A$4:$A$31<>""))>0))*((EXACT('Reparto de brigadas'!$G$4:$G$31,$G21)))*((EXACT('Reparto de brigadas'!$E$4:$E$31,$E21)))*((EXACT('Reparto de brigadas'!$F$4:$F$31,$F21)))*((ROW('Reparto de brigadas'!$A$4:$A$31)<>ROW($A21))))>0)),AND(NOT(($E21="")),(SUMPRODUCT(1*(((('Reparto de brigadas'!$A$4:$A$31<>""))>0))*((EXACT('Reparto de brigadas'!$G$4:$G$31,$G21)))*((EXACT('Reparto de brigadas'!$E$4:$E$31,$E21)))*((EXACT('Reparto de brigadas'!$D$4:$D$31,$D21)))*((ROW('Reparto de brigadas'!$A$4:$A$31)<>ROW($A21))))>0))),3,0) | L21: =$G21&CHAR(31)&$F21&CHAR(31)&$E21 | M21: =$D21&CHAR(31)&$E21&CHAR(31)&$G21
G22: =IF(AND($A22=""),"",IF(ISNA(MATCH(1,INDEX(EXACT('Anos de carrera'!$A$4:$A$29,$B22)*1*((('Anos de carrera'!$A$4:$A$29<>""))>0),0),0)),"",IF(ISBLANK(INDEX('Anos de carrera'!$C$4:$C$29,MATCH(1,INDEX(EXACT('Anos de carrera'!$A$4:$A$29,$B22)*1*((('Anos de carrera'!$A$4:$A$29<>""))>0),0),0))),"",INDEX('Anos de carrera'!$C$4:$C$29,MATCH(1,INDEX(EXACT('Anos de carrera'!$A$4:$A$29,$B22)*1*((('Anos de carrera'!$A$4:$A$29<>""))>0),0),0))))) | H22: =IF(AND($A22=""),"",IF(ISNA(MATCH(1,INDEX(EXACT('Instalaciones'!$A$4:$A$27,$F22)*1*((('Instalaciones'!$A$4:$A$27<>""))>0),0),0)),0,IF(ISBLANK(INDEX('Instalaciones'!$B$4:$B$27,MATCH(1,INDEX(EXACT('Instalaciones'!$A$4:$A$27,$F22)*1*((('Instalaciones'!$A$4:$A$27<>""))>0),0),0))),"",INDEX('Instalaciones'!$B$4:$B$27,MATCH(1,INDEX(EXACT('Instalaciones'!$A$4:$A$27,$F22)*1*((('Instalaciones'!$A$4:$A$27<>""))>0),0),0))))) | I22: =IF(AND($A22=""),"",IF(($E22=""),"",IF(EXACT(IF(ISNA(MATCH(1,INDEX(1*((('Horarios disponibles por ano'!$A$4:$A$34<>"")+('Horarios disponibles por ano'!$B$4:$B$34<>""))>0)*(EXACT('Horarios disponibles por ano'!$A$4:$A$34,$B22))*(EXACT('Horarios disponibles por ano'!$B$4:$B$34,$E22)),0),0)),"",IF(ISBLANK(INDEX('Horarios disponibles por ano'!$B$4:$B$34,MATCH(1,INDEX(1*((('Horarios disponibles por ano'!$A$4:$A$34<>"")+('Horarios disponibles por ano'!$B$4:$B$34<>""))>0)*(EXACT('Horarios disponibles por ano'!$A$4:$A$34,$B22))*(EXACT('Horarios disponibles por ano'!$B$4:$B$34,$E22)),0),0))),"",INDEX('Horarios disponibles por ano'!$B$4:$B$34,MATCH(1,INDEX(1*((('Horarios disponibles por ano'!$A$4:$A$34<>"")+('Horarios disponibles por ano'!$B$4:$B$34<>""))>0)*(EXACT('Horarios disponibles por ano'!$A$4:$A$34,$B22))*(EXACT('Horarios disponibles por ano'!$B$4:$B$34,$E22)),0),0)))),""),"no","si"))) | J22: =IF(AND($A22=""),"",MID(IF(OR(($E22=""),($F22="")),"; "&"Esta brigada todavia no tiene clase esta semana","")&IF(EXACT($I22,"no"),"; "&"Su ano no tiene este horario disponible","")&IF(AND(NOT(($F22="")),(IFERROR(VALUE($H22&""),0)<IFERROR(VALUE($C22&""),0))),"; "&IF(ISNUMBER(("La instalacion es para "&IF(ISNUMBER($H22),IF($H22=0,"0",ROUND($H22,9-INT(LOG10(ABS($H22))))&""),$H22&"")&" personas y la brigada tiene "&IF(ISNUMBER($C22),IF($C22=0,"0",ROUND($C22,9-INT(LOG10(ABS($C22))))&""),$C22&""))),IF(("La instalacion es para "&IF(ISNUMBER($H22),IF($H22=0,"0",ROUND($H22,9-INT(LOG10(ABS($H22))))&""),$H22&"")&" personas y la brigada tiene "&IF(ISNUMBER($C22),IF($C22=0,"0",ROUND($C22,9-INT(LOG10(ABS($C22))))&""),$C22&""))=0,"0",ROUND(("La instalacion es para "&IF(ISNUMBER($H22),IF($H22=0,"0",ROUND($H22,9-INT(LOG10(ABS($H22))))&""),$H22&"")&" personas y la brigada tiene "&IF(ISNUMBER($C22),IF($C22=0,"0",ROUND($C22,9-INT(LOG10(ABS($C22))))&""),$C22&"")),9-INT(LOG10(ABS(("La instalacion es para "&IF(ISNUMBER($H22),IF($H22=0,"0",ROUND($H22,9-INT(LOG10(ABS($H22))))&""),$H22&"")&" personas y la brigada tiene "&IF(ISNUMBER($C22),IF($C22=0,"0",ROUND($C22,9-INT(LOG10(ABS($C22))))&""),$C22&""))))))&""),("La instalacion es para "&IF(ISNUMBER($H22),IF($H22=0,"0",ROUND($H22,9-INT(LOG10(ABS($H22))))&""),$H22&"")&" personas y la brigada tiene "&IF(ISNUMBER($C22),IF($C22=0,"0",ROUND($C22,9-INT(LOG10(ABS($C22))))&""),$C22&""))&""),"")&IF(AND(NOT(($F22="")),NOT(($E22="")),(SUMPRODUCT(1*(((('Reparto de brigadas'!$A$4:$A$31<>""))>0))*((EXACT('Reparto de brigadas'!$G$4:$G$31,$G22)))*((EXACT('Reparto de brigadas'!$E$4:$E$31,$E22)))*((EXACT('Reparto de brigadas'!$F$4:$F$31,$F22)))*((ROW('Reparto de brigadas'!$A$4:$A$31)<>ROW($A22))))>0)),"; "&"Otra brigada usa esta instalacion en ese horario y esa semana","")&IF(AND(NOT(($E22="")),(SUMPRODUCT(1*(((('Reparto de brigadas'!$A$4:$A$31<>""))>0))*((EXACT('Reparto de brigadas'!$G$4:$G$31,$G22)))*((EXACT('Reparto de brigadas'!$E$4:$E$31,$E22)))*((EXACT('Reparto de brigadas'!$D$4:$D$31,$D22)))*((ROW('Reparto de brigadas'!$A$4:$A$31)<>ROW($A22))))>0)),"; "&"Este profesor tiene otra brigada en ese horario y esa semana",""),3,32767)) | K22: =IF(OR(OR(($E22=""),($F22="")),EXACT($I22,"no"),AND(NOT(($F22="")),(IFERROR(VALUE($H22&""),0)<IFERROR(VALUE($C22&""),0))),AND(NOT(($F22="")),NOT(($E22="")),(SUMPRODUCT(1*(((('Reparto de brigadas'!$A$4:$A$31<>""))>0))*((EXACT('Reparto de brigadas'!$G$4:$G$31,$G22)))*((EXACT('Reparto de brigadas'!$E$4:$E$31,$E22)))*((EXACT('Reparto de brigadas'!$F$4:$F$31,$F22)))*((ROW('Reparto de brigadas'!$A$4:$A$31)<>ROW($A22))))>0)),AND(NOT(($E22="")),(SUMPRODUCT(1*(((('Reparto de brigadas'!$A$4:$A$31<>""))>0))*((EXACT('Reparto de brigadas'!$G$4:$G$31,$G22)))*((EXACT('Reparto de brigadas'!$E$4:$E$31,$E22)))*((EXACT('Reparto de brigadas'!$D$4:$D$31,$D22)))*((ROW('Reparto de brigadas'!$A$4:$A$31)<>ROW($A22))))>0))),3,0) | L22: =$G22&CHAR(31)&$F22&CHAR(31)&$E22 | M22: =$D22&CHAR(31)&$E22&CHAR(31)&$G22
G23: =IF(AND($A23=""),"",IF(ISNA(MATCH(1,INDEX(EXACT('Anos de carrera'!$A$4:$A$29,$B23)*1*((('Anos de carrera'!$A$4:$A$29<>""))>0),0),0)),"",IF(ISBLANK(INDEX('Anos de carrera'!$C$4:$C$29,MATCH(1,INDEX(EXACT('Anos de carrera'!$A$4:$A$29,$B23)*1*((('Anos de carrera'!$A$4:$A$29<>""))>0),0),0))),"",INDEX('Anos de carrera'!$C$4:$C$29,MATCH(1,INDEX(EXACT('Anos de carrera'!$A$4:$A$29,$B23)*1*((('Anos de carrera'!$A$4:$A$29<>""))>0),0),0))))) | H23: =IF(AND($A23=""),"",IF(ISNA(MATCH(1,INDEX(EXACT('Instalaciones'!$A$4:$A$27,$F23)*1*((('Instalaciones'!$A$4:$A$27<>""))>0),0),0)),0,IF(ISBLANK(INDEX('Instalaciones'!$B$4:$B$27,MATCH(1,INDEX(EXACT('Instalaciones'!$A$4:$A$27,$F23)*1*((('Instalaciones'!$A$4:$A$27<>""))>0),0),0))),"",INDEX('Instalaciones'!$B$4:$B$27,MATCH(1,INDEX(EXACT('Instalaciones'!$A$4:$A$27,$F23)*1*((('Instalaciones'!$A$4:$A$27<>""))>0),0),0))))) | I23: =IF(AND($A23=""),"",IF(($E23=""),"",IF(EXACT(IF(ISNA(MATCH(1,INDEX(1*((('Horarios disponibles por ano'!$A$4:$A$34<>"")+('Horarios disponibles por ano'!$B$4:$B$34<>""))>0)*(EXACT('Horarios disponibles por ano'!$A$4:$A$34,$B23))*(EXACT('Horarios disponibles por ano'!$B$4:$B$34,$E23)),0),0)),"",IF(ISBLANK(INDEX('Horarios disponibles por ano'!$B$4:$B$34,MATCH(1,INDEX(1*((('Horarios disponibles por ano'!$A$4:$A$34<>"")+('Horarios disponibles por ano'!$B$4:$B$34<>""))>0)*(EXACT('Horarios disponibles por ano'!$A$4:$A$34,$B23))*(EXACT('Horarios disponibles por ano'!$B$4:$B$34,$E23)),0),0))),"",INDEX('Horarios disponibles por ano'!$B$4:$B$34,MATCH(1,INDEX(1*((('Horarios disponibles por ano'!$A$4:$A$34<>"")+('Horarios disponibles por ano'!$B$4:$B$34<>""))>0)*(EXACT('Horarios disponibles por ano'!$A$4:$A$34,$B23))*(EXACT('Horarios disponibles por ano'!$B$4:$B$34,$E23)),0),0)))),""),"no","si"))) | J23: =IF(AND($A23=""),"",MID(IF(OR(($E23=""),($F23="")),"; "&"Esta brigada todavia no tiene clase esta semana","")&IF(EXACT($I23,"no"),"; "&"Su ano no tiene este horario disponible","")&IF(AND(NOT(($F23="")),(IFERROR(VALUE($H23&""),0)<IFERROR(VALUE($C23&""),0))),"; "&IF(ISNUMBER(("La instalacion es para "&IF(ISNUMBER($H23),IF($H23=0,"0",ROUND($H23,9-INT(LOG10(ABS($H23))))&""),$H23&"")&" personas y la brigada tiene "&IF(ISNUMBER($C23),IF($C23=0,"0",ROUND($C23,9-INT(LOG10(ABS($C23))))&""),$C23&""))),IF(("La instalacion es para "&IF(ISNUMBER($H23),IF($H23=0,"0",ROUND($H23,9-INT(LOG10(ABS($H23))))&""),$H23&"")&" personas y la brigada tiene "&IF(ISNUMBER($C23),IF($C23=0,"0",ROUND($C23,9-INT(LOG10(ABS($C23))))&""),$C23&""))=0,"0",ROUND(("La instalacion es para "&IF(ISNUMBER($H23),IF($H23=0,"0",ROUND($H23,9-INT(LOG10(ABS($H23))))&""),$H23&"")&" personas y la brigada tiene "&IF(ISNUMBER($C23),IF($C23=0,"0",ROUND($C23,9-INT(LOG10(ABS($C23))))&""),$C23&"")),9-INT(LOG10(ABS(("La instalacion es para "&IF(ISNUMBER($H23),IF($H23=0,"0",ROUND($H23,9-INT(LOG10(ABS($H23))))&""),$H23&"")&" personas y la brigada tiene "&IF(ISNUMBER($C23),IF($C23=0,"0",ROUND($C23,9-INT(LOG10(ABS($C23))))&""),$C23&""))))))&""),("La instalacion es para "&IF(ISNUMBER($H23),IF($H23=0,"0",ROUND($H23,9-INT(LOG10(ABS($H23))))&""),$H23&"")&" personas y la brigada tiene "&IF(ISNUMBER($C23),IF($C23=0,"0",ROUND($C23,9-INT(LOG10(ABS($C23))))&""),$C23&""))&""),"")&IF(AND(NOT(($F23="")),NOT(($E23="")),(SUMPRODUCT(1*(((('Reparto de brigadas'!$A$4:$A$31<>""))>0))*((EXACT('Reparto de brigadas'!$G$4:$G$31,$G23)))*((EXACT('Reparto de brigadas'!$E$4:$E$31,$E23)))*((EXACT('Reparto de brigadas'!$F$4:$F$31,$F23)))*((ROW('Reparto de brigadas'!$A$4:$A$31)<>ROW($A23))))>0)),"; "&"Otra brigada usa esta instalacion en ese horario y esa semana","")&IF(AND(NOT(($E23="")),(SUMPRODUCT(1*(((('Reparto de brigadas'!$A$4:$A$31<>""))>0))*((EXACT('Reparto de brigadas'!$G$4:$G$31,$G23)))*((EXACT('Reparto de brigadas'!$E$4:$E$31,$E23)))*((EXACT('Reparto de brigadas'!$D$4:$D$31,$D23)))*((ROW('Reparto de brigadas'!$A$4:$A$31)<>ROW($A23))))>0)),"; "&"Este profesor tiene otra brigada en ese horario y esa semana",""),3,32767)) | K23: =IF(OR(OR(($E23=""),($F23="")),EXACT($I23,"no"),AND(NOT(($F23="")),(IFERROR(VALUE($H23&""),0)<IFERROR(VALUE($C23&""),0))),AND(NOT(($F23="")),NOT(($E23="")),(SUMPRODUCT(1*(((('Reparto de brigadas'!$A$4:$A$31<>""))>0))*((EXACT('Reparto de brigadas'!$G$4:$G$31,$G23)))*((EXACT('Reparto de brigadas'!$E$4:$E$31,$E23)))*((EXACT('Reparto de brigadas'!$F$4:$F$31,$F23)))*((ROW('Reparto de brigadas'!$A$4:$A$31)<>ROW($A23))))>0)),AND(NOT(($E23="")),(SUMPRODUCT(1*(((('Reparto de brigadas'!$A$4:$A$31<>""))>0))*((EXACT('Reparto de brigadas'!$G$4:$G$31,$G23)))*((EXACT('Reparto de brigadas'!$E$4:$E$31,$E23)))*((EXACT('Reparto de brigadas'!$D$4:$D$31,$D23)))*((ROW('Reparto de brigadas'!$A$4:$A$31)<>ROW($A23))))>0))),3,0) | L23: =$G23&CHAR(31)&$F23&CHAR(31)&$E23 | M23: =$D23&CHAR(31)&$E23&CHAR(31)&$G23
... G31: =IF(AND($A31=""),"",IF(ISNA(MATCH(1,INDEX(EXACT('Anos de carrera'!$A$4:$A$29,$B31)*1*((('Anos de carrera'!$A$4:$A$29<>""))>0),0),0)),"",IF(ISBLANK(INDEX('Anos de carrera'!$C$4:$C$29,MATCH(1,INDEX(EXACT('Anos de carrera'!$A$4:$A$29,$B31)*1*((('Anos de carrera'!$A$4:$A$29<>""))>0),0),0))),"",INDEX('Anos de carrera'!$C$4:$C$29,MATCH(1,INDEX(EXACT('Anos de carrera'!$A$4:$A$29,$B31)*1*((('Anos de carrera'!$A$4:$A$29<>""))>0),0),0))))) | H31: =IF(AND($A31=""),"",IF(ISNA(MATCH(1,INDEX(EXACT('Instalaciones'!$A$4:$A$27,$F31)*1*((('Instalaciones'!$A$4:$A$27<>""))>0),0),0)),0,IF(ISBLANK(INDEX('Instalaciones'!$B$4:$B$27,MATCH(1,INDEX(EXACT('Instalaciones'!$A$4:$A$27,$F31)*1*((('Instalaciones'!$A$4:$A$27<>""))>0),0),0))),"",INDEX('Instalaciones'!$B$4:$B$27,MATCH(1,INDEX(EXACT('Instalaciones'!$A$4:$A$27,$F31)*1*((('Instalaciones'!$A$4:$A$27<>""))>0),0),0))))) | I31: =IF(AND($A31=""),"",IF(($E31=""),"",IF(EXACT(IF(ISNA(MATCH(1,INDEX(1*((('Horarios disponibles por ano'!$A$4:$A$34<>"")+('Horarios disponibles por ano'!$B$4:$B$34<>""))>0)*(EXACT('Horarios disponibles por ano'!$A$4:$A$34,$B31))*(EXACT('Horarios disponibles por ano'!$B$4:$B$34,$E31)),0),0)),"",IF(ISBLANK(INDEX('Horarios disponibles por ano'!$B$4:$B$34,MATCH(1,INDEX(1*((('Horarios disponibles por ano'!$A$4:$A$34<>"")+('Horarios disponibles por ano'!$B$4:$B$34<>""))>0)*(EXACT('Horarios disponibles por ano'!$A$4:$A$34,$B31))*(EXACT('Horarios disponibles por ano'!$B$4:$B$34,$E31)),0),0))),"",INDEX('Horarios disponibles por ano'!$B$4:$B$34,MATCH(1,INDEX(1*((('Horarios disponibles por ano'!$A$4:$A$34<>"")+('Horarios disponibles por ano'!$B$4:$B$34<>""))>0)*(EXACT('Horarios disponibles por ano'!$A$4:$A$34,$B31))*(EXACT('Horarios disponibles por ano'!$B$4:$B$34,$E31)),0),0)))),""),"no","si"))) | J31: =IF(AND($A31=""),"",MID(IF(OR(($E31=""),($F31="")),"; "&"Esta brigada todavia no tiene clase esta semana","")&IF(EXACT($I31,"no"),"; "&"Su ano no tiene este horario disponible","")&IF(AND(NOT(($F31="")),(IFERROR(VALUE($H31&""),0)<IFERROR(VALUE($C31&""),0))),"; "&IF(ISNUMBER(("La instalacion es para "&IF(ISNUMBER($H31),IF($H31=0,"0",ROUND($H31,9-INT(LOG10(ABS($H31))))&""),$H31&"")&" personas y la brigada tiene "&IF(ISNUMBER($C31),IF($C31=0,"0",ROUND($C31,9-INT(LOG10(ABS($C31))))&""),$C31&""))),IF(("La instalacion es para "&IF(ISNUMBER($H31),IF($H31=0,"0",ROUND($H31,9-INT(LOG10(ABS($H31))))&""),$H31&"")&" personas y la brigada tiene "&IF(ISNUMBER($C31),IF($C31=0,"0",ROUND($C31,9-INT(LOG10(ABS($C31))))&""),$C31&""))=0,"0",ROUND(("La instalacion es para "&IF(ISNUMBER($H31),IF($H31=0,"0",ROUND($H31,9-INT(LOG10(ABS($H31))))&""),$H31&"")&" personas y la brigada tiene "&IF(ISNUMBER($C31),IF($C31=0,"0",ROUND($C31,9-INT(LOG10(ABS($C31))))&""),$C31&"")),9-INT(LOG10(ABS(("La instalacion es para "&IF(ISNUMBER($H31),IF($H31=0,"0",ROUND($H31,9-INT(LOG10(ABS($H31))))&""),$H31&"")&" personas y la brigada tiene "&IF(ISNUMBER($C31),IF($C31=0,"0",ROUND($C31,9-INT(LOG10(ABS($C31))))&""),$C31&""))))))&""),("La instalacion es para "&IF(ISNUMBER($H31),IF($H31=0,"0",ROUND($H31,9-INT(LOG10(ABS($H31))))&""),$H31&"")&" personas y la brigada tiene "&IF(ISNUMBER($C31),IF($C31=0,"0",ROUND($C31,9-INT(LOG10(ABS($C31))))&""),$C31&""))&""),"")&IF(AND(NOT(($F31="")),NOT(($E31="")),(SUMPRODUCT(1*(((('Reparto de brigadas'!$A$4:$A$31<>""))>0))*((EXACT('Reparto de brigadas'!$G$4:$G$31,$G31)))*((EXACT('Reparto de brigadas'!$E$4:$E$31,$E31)))*((EXACT('Reparto de brigadas'!$F$4:$F$31,$F31)))*((ROW('Reparto de brigadas'!$A$4:$A$31)<>ROW($A31))))>0)),"; "&"Otra brigada usa esta instalacion en ese horario y esa semana","")&IF(AND(NOT(($E31="")),(SUMPRODUCT(1*(((('Reparto de brigadas'!$A$4:$A$31<>""))>0))*((EXACT('Reparto de brigadas'!$G$4:$G$31,$G31)))*((EXACT('Reparto de brigadas'!$E$4:$E$31,$E31)))*((EXACT('Reparto de brigadas'!$D$4:$D$31,$D31)))*((ROW('Reparto de brigadas'!$A$4:$A$31)<>ROW($A31))))>0)),"; "&"Este profesor tiene otra brigada en ese horario y esa semana",""),3,32767)) | K31: =IF(OR(OR(($E31=""),($F31="")),EXACT($I31,"no"),AND(NOT(($F31="")),(IFERROR(VALUE($H31&""),0)<IFERROR(VALUE($C31&""),0))),AND(NOT(($F31="")),NOT(($E31="")),(SUMPRODUCT(1*(((('Reparto de brigadas'!$A$4:$A$31<>""))>0))*((EXACT('Reparto de brigadas'!$G$4:$G$31,$G31)))*((EXACT('Reparto de brigadas'!$E$4:$E$31,$E31)))*((EXACT('Reparto de brigadas'!$F$4:$F$31,$F31)))*((ROW('Reparto de brigadas'!$A$4:$A$31)<>ROW($A31))))>0)),AND(NOT(($E31="")),(SUMPRODUCT(1*(((('Reparto de brigadas'!$A$4:$A$31<>""))>0))*((EXACT('Reparto de brigadas'!$G$4:$G$31,$G31)))*((EXACT('Reparto de brigadas'!$E$4:$E$31,$E31)))*((EXACT('Reparto de brigadas'!$D$4:$D$31,$D31)))*((ROW('Reparto de brigadas'!$A$4:$A$31)<>ROW($A31))))>0))),3,0) | L31: =$G31&CHAR(31)&$F31&CHAR(31)&$E31 | M31: =$D31&CHAR(31)&$E31&CHAR(31)&$G31
A33: Leyenda
B34: Esta brigada todavia no tiene clase esta semana
B35: Su ano no tiene este horario disponible
B36: instalacion pequena
B37: Otra brigada usa esta instalacion en ese horario y esa semana
B38: Este profesor tiene otra brigada en ese horario y esa semana

Sheet Instalaciones
A1: Instalaciones
A3: Instalacion | B3: Capacidad | C3: Brigadas | D3: La que menos tiene | E3: Estado | F3: (nivel de las marcas)
A4: Pista 1 | B4: 40 | C4: =IF(AND($A4=""),"",SUMPRODUCT(1*(((('Reparto de brigadas'!$A$4:$A$31<>""))>0))*((EXACT('Reparto de brigadas'!$F$4:$F$31,$A4))))) | D4: =IF(AND($A4=""),"",IF(SUMPRODUCT(1*(((('Instalaciones'!$A$4:$A$27<>""))>0)))=0,"",SUMPRODUCT(MIN(IFERROR(VALUE('Instalaciones'!$C$4:$C$27&""),0)+(1-(1*(((('Instalaciones'!$A$4:$A$27<>""))>0))))*1E+300)))) | E4: =IF(AND($A4=""),"",MID(IF((IFERROR(VALUE($C4&""),0)>IFERROR(VALUE((IFERROR(VALUE($D4&""),0)+1)&""),0)),"; "&IF(ISNUMBER(("Tiene "&IF(ISNUMBER($C4),IF($C4=0,"0",ROUND($C4,9-INT(LOG10(ABS($C4))))&""),$C4&"")&" brigadas y otra tiene "&IF(ISNUMBER($D4),IF($D4=0,"0",ROUND($D4,9-INT(LOG10(ABS($D4))))&""),$D4&""))),IF(("Tiene "&IF(ISNUMBER($C4),IF($C4=0,"0",ROUND($C4,9-INT(LOG10(ABS($C4))))&""),$C4&"")&" brigadas y otra tiene "&IF(ISNUMBER($D4),IF($D4=0,"0",ROUND($D4,9-INT(LOG10(ABS($D4))))&""),$D4&""))=0,"0",ROUND(("Tiene "&IF(ISNUMBER($C4),IF($C4=0,"0",ROUND($C4,9-INT(LOG10(ABS($C4))))&""),$C4&"")&" brigadas y otra tiene "&IF(ISNUMBER($D4),IF($D4=0,"0",ROUND($D4,9-INT(LOG10(ABS($D4))))&""),$D4&"")),9-INT(LOG10(ABS(("Tiene "&IF(ISNUMBER($C4),IF($C4=0,"0",ROUND($C4,9-INT(LOG10(ABS($C4))))&""),$C4&"")&" brigadas y otra tiene "&IF(ISNUMBER($D4),IF($D4=0,"0",ROUND($D4,9-INT(LOG10(ABS($D4))))&""),$D4&""))))))&""),("Tiene "&IF(ISNUMBER($C4),IF($C4=0,"0",ROUND($C4,9-INT(LOG10(ABS($C4))))&""),$C4&"")&" brigadas y otra tiene "&IF(ISNUMBER($D4),IF($D4=0,"0",ROUND($D4,9-INT(LOG10(ABS($D4))))&""),$D4&""))&""),""),3,32767)) | F4: =IF(OR((IFERROR(VALUE($C4&""),0)>IFERROR(VALUE((IFERROR(VALUE($D4&""),0)+1)&""),0))),2,0)
